event_id,symbol,window_x,window_y,start_idx,end_idx,rv_rank,secondary_shock_within,time_to_secondary_shock,realized_vol_mean,range_expansion
vsr_v1_BTCUSDT_000001,BTCUSDT,0,48,120323,120371,0.2328340733355746,0,,0.001483834929538242,0.013694125451800382
vsr_v1_BTCUSDT_000001,BTCUSDT,0,96,115858,115954,0.23247469887898356,0,,0.0015887631086031005,0.032407424556152795
vsr_v1_BTCUSDT_000001,BTCUSDT,24,96,13206,13278,0.21852285505616675,0,,0.0011728983413719564,0.010582103898623445
vsr_v1_BTCUSDT_000001,BTCUSDT,48,144,100724,100820,0.19816023463674198,0,,0.0011879023975611093,0.027896132334318324
vsr_v1_BTCUSDT_000002,BTCUSDT,0,48,154592,154640,0.10332885081322962,0,,0.002199156069924474,0.024739794287515816
vsr_v1_BTCUSDT_000002,BTCUSDT,0,96,180088,180184,0.10379545797057767,0,,0.0019679203557446735,0.028667355150926072
vsr_v1_BTCUSDT_000002,BTCUSDT,24,96,3638,3710,0.10788479150485156,0,,0.0011626629318973666,0.03199130411728838
vsr_v1_BTCUSDT_000002,BTCUSDT,48,144,180138,180234,0.10379545797057767,0,,0.0019180099000888377,0.02814631017487003
vsr_v1_BTCUSDT_000003,BTCUSDT,0,48,179424,179472,0.1464450910608502,0,,0.0024119468321446465,0.03725685940476676
vsr_v1_BTCUSDT_000003,BTCUSDT,0,96,165809,165905,0.1459813820846037,0,,0.0007319302622676867,0.009146167382130196
vsr_v1_BTCUSDT_000003,BTCUSDT,24,96,171979,172051,0.24254298002573585,0,,0.001225511763047725,0.01933740738967864
vsr_v1_BTCUSDT_000003,BTCUSDT,48,144,138441,138537,0.27227831812754316,0,,0.0020472906722262267,0.04402243998874073
vsr_v1_BTCUSDT_000004,BTCUSDT,0,48,12832,12880,0.13907501651963228,0,,0.00210501314908183,0.02765775942762267
vsr_v1_BTCUSDT_000004,BTCUSDT,0,96,94849,94945,0.13893880200785988,1,58.0,0.0021482751537997063,0.03838372691826672
vsr_v1_BTCUSDT_000004,BTCUSDT,24,96,13394,13466,0.1290791899004185,0,,0.0008488202184219571,0.012177630973711053
vsr_v1_BTCUSDT_000004,BTCUSDT,48,144,179039,179135,0.11105250344883551,1,86.0,0.0019454311364119153,0.06355940967572815
vsr_v1_BTCUSDT_000005,BTCUSDT,0,48,110772,110820,0.023863623190085902,0,,0.00031398343963753264,0.0036417896210698417
vsr_v1_BTCUSDT_000005,BTCUSDT,0,96,3424,3520,0.02395056862313212,0,,0.0013517820050429996,0.01713863981327452
vsr_v1_BTCUSDT_000005,BTCUSDT,24,96,115618,115690,0.03462167143900488,1,44.0,0.00201762801081877,0.029462491376465973
vsr_v1_BTCUSDT_000005,BTCUSDT,48,144,178145,178241,0.03150612675484866,0,,0.0013376101130222419,0.020352255233523617
vsr_v1_BTCUSDT_000006,BTCUSDT,0,48,178458,178506,0.14336142636881094,0,,0.000930717159624357,0.012047500688402586
vsr_v1_BTCUSDT_000006,BTCUSDT,0,96,109316,109412,0.14311218279407845,0,,0.0014579047514592372,0.04276371871290669
vsr_v1_BTCUSDT_000006,BTCUSDT,24,96,181116,181151,0.19556056618866,0,,0.0017365163407109118,0.02946299389991182
vsr_v1_BTCUSDT_000006,BTCUSDT,48,144,11941,12037,0.23866521371187444,0,,0.0008225541309236909,0.013142813696885686
vsr_v1_BTCUSDT_000007,BTCUSDT,0,48,25384,25432,0.824106490766395,0,,0.004949874979601259,0.04272758655072452
vsr_v1_BTCUSDT_000007,BTCUSDT,0,96,51561,51657,0.8239383962625056,0,,0.002560298166282806,0.042540073458584564
vsr_v1_BTCUSDT_000007,BTCUSDT,24,96,53049,53121,0.862298721322498,0,,0.004417491990945682,0.0372142903103574
vsr_v1_BTCUSDT_000007,BTCUSDT,48,144,45964,46060,0.8626291139680736,0,,0.003822670163893681,0.04863539199834416
vsr_v1_BTCUSDT_000008,BTCUSDT,0,48,56638,56686,0.7134829181205875,0,,0.0018901046806588991,0.024062272881608004
vsr_v1_BTCUSDT_000008,BTCUSDT,0,96,162984,163080,0.7133206199789013,0,,0.0031003402759422856,0.045487823894300124
vsr_v1_BTCUSDT_000008,BTCUSDT,24,96,97523,97595,0.7239685373459617,1,66.0,0.004784715882515244,0.10571844837006013
vsr_v1_BTCUSDT_000008,BTCUSDT,48,144,74568,74664,0.7443108704976756,0,,0.003992722305031409,0.09830004919778944
vsr_v1_BTCUSDT_000009,BTCUSDT,0,48,158516,158564,0.5137026002480843,0,,0.001550342832032252,0.018922364288334357
vsr_v1_BTCUSDT_000009,BTCUSDT,0,96,19126,19222,0.5133751057836102,1,16.0,0.006773585038370857,0.0869884552707927
vsr_v1_BTCUSDT_000009,BTCUSDT,24,96,145383,145455,0.45016577595900814,0,,0.0026468836582324603,0.04917321506050233
vsr_v1_BTCUSDT_000009,BTCUSDT,48,144,124912,125008,0.42213746652600825,0,,0.0015178708647539613,0.03286654109682533
vsr_v1_BTCUSDT_000010,BTCUSDT,0,48,174269,174317,0.5557725971180487,0,,0.003146962917038369,0.03521871548892235
vsr_v1_BTCUSDT_000010,BTCUSDT,0,96,78288,78384,0.5558160698345718,0,,0.0016777585865374687,0.03557179164302751
vsr_v1_BTCUSDT_000010,BTCUSDT,24,96,57433,57505,0.6144636626053489,0,,0.002828669651738778,0.07710705743761825
vsr_v1_BTCUSDT_000010,BTCUSDT,48,144,134037,134133,0.6334960178991664,0,,0.0019837929815729473,0.02826773693499228
vsr_v1_BTCUSDT_000011,BTCUSDT,0,48,126708,126756,0.7836073080534657,0,,0.002684101815858967,0.01957641325199171
vsr_v1_BTCUSDT_000011,BTCUSDT,0,96,54245,54341,0.7835000753527086,0,,0.002658126060023682,0.0414751899475268
vsr_v1_BTCUSDT_000011,BTCUSDT,24,96,143711,143783,0.8214546550584853,0,,0.0019440383601006866,0.032429229077916746
vsr_v1_BTCUSDT_000011,BTCUSDT,48,144,41505,41601,0.8366672076604723,0,,0.004263467463080003,0.06816127195004959
vsr_v1_BTCUSDT_000012,BTCUSDT,0,48,143385,143433,0.23772330485387372,1,48.0,0.002338475546031861,0.050382005574813635
vsr_v1_BTCUSDT_000012,BTCUSDT,0,96,125228,125324,0.23740160675160268,0,,0.0022064861179180426,0.026010409720678702
vsr_v1_BTCUSDT_000012,BTCUSDT,24,96,121162,121234,0.23621335249997102,0,,0.0022714589091617212,0.06994124055248568
vsr_v1_BTCUSDT_000012,BTCUSDT,48,144,1746,1842,0.2497072837087444,0,,0.0016220304426196978,0.02103988561172394
vsr_v1_BTCUSDT_000013,BTCUSDT,0,48,180920,180968,0.09087536661990935,0,,0.001632609490592151,0.014264778467964943
vsr_v1_BTCUSDT_000013,BTCUSDT,0,96,118053,118149,0.09128111197412504,0,,0.0009696256613485205,0.016686754654548965
vsr_v1_BTCUSDT_000013,BTCUSDT,24,96,180951,181023,0.09814980118477644,0,,0.001369564732985098,0.013129162409797569
vsr_v1_BTCUSDT_000013,BTCUSDT,48,144,153888,153984,0.10007419343619944,0,,0.0019698266749712968,0.039061177665356564
vsr_v1_BTCUSDT_000014,BTCUSDT,0,48,104031,104079,0.10479822863171073,0,,0.0011610898397715237,0.014400801900801955
vsr_v1_BTCUSDT_000014,BTCUSDT,0,96,153833,153929,0.10514021400169254,0,,0.0013734230525352207,0.02090524078305477
vsr_v1_BTCUSDT_000014,BTCUSDT,24,96,119630,119702,0.12992545878206838,0,,0.0021065721926857572,0.024445798979820903
vsr_v1_BTCUSDT_000014,BTCUSDT,48,144,109863,109959,0.16435585026837157,0,,0.0014467992333181275,0.03137306639401038
vsr_v1_BTCUSDT_000015,BTCUSDT,0,48,2482,2530,0.43750941908858,0,,0.0014045817267799585,0.01161173591048132
vsr_v1_BTCUSDT_000015,BTCUSDT,0,96,154166,154262,0.43719061916741053,0,,0.002004088234474856,0.03780186690755801
vsr_v1_BTCUSDT_000015,BTCUSDT,24,96,144966,145038,0.539119648508596,0,,0.0012448870302762519,0.02240845792923331
vsr_v1_BTCUSDT_000015,BTCUSDT,48,144,170676,170772,0.596984732381957,0,,0.002901740657470639,0.033059904051761235
vsr_v1_BTCUSDT_000016,BTCUSDT,0,48,147033,147081,0.7840623224864075,0,,0.0016956704754940478,0.0141495727060191
vsr_v1_BTCUSDT_000016,BTCUSDT,0,96,47486,47582,0.784772376856285,0,,0.002696559902443186,0.03571513724527632
vsr_v1_BTCUSDT_000016,BTCUSDT,24,96,32512,32584,0.8304506091976676,0,,0.0036037589202635454,0.029652957035706255
vsr_v1_BTCUSDT_000016,BTCUSDT,48,144,44844,44940,0.8456399763508422,0,,0.0023409655702349174,0.02774428623737288
vsr_v1_BTCUSDT_000017,BTCUSDT,0,48,52959,53007,0.8695818504306697,0,,0.0043060982150494725,0.04060234209542789
vsr_v1_BTCUSDT_000017,BTCUSDT,0,96,52954,53050,0.8695818504306697,0,,0.003670475851631127,0.05205286371117968
vsr_v1_BTCUSDT_000017,BTCUSDT,24,96,41873,41945,0.8841654977336224,0,,0.002096689709639542,0.028553808188780342
vsr_v1_BTCUSDT_000017,BTCUSDT,48,144,37983,38079,0.9011227553587369,0,,0.0037167889492477073,0.038541205958272436
vsr_v1_BTCUSDT_000018,BTCUSDT,0,48,29599,29647,0.4950904812139901,0,,0.002336055541940847,0.0449648484662299
vsr_v1_BTCUSDT_000018,BTCUSDT,0,96,150799,150895,0.4954614483949873,0,,0.002600590050924316,0.07330494497256122
vsr_v1_BTCUSDT_000018,BTCUSDT,24,96,125547,125619,0.5017273159365182,0,,0.0015884162979858999,0.02238100959556338
vsr_v1_BTCUSDT_000018,BTCUSDT,48,144,156012,156108,0.5206756239783912,0,,0.00451333889633585,0.055884157202218565
vsr_v1_BTCUSDT_000019,BTCUSDT,0,48,166920,166968,0.8951322150218523,0,,0.00312950458832439,0.04427634410530472
vsr_v1_BTCUSDT_000019,BTCUSDT,0,96,156424,156520,0.8949090550770337,0,,0.0019927346127190737,0.024629112925030075
vsr_v1_BTCUSDT_000019,BTCUSDT,24,96,46059,46131,0.9183698310940054,0,,0.004642197263535568,0.1002941058065209
vsr_v1_BTCUSDT_000019,BTCUSDT,48,144,26516,26612,0.9479805474084465,0,,0.005647750909438311,0.09008431410016504
vsr_v1_BTCUSDT_000020,BTCUSDT,0,48,58091,58139,0.9192334890622645,0,,0.0037391761829206832,0.04801933808562179
vsr_v1_BTCUSDT_000020,BTCUSDT,0,96,20282,20378,0.9193262308575139,0,,0.004007532144653682,0.09138463722781041
vsr_v1_BTCUSDT_000020,BTCUSDT,24,96,132111,132183,0.9297857664529741,0,,0.0035874309938091586,0.06264216400202921
vsr_v1_BTCUSDT_000020,BTCUSDT,48,144,20264,20360,0.9101969603876607,0,,0.003873080620428677,0.07311628773760726
vsr_v1_BTCUSDT_000021,BTCUSDT,0,48,133521,133569,0.8981811015406731,0,,0.0025775149658149622,0.040768912760877164
vsr_v1_BTCUSDT_000021,BTCUSDT,0,96,28814,28910,0.8979956179501745,0,,0.0026225489545290835,0.033854114050851876
vsr_v1_BTCUSDT_000021,BTCUSDT,24,96,133077,133149,0.899462097587554,0,,0.0029498320097968997,0.03548002904865633
vsr_v1_BTCUSDT_000021,BTCUSDT,48,144,41681,41777,0.9045194236097426,0,,0.004107604880643672,0.08227374340184092
vsr_v1_BTCUSDT_000022,BTCUSDT,0,48,34442,34490,0.994302175954371,0,,0.004607342015747652,0.09609210491340427
vsr_v1_BTCUSDT_000022,BTCUSDT,0,96,25828,25924,0.995116564843904,0,,0.005691312657147378,0.12106194098930269
vsr_v1_BTCUSDT_000022,BTCUSDT,24,96,21667,21739,0.9964120517962927,0,,0.009402568396369335,0.09035333495875449
vsr_v1_BTCUSDT_000022,BTCUSDT,48,144,34227,34323,0.9980350332131555,0,,0.011302813261452348,0.22109477464586616
vsr_v1_BTCUSDT_000023,BTCUSDT,0,48,22676,22724,0.9870857050115348,0,,0.0057444400542297925,0.06449564253243838
vsr_v1_BTCUSDT_000023,BTCUSDT,0,96,71412,71508,0.9865698287754605,0,,0.008789419511866197,0.10639178257844788
vsr_v1_BTCUSDT_000023,BTCUSDT,24,96,23382,23454,0.9875349230822735,0,,0.003985486609644305,0.03777951800858254
vsr_v1_BTCUSDT_000023,BTCUSDT,48,144,33805,33901,0.9868538505234115,1,39.0,0.018153307895370212,0.3025893568182883
vsr_v1_BTCUSDT_000024,BTCUSDT,0,48,40657,40705,0.9403728220169022,0,,0.0025339365957380796,0.026053685191247154
vsr_v1_BTCUSDT_000024,BTCUSDT,0,96,57672,57768,0.9400511239146312,0,,0.004039715924184403,0.05528282957155127
vsr_v1_BTCUSDT_000024,BTCUSDT,24,96,33305,33377,0.9452214789997797,0,,0.004912199545331343,0.06250448127223174
vsr_v1_BTCUSDT_000024,BTCUSDT,48,144,23096,23192,0.9505396413211069,0,,0.007014170466821305,0.09780976115361056
vsr_v1_BTCUSDT_000025,BTCUSDT,0,48,28342,28390,0.8219125676725287,0,,0.004201040149149736,0.05337954472501002
vsr_v1_BTCUSDT_000025,BTCUSDT,0,96,42733,42829,0.8222632475858151,0,,0.0027215870797904196,0.05883539930566999
vsr_v1_BTCUSDT_000025,BTCUSDT,24,96,52871,52943,0.8439329476820348,1,45.0,0.008598700176216325,0.2599937197960533
vsr_v1_BTCUSDT_000025,BTCUSDT,48,144,51388,51484,0.8431330496980095,0,,0.003831269428750543,0.07358492240641183
vsr_v1_BTCUSDT_000026,BTCUSDT,0,48,24231,24279,0.9300987700119405,1,12.0,0.010444431999088523,0.1573836466901283
vsr_v1_BTCUSDT_000026,BTCUSDT,0,96,131417,131513,0.9302002063504944,0,,0.0030466499441475768,0.040551736785399646
vsr_v1_BTCUSDT_000026,BTCUSDT,24,96,33294,33366,0.948835510833401,0,,0.005756095125087972,0.052531980617930234
vsr_v1_BTCUSDT_000026,BTCUSDT,48,144,72302,72398,0.9493166088962567,0,,0.0032004564293029577,0.03940685802624278
vsr_v1_BTCUSDT_000027,BTCUSDT,0,48,21823,21871,0.9966149244734005,0,,0.006266378456106404,0.06353007322175731
vsr_v1_BTCUSDT_000027,BTCUSDT,0,96,68248,68344,0.9957454701429382,0,,0.00490631352160037,0.0961139751204751
vsr_v1_BTCUSDT_000027,BTCUSDT,24,96,21842,21914,0.9970699389063424,0,,0.005534076609048588,0.06696644783130061
vsr_v1_BTCUSDT_000027,BTCUSDT,48,144,34061,34157,0.998536418543722,0,,0.010487837961020156,0.15124025364385535
vsr_v1_BTCUSDT_000028,BTCUSDT,0,48,42652,42700,0.8004225548046047,0,,0.003110305795237914,0.05912085137619954
vsr_v1_BTCUSDT_000028,BTCUSDT,0,96,137372,137468,0.7998690022142103,0,,0.0028145089061861373,0.04629152439539385
vsr_v1_BTCUSDT_000028,BTCUSDT,24,96,27048,27120,0.8383974217780921,0,,0.0038787810521101027,0.05245541984639406
vsr_v1_BTCUSDT_000028,BTCUSDT,48,144,166550,166646,0.8732596422485248,1,76.0,0.0036446691988892828,0.11635462683776267
vsr_v1_BTCUSDT_000029,BTCUSDT,0,48,80426,80474,0.7042261276822666,0,,0.0020516013776710534,0.029351832889617003
vsr_v1_BTCUSDT_000029,BTCUSDT,0,96,44036,44132,0.7036783714540754,0,,0.003096926737482286,0.05605314435339227
vsr_v1_BTCUSDT_000029,BTCUSDT,24,96,132191,132263,0.84174192276927,0,,0.00129429389948779,0.010266910334671944
vsr_v1_BTCUSDT_000029,BTCUSDT,48,144,30993,31089,0.8493351572553066,0,,0.0044904360725803345,0.06460858942667594
vsr_v1_BTCUSDT_000030,BTCUSDT,0,48,39947,39995,0.7045420294223346,0,,0.0033073241475288224,0.018766134727664814
vsr_v1_BTCUSDT_000030,BTCUSDT,0,96,55698,55794,0.7034812951391707,0,,0.0020903959648984082,0.029567413924285767
vsr_v1_BTCUSDT_000030,BTCUSDT,24,96,86162,86234,0.6863008775692375,0,,0.002476954364359451,0.030943871189902317
vsr_v1_BTCUSDT_000030,BTCUSDT,48,144,62979,63075,0.6872978518681675,0,,0.0015718629271524954,0.022616715248243862
vsr_v1_BTCUSDT_000031,BTCUSDT,0,48,131636,131684,0.6355073555836357,0,,0.002050436916965381,0.028047675404792693
vsr_v1_BTCUSDT_000031,BTCUSDT,0,96,107305,107401,0.6360753990795377,0,,0.0018446801335430135,0.029006131010003273
vsr_v1_BTCUSDT_000031,BTCUSDT,24,96,50142,50214,0.684335910782393,0,,0.0020037449316225946,0.027527248123546795
vsr_v1_BTCUSDT_000031,BTCUSDT,48,144,59727,59823,0.7145784305769699,0,,0.0019823163165959535,0.029136093749444827
vsr_v1_BTCUSDT_000032,BTCUSDT,0,48,53411,53459,0.7549645842269391,0,,0.003500797273394363,0.04714154991713165
vsr_v1_BTCUSDT_000032,BTCUSDT,0,96,75875,75971,0.7541501953374062,0,,0.0027768590669640376,0.046094495198931655
vsr_v1_BTCUSDT_000032,BTCUSDT,24,96,40046,40118,0.7438993287812569,0,,0.001980834955122356,0.029517208780752615
vsr_v1_BTCUSDT_000032,BTCUSDT,48,144,15763,15859,0.7812945595344362,0,,0.0031320997674297644,0.05560723349241068
vsr_v1_BTCUSDT_000033,BTCUSDT,0,48,48705,48753,0.7888327285795435,0,,0.005959383952338623,0.0722822190002106
vsr_v1_BTCUSDT_000033,BTCUSDT,0,96,48727,48823,0.7888327285795435,0,,0.0040526513966540265,0.052891621319002304
vsr_v1_BTCUSDT_000033,BTCUSDT,24,96,53312,53384,0.8283001588203244,0,,0.0037822516709890563,0.052946647541610874
vsr_v1_BTCUSDT_000033,BTCUSDT,48,144,46428,46524,0.8497032262552022,0,,0.003118983913476457,0.04980587842047232
vsr_v1_BTCUSDT_000034,BTCUSDT,0,48,50604,50652,0.6213787227136249,0,,0.002887897139533635,0.05031742334883507
vsr_v1_BTCUSDT_000034,BTCUSDT,0,96,162248,162344,0.6207266319657783,0,,0.002325087200306844,0.04550799999999988
vsr_v1_BTCUSDT_000034,BTCUSDT,24,96,157549,157621,0.7206240363547838,0,,0.0019787114932383765,0.01663231135468432
vsr_v1_BTCUSDT_000034,BTCUSDT,48,144,48060,48156,0.7665254286409849,0,,0.0035981816800292293,0.06400551003955993
vsr_v1_BTCUSDT_000035,BTCUSDT,0,48,80867,80915,0.8460109435318394,1,37.0,0.006582242949103925,0.09599961835500398
vsr_v1_BTCUSDT_000035,BTCUSDT,0,96,44788,44884,0.8456399763508422,0,,0.003054249760881,0.04659106866630888
vsr_v1_BTCUSDT_000035,BTCUSDT,24,96,28077,28149,0.8719786462016439,0,,0.0026462336310343064,0.05341660985071517
vsr_v1_BTCUSDT_000035,BTCUSDT,48,144,167178,167274,0.8543084360255504,0,,0.0013987078590068187,0.01875279957481276
vsr_v1_BTCUSDT_000036,BTCUSDT,0,48,91980,92028,0.7315096045721705,0,,0.0017952236082440325,0.016531361747366316
vsr_v1_BTCUSDT_000036,BTCUSDT,0,96,39483,39579,0.7321530007767125,0,,0.002571603251759968,0.03835310141056893
vsr_v1_BTCUSDT_000036,BTCUSDT,24,96,72500,72572,0.8149221548556126,0,,0.002600166015064713,0.04363392257775789
vsr_v1_BTCUSDT_000036,BTCUSDT,48,144,32860,32956,0.8434547478002805,0,,0.003030213319858115,0.057336396313018935
vsr_v1_BTCUSDT_000037,BTCUSDT,0,48,19580,19628,0.8120558537461889,0,,0.004046271124089217,0.03706276564507085
vsr_v1_BTCUSDT_000037,BTCUSDT,0,96,132186,132282,0.8120935301005089,0,,0.001318638171646816,0.010239172440828555
vsr_v1_BTCUSDT_000037,BTCUSDT,24,96,32107,32179,0.8054972699134023,0,,0.0021682256563619654,0.03303731662739063
vsr_v1_BTCUSDT_000037,BTCUSDT,48,144,41463,41559,0.8041699029688967,0,,0.004119703982333719,0.05174268591308766
vsr_v1_BTCUSDT_000038,BTCUSDT,0,48,160053,160101,0.7330862150914086,0,,0.0022710318048065727,0.05516984573135074
vsr_v1_BTCUSDT_000038,BTCUSDT,0,96,164299,164395,0.7338716221699262,0,,0.002196384462805588,0.035153530861253925
vsr_v1_BTCUSDT_000038,BTCUSDT,24,96,42034,42106,0.7746635211741111,0,,0.0027349789371946425,0.0631386818623124
vsr_v1_BTCUSDT_000038,BTCUSDT,48,144,81701,81797,0.8044713138034569,0,,0.003058042938376525,0.056899742930591295
vsr_v1_BTCUSDT_000039,BTCUSDT,0,48,148529,148577,0.25906840866672076,0,,0.0016632852551240916,0.017953276566544978
vsr_v1_BTCUSDT_000039,BTCUSDT,0,96,2426,2522,0.258619190595982,0,,0.001969480041156151,0.02389195061578464
vsr_v1_BTCUSDT_000039,BTCUSDT,24,96,99496,99568,0.2819698357310952,0,,0.0027334335010669973,0.04852397416292613
vsr_v1_BTCUSDT_000039,BTCUSDT,48,144,115964,116060,0.235998887098457,0,,0.0009582365346594581,0.010718291094936633
vsr_v1_BTCUSDT_000040,BTCUSDT,0,48,105995,106043,0.2972925192149407,0,,0.0026771393926137933,0.03563162035506197
vsr_v1_BTCUSDT_000040,BTCUSDT,0,96,128492,128588,0.2980344535769351,0,,0.0018617589320167106,0.03562792197323875
vsr_v1_BTCUSDT_000040,BTCUSDT,24,96,10897,10969,0.30127462004845756,0,,0.0013736168872507993,0.016611286142491254
vsr_v1_BTCUSDT_000040,BTCUSDT,48,144,11305,11401,0.3631247029364371,0,,0.0012811345201726395,0.01951056876800304
vsr_v1_BTCUSDT_000041,BTCUSDT,0,48,57188,57236,0.3377569237546516,0,,0.002459957209966943,0.021134638139547256
vsr_v1_BTCUSDT_000041,BTCUSDT,0,96,126377,126473,0.33751927290432526,1,36.0,0.0035234711891441806,0.0803411692229352
vsr_v1_BTCUSDT_000041,BTCUSDT,24,96,149276,149348,0.42666152722551326,0,,0.0022710815164970464,0.03816231861542335
vsr_v1_BTCUSDT_000041,BTCUSDT,48,144,1564,1660,0.5297208471962996,0,,0.0015435574228684994,0.03563952795578612
vsr_v1_BTCUSDT_000042,BTCUSDT,0,48,28678,28726,0.9242096660136099,0,,0.003122372442382998,0.039274801930993815
vsr_v1_BTCUSDT_000042,BTCUSDT,0,96,28684,28780,0.9242096660136099,0,,0.003201986216269279,0.051912555570988735
vsr_v1_BTCUSDT_000042,BTCUSDT,24,96,36175,36247,0.9453345080627398,0,,0.0028587777309187785,0.039500221165852056
vsr_v1_BTCUSDT_000042,BTCUSDT,48,144,57733,57829,0.9468995258575718,0,,0.0038511653406434814,0.05784846790713078
vsr_v1_BTCUSDT_000043,BTCUSDT,0,48,163775,163823,0.30977788340037793,0,,0.0012362211809449164,0.013585701071599099
vsr_v1_BTCUSDT_000043,BTCUSDT,0,96,172503,172599,0.3096039925342855,0,,0.0008373142090625067,0.011002834502306822
vsr_v1_BTCUSDT_000043,BTCUSDT,24,96,10931,11003,0.32942755126882367,0,,0.001370057806523172,0.019026594985489236
vsr_v1_BTCUSDT_000043,BTCUSDT,48,144,95180,95276,0.38677096254390747,0,,0.0035690982071550025,0.056519230688245214
vsr_v1_BTCUSDT_000044,BTCUSDT,0,48,36680,36728,0.8204982552949769,0,,0.00343960400176741,0.04059000541855905
vsr_v1_BTCUSDT_000044,BTCUSDT,0,96,133133,133229,0.8206257752634447,0,,0.0048789900102678505,0.08557326594120215
vsr_v1_BTCUSDT_000044,BTCUSDT,24,96,166503,166575,0.854676505025446,0,,0.0017579122190844504,0.025369456107641707
vsr_v1_BTCUSDT_000044,BTCUSDT,48,144,137448,137544,0.835507935219856,0,,0.0028152848044547324,0.061516133387336254
vsr_v1_BTCUSDT_000045,BTCUSDT,0,48,167279,167327,0.7343614147760865,0,,0.0035375208241451924,0.060449393517597996
vsr_v1_BTCUSDT_000045,BTCUSDT,0,96,167281,167377,0.7343614147760865,0,,0.0036515215475832695,0.05724808172048103
vsr_v1_BTCUSDT_000045,BTCUSDT,24,96,158281,158353,0.7325065788711005,1,16.0,0.005036238005722962,0.11240115768001242
vsr_v1_BTCUSDT_000045,BTCUSDT,48,144,49138,49234,0.7266435585026837,0,,0.0021176429216135414,0.02956729189227475
vsr_v1_BTCUSDT_000046,BTCUSDT,0,48,39093,39141,0.46230915477446355,0,,0.0027897542855390015,0.03281690634384013
vsr_v1_BTCUSDT_000046,BTCUSDT,0,96,146058,146154,0.4623989983886113,0,,0.0023082457627077134,0.04950259499185518
vsr_v1_BTCUSDT_000046,BTCUSDT,24,96,150170,150242,0.5750020287267711,0,,0.0021600168215348903,0.022399004949340495
vsr_v1_BTCUSDT_000046,BTCUSDT,48,144,157472,157568,0.5943068130441335,0,,0.0022450823988895523,0.0465375728855951
vsr_v1_BTCUSDT_000047,BTCUSDT,0,48,29808,29856,0.5507645401745864,0,,0.0035807379241865576,0.025952411937916406
vsr_v1_BTCUSDT_000047,BTCUSDT,0,96,18811,18907,0.5516339945050487,0,,0.00215322907945044,0.017772226136617365
vsr_v1_BTCUSDT_000047,BTCUSDT,24,96,143552,143624,0.5442204472473076,0,,0.0036204283336666175,0.05750298576022046
vsr_v1_BTCUSDT_000047,BTCUSDT,48,144,174441,174537,0.5845138591020276,0,,0.002217783324211629,0.04344302126873641
vsr_v1_BTCUSDT_000048,BTCUSDT,0,48,157231,157279,0.4024501223032425,0,,0.0018879933833007843,0.022455102244057803
vsr_v1_BTCUSDT_000048,BTCUSDT,0,96,122021,122117,0.40207625694114374,0,,0.002048564184566443,0.030028162246573186
vsr_v1_BTCUSDT_000048,BTCUSDT,24,96,81954,82026,0.4338229327274203,0,,0.0019474859904319692,0.02310752402254447
vsr_v1_BTCUSDT_000048,BTCUSDT,48,144,6898,6994,0.4136226104496818,0,,0.002653867973981703,0.044473877565094994
vsr_v1_BTCUSDT_000049,BTCUSDT,0,48,43478,43526,0.7448934048990853,0,,0.002070583691238131,0.0134671952153578
vsr_v1_BTCUSDT_000049,BTCUSDT,0,96,28925,29021,0.7456817101587044,0,,0.0030926425016855447,0.04950542289813443
vsr_v1_BTCUSDT_000049,BTCUSDT,24,96,55684,55756,0.7427748345138591,0,,0.0020107334852979366,0.02938736557417405
vsr_v1_BTCUSDT_000049,BTCUSDT,48,144,9699,9795,0.7437225397340629,0,,0.002258476125937034,0.02448659417363101
vsr_v1_BTCUSDT_000050,BTCUSDT,0,48,1629,1677,0.4804749539189205,0,,0.0010454698297226554,0.011714763781405062
vsr_v1_BTCUSDT_000050,BTCUSDT,0,96,124073,124169,0.4806053720684898,0,,0.0017094700217571424,0.02987561731056522
vsr_v1_BTCUSDT_000050,BTCUSDT,24,96,149416,149488,0.5482025480808245,0,,0.0024745579124216526,0.041499941624123036
vsr_v1_BTCUSDT_000050,BTCUSDT,48,144,45618,45714,0.5893538215416005,0,,0.0023050756266161337,0.0676237224426678
vsr_v1_BTCUSDT_000051,BTCUSDT,0,48,156117,156165,0.9041542527909484,0,,0.00371781730755288,0.08288425438395684
vsr_v1_BTCUSDT_000051,BTCUSDT,0,96,23822,23918,0.9046672308459212,0,,0.005077078955091636,0.06902621270427445
vsr_v1_BTCUSDT_000051,BTCUSDT,24,96,15298,15370,0.8949931023289783,0,,0.0035285706109256854,0.08038129589076388
vsr_v1_BTCUSDT_000051,BTCUSDT,48,144,31047,31143,0.8910805578418984,0,,0.0037806423154121234,0.043801217477231924
vsr_v1_BTCUSDT_000052,BTCUSDT,0,48,1968,2016,0.1448337023683936,0,,0.0008837921003077792,0.012170717333245009
vsr_v1_BTCUSDT_000052,BTCUSDT,0,96,175963,176059,0.14538725495878788,0,,0.0008344401752561564,0.014704311165613656
vsr_v1_BTCUSDT_000052,BTCUSDT,24,96,106849,106921,0.13506103569399844,0,,0.0010195574323513129,0.031682252555845725
vsr_v1_BTCUSDT_000052,BTCUSDT,48,144,10817,10913,0.18043206083861768,0,,0.002084983834068721,0.01738322373320814
vsr_v1_BTCUSDT_000053,BTCUSDT,0,48,179512,179560,0.14275280833748738,0,,0.0018343522279907541,0.03383038210624422
vsr_v1_BTCUSDT_000053,BTCUSDT,0,96,179494,179590,0.14275280833748738,0,,0.002335253589809599,0.039627302051122915
vsr_v1_BTCUSDT_000053,BTCUSDT,24,96,108709,108781,0.2023654954150775,0,,0.0008067477507755501,0.012244695453718582
vsr_v1_BTCUSDT_000053,BTCUSDT,48,144,171585,171681,0.20665190526425614,0,,0.002157344941525499,0.032901889997876375
vsr_v1_BTCUSDT_000054,BTCUSDT,0,48,108273,108321,0.03436083513986622,0,,0.001500857172200958,0.014712287353966024
vsr_v1_BTCUSDT_000054,BTCUSDT,0,96,108257,108353,0.03436083513986622,0,,0.0015192941017586846,0.017396185873342112
vsr_v1_BTCUSDT_000054,BTCUSDT,24,96,117763,117835,0.04124401525602532,0,,0.001322392235579607,0.019297752911440366
vsr_v1_BTCUSDT_000054,BTCUSDT,48,144,100905,101001,0.04584342866417037,0,,0.001964006583483542,0.03700455503433267
vsr_v1_BTCUSDT_000055,BTCUSDT,0,48,11080,11128,0.32454991247493076,0,,0.002347409885284172,0.04142526464634719
vsr_v1_BTCUSDT_000055,BTCUSDT,0,96,172371,172467,0.3249527596480449,0,,0.0017526427941991355,0.017087637080556536
vsr_v1_BTCUSDT_000055,BTCUSDT,24,96,66198,66270,0.388912718377946,0,,0.0025655815374239946,0.07809262965694021
vsr_v1_BTCUSDT_000055,BTCUSDT,48,144,148778,148874,0.3914631177473018,0,,0.0022428989806684827,0.04321192249967285
vsr_v1_BTCUSDT_000056,BTCUSDT,0,48,137127,137175,0.22859983074622367,0,,0.0022942746541941427,0.024014295632921005
vsr_v1_BTCUSDT_000056,BTCUSDT,0,96,139694,139790,0.22844043078563894,0,,0.0012512437198216406,0.020789397450753228
vsr_v1_BTCUSDT_000056,BTCUSDT,24,96,128378,128450,0.2622332224296032,0,,0.0021164829226687537,0.03732964270368691
vsr_v1_BTCUSDT_000056,BTCUSDT,48,144,168563,168659,0.36186689233836844,0,,0.0009775083744707354,0.02129901461215619
vsr_v1_BTCUSDT_000057,BTCUSDT,0,48,37372,37420,0.9639234416480217,0,,0.006040564887255765,0.08780207594802215
vsr_v1_BTCUSDT_000057,BTCUSDT,0,96,33503,33599,0.9637060780654062,0,,0.006432836776814401,0.12744080843862413
vsr_v1_BTCUSDT_000057,BTCUSDT,24,96,37568,37640,0.9672331644659812,0,,0.00503565041520286,0.08013213232355822
vsr_v1_BTCUSDT_000057,BTCUSDT,48,144,71967,72063,0.9765884930617544,0,,0.004858693839270548,0.09248921471602758
vsr_v1_BTCUSDT_000058,BTCUSDT,0,48,152394,152442,0.41059111301747026,0,,0.0008079966318333997,0.010798886209206906
vsr_v1_BTCUSDT_000058,BTCUSDT,0,96,148740,148836,0.41002886588377135,0,,0.002863572774879627,0.040151975683890624
vsr_v1_BTCUSDT_000058,BTCUSDT,24,96,124890,124962,0.4186596492041595,0,,0.001155628951043453,0.01310362781860457
vsr_v1_BTCUSDT_000058,BTCUSDT,48,144,121520,121616,0.537838652461715,0,,0.0010045270790112536,0.018320890520573646
vsr_v1_BTCUSDT_000059,BTCUSDT,0,48,159300,159348,0.22316284299973338,0,,0.002578594926776246,0.04317569668699911
vsr_v1_BTCUSDT_000059,BTCUSDT,0,96,10098,10194,0.22287592307068085,0,,0.0018529393705478939,0.05114789005032899
vsr_v1_BTCUSDT_000059,BTCUSDT,24,96,94378,94450,0.22960839776955982,0,,0.002020524765040378,0.04891311474693255
vsr_v1_BTCUSDT_000059,BTCUSDT,48,144,84774,84870,0.26257230961848343,0,,0.0013082480621072897,0.01789990684244668
vsr_v1_BTCUSDT_000060,BTCUSDT,0,48,114491,114539,0.053880084858742655,0,,0.0016270715686427261,0.028352729828946342
vsr_v1_BTCUSDT_000060,BTCUSDT,0,96,142470,142566,0.053572877661979344,1,32.0,0.0031627013965184387,0.0813132911392405
vsr_v1_BTCUSDT_000060,BTCUSDT,24,96,104134,104206,0.055807375291267204,0,,0.0012271622828355629,0.015438586048726409
vsr_v1_BTCUSDT_000060,BTCUSDT,48,144,3963,4059,0.07246612026292298,0,,0.0010761684838788525,0.020960668494062404
vsr_v1_BTCUSDT_000061,BTCUSDT,0,48,3494,3542,0.10648786821390895,0,,0.0010377099569631608,0.010197815124596683
vsr_v1_BTCUSDT_000061,BTCUSDT,0,96,115467,115563,0.10580099929284381,0,,0.0006540342045310795,0.008065699886711328
vsr_v1_BTCUSDT_000061,BTCUSDT,24,96,12823,12895,0.12644764146021956,0,,0.002113774590279283,0.029030630003480752
vsr_v1_BTCUSDT_000061,BTCUSDT,48,144,131144,131240,0.13144990204147877,1,0.0,0.0033334609715884723,0.03879939750399567
vsr_v1_BTCUSDT_000062,BTCUSDT,0,48,12169,12217,0.0507413547257741,0,,0.0009901206402437102,0.010902053703610125
vsr_v1_BTCUSDT_000062,BTCUSDT,0,96,12173,12269,0.0507413547257741,0,,0.0012483863600867152,0.024594038910723547
vsr_v1_BTCUSDT_000062,BTCUSDT,24,96,114537,114609,0.05677536777918179,0,,0.0009153194820605016,0.014336444608309296
vsr_v1_BTCUSDT_000062,BTCUSDT,48,144,122444,122540,0.08964943601395764,0,,0.001829128763035349,0.03844308859831621
vsr_v1_BTCUSDT_000063,BTCUSDT,0,48,91519,91567,0.0036285227391289225,0,,0.0011893640977002839,0.015516409126067873
vsr_v1_BTCUSDT_000063,BTCUSDT,0,96,112362,112458,0.002764864770869802,0,,0.0007833026165518303,0.015034039977419986
vsr_v1_BTCUSDT_000063,BTCUSDT,24,96,112412,112484,0.0040574535421569425,0,,0.0007222380351447103,0.010868634709091145
vsr_v1_BTCUSDT_000063,BTCUSDT,48,144,90284,90380,0.0038429881406429325,0,,0.001038802058009287,0.019371143179580805
vsr_v1_BTCUSDT_000064,BTCUSDT,0,48,12056,12104,0.1209990609893231,0,,0.0010082115838002973,0.015664552334209884
vsr_v1_BTCUSDT_000064,BTCUSDT,0,96,113251,113347,0.12177287534343446,0,,0.001379061018717776,0.020901091407797244
vsr_v1_BTCUSDT_000064,BTCUSDT,24,96,13386,13458,0.128331459176221,0,,0.0008254135945617065,0.012176681466633473
vsr_v1_BTCUSDT_000064,BTCUSDT,48,144,106542,106638,0.12998052422299763,0,,0.0021851110912398503,0.054494583203799934
vsr_v1_BTCUSDT_000065,BTCUSDT,0,48,86770,86818,0.15189946789394976,1,2.0,0.0032495309014829187,0.03260444399581084
vsr_v1_BTCUSDT_000065,BTCUSDT,0,96,109921,110017,0.15210523875215914,0,,0.0009900306194811975,0.011771387094822986
vsr_v1_BTCUSDT_000065,BTCUSDT,24,96,105004,105076,0.15105319901229988,0,,0.0015790467982496348,0.03268018561251046
vsr_v1_BTCUSDT_000065,BTCUSDT,48,144,151831,151927,0.19322173403971668,0,,0.0014884771897567019,0.043129499464928535
vsr_v1_BTCUSDT_000066,BTCUSDT,0,48,107332,107380,0.6106032853780967,0,,0.0014362365448652022,0.013359753701035027
vsr_v1_BTCUSDT_000066,BTCUSDT,0,96,64780,64876,0.6102468091026072,0,,0.0026036162687701923,0.03096902412280695
vsr_v1_BTCUSDT_000066,BTCUSDT,24,96,147591,147663,0.673148931730446,0,,0.0025596359583279073,0.03888133876487545
vsr_v1_BTCUSDT_000066,BTCUSDT,48,144,86034,86130,0.7564020820533034,0,,0.0048828632795085165,0.08696445308322798
vsr_v1_BTCUSDT_000067,BTCUSDT,0,48,168452,168500,0.3809050439943891,0,,0.0013253267234772726,0.010493054313479997
vsr_v1_BTCUSDT_000067,BTCUSDT,0,96,2539,2635,0.3810528512305677,0,,0.00207582118977712,0.040069915078118516
vsr_v1_BTCUSDT_000067,BTCUSDT,24,96,174190,174262,0.38070506949838284,0,,0.0021419186149691126,0.03404953747985174
vsr_v1_BTCUSDT_000067,BTCUSDT,48,144,125894,125990,0.39853467963506106,1,10.0,0.004652629909880462,0.1155025028879477
vsr_v1_BTCUSDT_000068,BTCUSDT,0,48,163209,163257,0.504706646108902,0,,0.0009326970026415981,0.010878693868815442
vsr_v1_BTCUSDT_000068,BTCUSDT,0,96,50459,50555,0.5048341660773699,0,,0.0025558019536984743,0.05139088545649188
vsr_v1_BTCUSDT_000068,BTCUSDT,24,96,143818,143890,0.5562015279210767,0,,0.004800614741000455,0.06054220514590671
vsr_v1_BTCUSDT_000068,BTCUSDT,48,144,107432,107528,0.558780909101448,0,,0.0016125144739127797,0.03703001744972586
vsr_v1_BTCUSDT_000069,BTCUSDT,0,48,154740,154788,0.25825691795828937,0,,0.0018612456069779914,0.01353349851283268
vsr_v1_BTCUSDT_000069,BTCUSDT,0,96,143412,143508,0.2584597906353972,1,21.0,0.0033499978702621748,0.06262953876267413
vsr_v1_BTCUSDT_000069,BTCUSDT,24,96,173412,173484,0.24854801126812812,0,,0.0025260478641199804,0.03780236333043321
vsr_v1_BTCUSDT_000069,BTCUSDT,48,144,171606,171702,0.24888420027590685,0,,0.0020246083748638355,0.03517579869074466
vsr_v1_BTCUSDT_000070,BTCUSDT,0,48,11867,11915,0.24954208738595657,0,,0.0015339775361101907,0.011271757372902794
vsr_v1_BTCUSDT_000070,BTCUSDT,0,96,115341,115437,0.24956817101587045,0,,0.001437352688462233,0.025786733076748978
vsr_v1_BTCUSDT_000070,BTCUSDT,24,96,99521,99593,0.2614217317211718,0,,0.002576514798121898,0.042004545081572496
vsr_v1_BTCUSDT_000070,BTCUSDT,48,144,142028,142124,0.2608942627606914,0,,0.001335527373027756,0.027964956991698257
vsr_v1_BTCUSDT_000071,BTCUSDT,0,48,7382,7430,0.3866695262053535,0,,0.001725338943967545,0.01405055676382865
vsr_v1_BTCUSDT_000071,BTCUSDT,0,96,127222,127318,0.38655649714239343,0,,0.0015054227511376885,0.01715548956991058
vsr_v1_BTCUSDT_000071,BTCUSDT,24,96,76862,76934,0.38730132968548936,0,,0.0029963348660998353,0.05441643993150029
vsr_v1_BTCUSDT_000071,BTCUSDT,48,144,175191,175287,0.3297260639222824,0,,0.0013414963510118623,0.0172277460604605
vsr_v1_BTCUSDT_000072,BTCUSDT,0,48,104794,104842,0.060018432431805796,0,,0.0021728287272249095,0.04710444579221113
vsr_v1_BTCUSDT_000072,BTCUSDT,0,96,12395,12491,0.06030825054195987,1,48.0,0.0016096119346906141,0.04091245111667479
vsr_v1_BTCUSDT_000072,BTCUSDT,24,96,87444,87516,0.07614681026187964,0,,0.0015108657588248887,0.028089714225742524
vsr_v1_BTCUSDT_000072,BTCUSDT,48,144,165310,165406,0.10228260743557344,0,,0.001574526526213313,0.019236930246104497
vsr_v1_BTCUSDT_000073,BTCUSDT,0,48,98676,98724,0.540690462665631,0,,0.0014600306698756014,0.01578453597333718
vsr_v1_BTCUSDT_000073,BTCUSDT,0,96,151031,151127,0.5408411680829112,0,,0.0009395357725881247,0.011857399545230555
vsr_v1_BTCUSDT_000073,BTCUSDT,24,96,29341,29413,0.6101627618506625,0,,0.0018312664853800064,0.024069255152521778
vsr_v1_BTCUSDT_000073,BTCUSDT,48,144,40287,40383,0.6826114930269763,1,37.0,0.005262734667313694,0.4130107162610822
vsr_v1_BTCUSDT_000074,BTCUSDT,0,48,44145,44193,0.6900916984500527,0,,0.0026369431603582806,0.01775096844761875
vsr_v1_BTCUSDT_000074,BTCUSDT,0,96,133696,133792,0.6902829784027544,0,,0.0028038995354012757,0.08335757507451488
vsr_v1_BTCUSDT_000074,BTCUSDT,24,96,28163,28235,0.737311763137455,0,,0.0033759570779511505,0.04864109666055273
vsr_v1_BTCUSDT_000074,BTCUSDT,48,144,50756,50852,0.7273449183292565,0,,0.00252650575809273,0.04890238917402069
vsr_v1_BTCUSDT_000075,BTCUSDT,0,48,160198,160246,0.750423134440825,0,,0.0020151162716892518,0.019449619104438785
vsr_v1_BTCUSDT_000075,BTCUSDT,0,96,80795,80891,0.7501651963227878,0,,0.0028879625511645736,0.041240628918279565
vsr_v1_BTCUSDT_000075,BTCUSDT,24,96,158888,158960,0.7690178643883099,0,,0.0024824324535426736,0.03239234283271443
vsr_v1_BTCUSDT_000075,BTCUSDT,48,144,47538,47634,0.7916236769803271,0,,0.0022799265620252443,0.02721249668073377
vsr_v1_BTCUSDT_000076,BTCUSDT,0,48,38132,38180,0.8914573213850987,0,,0.0024868903738503754,0.03712511277264797
vsr_v1_BTCUSDT_000076,BTCUSDT,0,96,72416,72512,0.8920717357786253,0,,0.0023403439442089115,0.032937246614135024
vsr_v1_BTCUSDT_000076,BTCUSDT,24,96,36389,36461,0.891758732219659,0,,0.003648528843809901,0.04690456016280807
vsr_v1_BTCUSDT_000076,BTCUSDT,48,144,24092,24188,0.9272469598080245,0,,0.00483976261105043,0.0682110310292046
vsr_v1_BTCUSDT_000077,BTCUSDT,0,48,99837,99885,0.35067411692421835,0,,0.0011576779920180556,0.012165797341362996
vsr_v1_BTCUSDT_000077,BTCUSDT,0,96,157330,157426,0.35102189865640326,0,,0.0037304407595434726,0.04743424616818065
vsr_v1_BTCUSDT_000077,BTCUSDT,24,96,121848,121920,0.3298072129931255,0,,0.0023800468589498442,0.04497155001028313
vsr_v1_BTCUSDT_000077,BTCUSDT,48,144,176593,176689,0.32361669816023464,0,,0.0011836220006144426,0.017870782986327993
vsr_v1_BTCUSDT_000078,BTCUSDT,0,48,140056,140104,0.4783158089982727,0,,0.0016771865390652362,0.0193901559488762
vsr_v1_BTCUSDT_000078,BTCUSDT,0,96,78438,78534,0.47771298732915224,0,,0.002224979808307615,0.02745177424371843
vsr_v1_BTCUSDT_000078,BTCUSDT,24,96,140108,140180,0.4783158089982727,0,,0.001985735460039491,0.026122618231867095
vsr_v1_BTCUSDT_000078,BTCUSDT,48,144,64110,64206,0.4780520745180325,0,,0.0019712454198184503,0.04466668228389136
vsr_v1_BTCUSDT_000079,BTCUSDT,0,48,165435,165483,0.05261937607957246,0,,0.001824899197277715,0.03333273886766889
vsr_v1_BTCUSDT_000079,BTCUSDT,0,96,13487,13583,0.05252373610322162,0,,0.0018852957809001457,0.04078927415433034
vsr_v1_BTCUSDT_000079,BTCUSDT,24,96,12388,12460,0.07751764992290838,1,55.0,0.0016349803631174461,0.04090821888436234
vsr_v1_BTCUSDT_000079,BTCUSDT,48,144,172180,172276,0.12387985300425453,0,,0.0015083868170081712,0.018447465835191912
vsr_v1_BTCUSDT_000080,BTCUSDT,0,48,107580,107628,0.28156988673908256,0,,0.00188370813188691,0.01965806345553186
vsr_v1_BTCUSDT_000080,BTCUSDT,0,96,103215,103311,0.281706101250855,0,,0.0026278016148038722,0.046024805454791706
vsr_v1_BTCUSDT_000080,BTCUSDT,24,96,171598,171670,0.34166657006062995,0,,0.002255080223756035,0.032178201925361756
vsr_v1_BTCUSDT_000080,BTCUSDT,48,144,123127,123223,0.32792339527712405,0,,0.0032822817698412387,0.06498542782890188
vsr_v1_BTCUSDT_000081,BTCUSDT,0,48,18348,18396,0.506233987549414,0,,0.0036532917355987776,0.047270394306130725
vsr_v1_BTCUSDT_000081,BTCUSDT,0,96,18188,18284,0.506233987549414,0,,0.0020502464791824194,0.03350164393988239
vsr_v1_BTCUSDT_000081,BTCUSDT,24,96,81318,81390,0.5717676586174517,0,,0.0029372941810051254,0.033908085529903174
vsr_v1_BTCUSDT_000081,BTCUSDT,48,144,49930,50026,0.6548063435387951,0,,0.0025928341176441887,0.05187761798540635
vsr_v1_BTCUSDT_000082,BTCUSDT,0,48,3546,3594,0.1159185495183223,0,,0.0010844977160935681,0.009634620547506257
vsr_v1_BTCUSDT_000082,BTCUSDT,0,96,106987,107083,0.11577074228214372,0,,0.002691685371117133,0.09677105948559653
vsr_v1_BTCUSDT_000082,BTCUSDT,24,96,96763,96835,0.06610171456393966,0,,0.0010910947193353473,0.01580569343912094
vsr_v1_BTCUSDT_000082,BTCUSDT,48,144,5231,5327,0.06600897276869037,1,89.0,0.00156730422131297,0.07779021493070927
vsr_v1_BTCUSDT_000083,BTCUSDT,0,48,60497,60545,0.47395404644045397,1,40.0,0.004356110834259392,0.06005531004696483
vsr_v1_BTCUSDT_000083,BTCUSDT,0,96,60481,60577,0.47395404644045397,1,56.0,0.005075641486552543,0.0717469119847107
vsr_v1_BTCUSDT_000083,BTCUSDT,24,96,163973,164045,0.340208784966555,1,1.0,0.004890084775424278,0.10234451702150474
vsr_v1_BTCUSDT_000083,BTCUSDT,48,144,99936,100032,0.2656009088695934,0,,0.0008460896850837102,0.010886759763109845
vsr_v1_BTCUSDT_000084,BTCUSDT,0,48,165369,165417,0.04241198223994621,0,,0.001817501549656375,0.019153731114508056
vsr_v1_BTCUSDT_000084,BTCUSDT,0,96,165331,165427,0.04241198223994621,0,,0.001534908000697691,0.01926719243230848
vsr_v1_BTCUSDT_000084,BTCUSDT,24,96,117682,117754,0.05024866393851219,0,,0.000924916446583103,0.014834126831603055
vsr_v1_BTCUSDT_000084,BTCUSDT,48,144,109797,109893,0.060731384982784804,0,,0.0014462893821179225,0.02737594855992495
vsr_v1_BTCUSDT_000085,BTCUSDT,0,48,1117,1165,0.24351387069475197,0,,0.0020049018192012597,0.020824401624250134
vsr_v1_BTCUSDT_000085,BTCUSDT,0,96,115907,116003,0.2432240525845979,0,,0.0013574312522620943,0.023253221977434138
vsr_v1_BTCUSDT_000085,BTCUSDT,24,96,79348,79420,0.3036974994493456,0,,0.0020962978464164356,0.026069339276217525
vsr_v1_BTCUSDT_000085,BTCUSDT,48,144,121464,121560,0.5334652971794902,0,,0.001017482020744551,0.01935954021091999
vsr_v1_BTCUSDT_000086,BTCUSDT,0,48,103934,103982,0.22449890448754362,0,,0.0010249899066748574,0.013751660963098782
vsr_v1_BTCUSDT_000086,BTCUSDT,0,96,10157,10253,0.22457135901508213,0,,0.0022485284347313647,0.031088656420724028
vsr_v1_BTCUSDT_000086,BTCUSDT,24,96,175396,175468,0.20359722238323227,0,,0.0014999923425307942,0.021778312801128165
vsr_v1_BTCUSDT_000086,BTCUSDT,48,144,116759,116855,0.17805555233535433,0,,0.000627979665264622,0.007227698501719588
vsr_v1_BTCUSDT_000087,BTCUSDT,0,48,165744,165792,0.14229489572344398,0,,0.0029805998078474166,0.04667679784445334
vsr_v1_BTCUSDT_000087,BTCUSDT,0,96,1992,2088,0.14300495009332143,0,,0.0011513159937999802,0.03804323961928908
vsr_v1_BTCUSDT_000087,BTCUSDT,24,96,106169,106241,0.13584354459141443,0,,0.0017326278388819813,0.019158150008661036
vsr_v1_BTCUSDT_000087,BTCUSDT,48,144,1984,2080,0.1448337023683936,0,,0.0010981715632205646,0.027690815103226164
vsr_v1_BTCUSDT_000088,BTCUSDT,0,48,89640,89688,0.12507680179919084,0,,0.0009037816920545043,0.008079245619775665
vsr_v1_BTCUSDT_000088,BTCUSDT,0,96,165218,165314,0.1258448197910991,0,,0.0007870142098078736,0.01706157448281657
vsr_v1_BTCUSDT_000088,BTCUSDT,24,96,108524,108596,0.12313212228005703,0,,0.00245008115247966,0.050629339233889695
vsr_v1_BTCUSDT_000088,BTCUSDT,48,144,88202,88298,0.13212517823813774,0,,0.0012378208130218436,0.028041631491637693
vsr_v1_BTCUSDT_000089,BTCUSDT,0,48,18944,18992,0.4842078111777049,0,,0.0016273447291214787,0.02506672849921856
vsr_v1_BTCUSDT_000089,BTCUSDT,0,96,87116,87212,0.4849033746420746,0,,0.0012568999804432135,0.01616847661593957
vsr_v1_BTCUSDT_000089,BTCUSDT,24,96,86962,87034,0.5756193413013992,0,,0.002291160013042698,0.021145864171051916
vsr_v1_BTCUSDT_000089,BTCUSDT,48,144,107383,107479,0.6060241592376624,0,,0.0015810110244622653,0.027135730888767032
vsr_v1_BTCUSDT_000090,BTCUSDT,0,48,92961,93009,0.40570188149917114,0,,0.0019975330657335394,0.027122292954291756
vsr_v1_BTCUSDT_000090,BTCUSDT,0,96,84569,84665,0.40589895781407587,0,,0.001371164398697207,0.020007129918680353
vsr_v1_BTCUSDT_000090,BTCUSDT,24,96,145182,145254,0.4080233245615052,0,,0.0019728846041089263,0.025140354583131266
vsr_v1_BTCUSDT_000090,BTCUSDT,48,144,173589,173685,0.3995345521150926,0,,0.0013686171093037034,0.017541034507364186
vsr_v1_BTCUSDT_000091,BTCUSDT,0,48,114438,114486,0.05739847671601303,0,,0.0006149314229673368,0.00719675660995907
vsr_v1_BTCUSDT_000091,BTCUSDT,0,96,114476,114572,0.05739847671601303,0,,0.0011586238830625169,0.02822047733810153
vsr_v1_BTCUSDT_000091,BTCUSDT,24,96,5293,5365,0.08031149650479359,1,27.0,0.0022572895605770574,0.06556199015227934
vsr_v1_BTCUSDT_000091,BTCUSDT,48,144,87941,88037,0.09000881047054868,0,,0.0012046944243414247,0.02163453054598069
vsr_v1_BTCUSDT_000092,BTCUSDT,0,48,94865,94913,0.14584226939172976,1,42.0,0.002082462405536085,0.03842206276953663
vsr_v1_BTCUSDT_000092,BTCUSDT,0,96,89105,89201,0.14612918932078228,0,,0.0021882336897738326,0.057847868551074426
vsr_v1_BTCUSDT_000092,BTCUSDT,24,96,85081,85153,0.16759891492099557,0,,0.0028714818045525404,0.045951244128721716
vsr_v1_BTCUSDT_000092,BTCUSDT,48,144,151862,151958,0.15826387359293306,0,,0.001837502521137196,0.043810102544625945
vsr_v1_BTCUSDT_000093,BTCUSDT,0,48,96797,96845,0.024344721252941653,0,,0.0009057580108683895,0.011118596879475692
vsr_v1_BTCUSDT_000093,BTCUSDT,0,96,3424,3520,0.02395056862313212,0,,0.0013517820050429996,0.01713863981327452
vsr_v1_BTCUSDT_000093,BTCUSDT,24,96,110347,110419,0.020255387718667764,0,,0.001038159303924658,0.012232604728385357
vsr_v1_BTCUSDT_000093,BTCUSDT,48,144,110834,110930,0.02145233651360406,0,,0.0010738126080646676,0.01773274656295839
vsr_v1_BTCUSDT_000094,BTCUSDT,0,48,88581,88629,0.018441126349103304,0,,0.0006330668493373998,0.00608882938471381
vsr_v1_BTCUSDT_000094,BTCUSDT,0,96,178736,178832,0.018652693569515773,0,,0.0013224909181821132,0.0204957531570835
vsr_v1_BTCUSDT_000094,BTCUSDT,24,96,96900,96972,0.01933666430947937,1,24.0,0.001964164039334536,0.025653847184148662
vsr_v1_BTCUSDT_000094,BTCUSDT,48,144,3434,3530,0.022252234497629288,0,,0.0012394753011373274,0.017226510307374775
vsr_v1_BTCUSDT_000095,BTCUSDT,0,48,88694,88742,0.006352812974577155,0,,0.0010583760829471762,0.015898046911503642
vsr_v1_BTCUSDT_000095,BTCUSDT,0,96,88710,88806,0.006352812974577155,0,,0.000865466577431153,0.02198871375754046
vsr_v1_BTCUSDT_000095,BTCUSDT,24,96,112142,112214,0.011911524327332166,0,,0.0003446492082701787,0.004993519989387045
vsr_v1_BTCUSDT_000095,BTCUSDT,48,144,110945,111041,0.013760563870115115,1,39.0,0.001200715995676489,0.026932536953985807
vsr_v1_BTCUSDT_000096,BTCUSDT,0,48,90162,90210,0.0005187744171757805,0,,0.0007008106365024788,0.009772759618577688
vsr_v1_BTCUSDT_000096,BTCUSDT,0,96,90158,90254,0.00035937445659104344,0,,0.0009574880853722549,0.020582478201554066
vsr_v1_BTCUSDT_000096,BTCUSDT,24,96,90065,90137,0.0013998214720441452,0,,0.0005199397469123695,0.0069190407019832645
vsr_v1_BTCUSDT_000096,BTCUSDT,48,144,112242,112338,0.0009187234091883933,1,0.0,0.000998031416524916,0.015421586822480123
vsr_v1_BTCUSDT_000097,BTCUSDT,0,48,112198,112246,0.0009187234091883933,1,36.0,0.0010011269316278013,0.013370211984200697
vsr_v1_BTCUSDT_000097,BTCUSDT,0,96,112165,112261,0.0017331122987213224,1,69.0,0.0006852721017994013,0.014150766896730015
vsr_v1_BTCUSDT_000097,BTCUSDT,24,96,91476,91548,0.0029764319912822714,0,,0.0009235282986371163,0.013848146706708652
vsr_v1_BTCUSDT_000097,BTCUSDT,48,144,90284,90380,0.0038429881406429325,0,,0.001038802058009287,0.019371143179580805
vsr_v1_BTCUSDT_000098,BTCUSDT,0,48,96847,96895,0.01933666430947937,0,,0.0009306790346971546,0.01081634111907351
vsr_v1_BTCUSDT_000098,BTCUSDT,0,96,109628,109724,0.019913402348685966,0,,0.0013970729996668407,0.027484663391756925
vsr_v1_BTCUSDT_000098,BTCUSDT,24,96,109575,109647,0.02578511726040737,0,,0.0016440332701842153,0.022212202787465687
vsr_v1_BTCUSDT_000098,BTCUSDT,48,144,108914,109010,0.031711897613058045,1,37.0,0.0017310042547515926,0.03116710875331565
vsr_v1_BTCUSDT_000099,BTCUSDT,0,48,1417,1465,0.2136597071677815,0,,0.0026903676664218135,0.025363859484218456
vsr_v1_BTCUSDT_000099,BTCUSDT,0,96,1846,1942,0.2142016670337696,0,,0.0010546938038799186,0.025001852187890274
vsr_v1_BTCUSDT_000099,BTCUSDT,24,96,82109,82181,0.311600839313247,0,,0.0026101237113915687,0.0349484276729559
vsr_v1_BTCUSDT_000099,BTCUSDT,48,144,128220,128316,0.36914712326543864,0,,0.0014609842170145572,0.026885208228104116
vsr_v1_BTCUSDT_000100,BTCUSDT,0,48,178878,178926,0.033508769896013264,0,,0.0012742602631456348,0.010511229666215394
vsr_v1_BTCUSDT_000100,BTCUSDT,0,96,90421,90517,0.033233442691366896,0,,0.0009328251414924526,0.020886060693711198
vsr_v1_BTCUSDT_000100,BTCUSDT,24,96,108255,108327,0.05319611411877905,0,,0.0017367249296625076,0.018829663962920046
vsr_v1_BTCUSDT_000100,BTCUSDT,48,144,161319,161415,0.07052433892489074,1,22.0,0.0019053190862862595,0.04142134400611113
vsr_v1_BTCUSDT_000101,BTCUSDT,0,48,100162,100210,0.032732057360800364,1,33.0,0.002107028382812549,0.040494524902861234
vsr_v1_BTCUSDT_000101,BTCUSDT,0,96,3445,3541,0.03258135194352025,0,,0.0012212508975894482,0.01927158850194316
vsr_v1_BTCUSDT_000101,BTCUSDT,24,96,180756,180828,0.07808279523770881,0,,0.001350729029100104,0.016102815466114185
vsr_v1_BTCUSDT_000101,BTCUSDT,48,144,134482,134578,0.1060850210407948,1,24.0,0.0035799754674836295,0.07682093700332533
vsr_v1_BTCUSDT_000102,BTCUSDT,0,48,1090,1138,0.17376914248617567,0,,0.0022550389398414738,0.02758294610869655
vsr_v1_BTCUSDT_000102,BTCUSDT,0,96,108546,108642,0.17364741887991098,0,,0.0016739604368178503,0.02524756567309754
vsr_v1_BTCUSDT_000102,BTCUSDT,24,96,121174,121246,0.251249116054764,0,,0.0024880392993895475,0.06705070159867889
vsr_v1_BTCUSDT_000102,BTCUSDT,48,144,112920,113016,0.25215334855844473,0,,0.0011610616454944163,0.018405825443752948
vsr_v1_BTCUSDT_000103,BTCUSDT,0,48,83377,83425,0.056392807873778414,0,,0.001802122909522838,0.012919963012431932
vsr_v1_BTCUSDT_000103,BTCUSDT,0,96,83385,83481,0.056392807873778414,0,,0.0015927290250889903,0.014578662325829156
vsr_v1_BTCUSDT_000103,BTCUSDT,24,96,3203,3275,0.05624789881870138,0,,0.0009197008506707516,0.01665651070563175
vsr_v1_BTCUSDT_000103,BTCUSDT,48,144,88424,88520,0.06414254413929818,0,,0.0008437408998871806,0.018204313504533737
vsr_v1_BTCUSDT_000104,BTCUSDT,0,48,90883,90931,0.008685848761317397,0,,0.0009931452426285665,0.01830020520782571
vsr_v1_BTCUSDT_000104,BTCUSDT,0,96,88803,88899,0.008581514241661934,1,36.0,0.0021121204879678457,0.05971367758112955
vsr_v1_BTCUSDT_000104,BTCUSDT,24,96,110956,111028,0.008056943462283072,1,28.0,0.0012237229821618163,0.022360955017680387
vsr_v1_BTCUSDT_000104,BTCUSDT,48,144,88842,88938,0.0071034418798761895,1,0.0,0.0020324400599871116,0.041725544258716836
vsr_v1_BTCUSDT_000105,BTCUSDT,0,48,176075,176123,0.09774405583056074,0,,0.0014042826333902781,0.02589069762152083
vsr_v1_BTCUSDT_000105,BTCUSDT,0,96,113443,113539,0.09765131403531144,0,,0.00043026978314245176,0.008375917316632727
vsr_v1_BTCUSDT_000105,BTCUSDT,24,96,176276,176348,0.12498116182283998,0,,0.0013318110305343546,0.021462596254097136
vsr_v1_BTCUSDT_000105,BTCUSDT,48,144,162093,162189,0.1535485329407264,0,,0.002141876214247995,0.024661975073578427
vsr_v1_BTCUSDT_000106,BTCUSDT,0,48,13006,13054,0.1846373216169532,0,,0.0022446151712333185,0.023652259997577727
vsr_v1_BTCUSDT_000106,BTCUSDT,0,96,105171,105267,0.18406637993994968,0,,0.001665304631375462,0.028655880638249705
vsr_v1_BTCUSDT_000106,BTCUSDT,24,96,163797,163869,0.30977788340037793,0,,0.0012173933238823788,0.02272693991711696
vsr_v1_BTCUSDT_000106,BTCUSDT,48,144,149825,149921,0.34921343364904184,0,,0.002450153806811915,0.047887344881796114
vsr_v1_BTCUSDT_000107,BTCUSDT,0,48,139584,139632,0.5688231066182864,0,,0.0009412957351337403,0.01600010481371554
vsr_v1_BTCUSDT_000107,BTCUSDT,0,96,159030,159126,0.5690317756575973,0,,0.001898379161459527,0.029762213437473765
vsr_v1_BTCUSDT_000107,BTCUSDT,24,96,132606,132678,0.7183286769223636,0,,0.0023977321514476423,0.02854872627389727
vsr_v1_BTCUSDT_000107,BTCUSDT,48,144,49446,49542,0.7550515296599853,0,,0.0035805411622002858,0.043049480064054436
vsr_v1_BTCUSDT_000108,BTCUSDT,0,48,154138,154186,0.38112240757700466,0,,0.002535497153007224,0.03584825387694446
vsr_v1_BTCUSDT_000108,BTCUSDT,0,96,118570,118666,0.38067898586846893,0,,0.001700105641723893,0.028298039104421555
vsr_v1_BTCUSDT_000108,BTCUSDT,24,96,92463,92535,0.4142891921030361,0,,0.0019451593415689492,0.07521506957156814
vsr_v1_BTCUSDT_000108,BTCUSDT,48,144,98750,98846,0.48851740647569586,0,,0.0017892812710582147,0.05977363659301443
vsr_v1_BTCUSDT_000109,BTCUSDT,0,48,151246,151294,0.18871796060792248,0,,0.0017888851784103055,0.011909055828129038
vsr_v1_BTCUSDT_000109,BTCUSDT,0,96,83841,83937,0.18845132794658073,0,,0.0005869261902859965,0.006682642358555088
vsr_v1_BTCUSDT_000109,BTCUSDT,24,96,8284,8356,0.18925702229280902,0,,0.001963086756978849,0.025852186922094563
vsr_v1_BTCUSDT_000109,BTCUSDT,48,144,1813,1909,0.19034094202478524,0,,0.0011834635406128824,0.023681352334389307
vsr_v1_BTCUSDT_000110,BTCUSDT,0,48,58973,59021,0.6421354957628592,0,,0.001815931113824812,0.02305679482003403
vsr_v1_BTCUSDT_000110,BTCUSDT,0,96,79870,79966,0.6415355722748403,0,,0.002190538057298394,0.025201417982597552
vsr_v1_BTCUSDT_000110,BTCUSDT,24,96,39953,40025,0.6500156501779483,0,,0.002923231214620429,0.0274501737773599
vsr_v1_BTCUSDT_000110,BTCUSDT,48,144,47737,47833,0.6517574570199742,0,,0.002668878017859184,0.03482438873917151
vsr_v1_BTCUSDT_000111,BTCUSDT,0,48,152873,152921,0.39246299022733333,0,,0.002741828006858577,0.03924689193105515
vsr_v1_BTCUSDT_000111,BTCUSDT,0,96,304,400,0.39212390303845307,0,,0.0022857278751635345,0.04596273291925466
vsr_v1_BTCUSDT_000111,BTCUSDT,24,96,175244,175316,0.4154803445357694,0,,0.0010978443104869308,0.01550985640097381
vsr_v1_BTCUSDT_000111,BTCUSDT,48,144,64160,64256,0.4874016067516027,0,,0.0023551182379459626,0.0723482006214841
vsr_v1_BTCUSDT_000112,BTCUSDT,0,48,147248,147296,0.5911854719977742,0,,0.0028662396886384995,0.02322480557273663
vsr_v1_BTCUSDT_000112,BTCUSDT,0,96,70967,71063,0.5915506428165683,0,,0.0023172232462177105,0.04769232303156999
vsr_v1_BTCUSDT_000112,BTCUSDT,24,96,30067,30139,0.6258419216099975,0,,0.0030432310384218945,0.051181893592924854
vsr_v1_BTCUSDT_000112,BTCUSDT,48,144,49983,50079,0.6681089947948667,0,,0.002589343262637486,0.05033017690396442
vsr_v1_BTCUSDT_000113,BTCUSDT,0,48,109204,109252,0.12196705347723769,1,20.0,0.0032823012090708635,0.045824863916520193
vsr_v1_BTCUSDT_000113,BTCUSDT,0,96,171227,171323,0.1217120135403021,0,,0.0008421840975441111,0.019914998102217828
vsr_v1_BTCUSDT_000113,BTCUSDT,24,96,87794,87866,0.19578372613347864,0,,0.0012664156095146429,0.023527474208006396
vsr_v1_BTCUSDT_000113,BTCUSDT,48,144,124444,124540,0.37976316064038207,0,,0.0021588592719403448,0.03396529809388144
vsr_v1_BTCUSDT_000114,BTCUSDT,0,48,129524,129572,0.4033340675392124,0,,0.0013694000168780712,0.012121813144729595
vsr_v1_BTCUSDT_000114,BTCUSDT,0,96,95493,95589,0.4038209619642712,0,,0.0022038109750404924,0.04349523943718665
vsr_v1_BTCUSDT_000114,BTCUSDT,24,96,107463,107535,0.40353694021632025,0,,0.001713933809565552,0.026501185038843893
vsr_v1_BTCUSDT_000114,BTCUSDT,48,144,99285,99381,0.5313322358887562,0,,0.00103170232725654,0.01384895869854849
vsr_v1_BTCUSDT_000115,BTCUSDT,0,48,75201,75249,0.8143801949896246,0,,0.0029008160013427077,0.02240937223695851
vsr_v1_BTCUSDT_000115,BTCUSDT,0,96,98226,98322,0.8138498278480426,0,,0.0026121910954652293,0.0420368503925711
vsr_v1_BTCUSDT_000115,BTCUSDT,24,96,5655,5727,0.8744942673977811,0,,0.0026691097600323797,0.04762014298871361
vsr_v1_BTCUSDT_000115,BTCUSDT,48,144,37909,38005,0.9152484900476461,0,,0.0041618845705646,0.07231126431607784
vsr_v1_BTCUSDT_000116,BTCUSDT,0,48,41252,41300,0.8298188057175316,0,,0.002567593951262842,0.019698165727092033
vsr_v1_BTCUSDT_000116,BTCUSDT,0,96,81595,81691,0.8301115220087872,0,,0.003432659587093055,0.042182004877422595
vsr_v1_BTCUSDT_000116,BTCUSDT,24,96,36785,36857,0.8311809508352558,0,,0.003575906535478983,0.043986815333233
vsr_v1_BTCUSDT_000116,BTCUSDT,48,144,16714,16810,0.8309085218117109,0,,0.003446197306005551,0.05764764900934661
vsr_v1_BTCUSDT_000117,BTCUSDT,0,48,127202,127250,0.38655649714239343,0,,0.0012006782417177866,0.01955913591568097
vsr_v1_BTCUSDT_000117,BTCUSDT,0,96,180549,180645,0.3858290536859067,0,,0.0011650948653904563,0.020661302981041043
vsr_v1_BTCUSDT_000117,BTCUSDT,24,96,18897,18969,0.49060409686880513,0,,0.002199501037555031,0.029175736839410164
vsr_v1_BTCUSDT_000117,BTCUSDT,48,144,39846,39942,0.5185106826955402,0,,0.004060311689496571,0.10909206631013095
vsr_v1_BTCUSDT_000118,BTCUSDT,0,48,58861,58909,0.6914886217409953,0,,0.0023688189419341517,0.07063650432266372
vsr_v1_BTCUSDT_000118,BTCUSDT,0,96,155561,155657,0.6909553564183119,0,,0.0018725531386354877,0.03193949655235033
vsr_v1_BTCUSDT_000118,BTCUSDT,24,96,86177,86249,0.7071330033271119,0,,0.002267031107209265,0.026789185368439612
vsr_v1_BTCUSDT_000118,BTCUSDT,48,144,6066,6162,0.7320283789893463,0,,0.0023271239336503146,0.031205885401217288
vsr_v1_BTCUSDT_000119,BTCUSDT,0,48,127362,127410,0.2628882113585514,0,,0.0034047448857682373,0.042777499566861235
vsr_v1_BTCUSDT_000119,BTCUSDT,0,96,127353,127449,0.2628882113585514,0,,0.002539373994130729,0.050441284916463595
vsr_v1_BTCUSDT_000119,BTCUSDT,24,96,113993,114065,0.27475626296936045,0,,0.0018572062163584298,0.0322921834916019
vsr_v1_BTCUSDT_000119,BTCUSDT,48,144,154138,154234,0.3033004486384345,0,,0.0020758805884063406,0.041611238944416436
vsr_v1_BTCUSDT_000120,BTCUSDT,0,48,117917,117965,0.09813531027926874,0,,0.0012479472044510255,0.01199598766467917
vsr_v1_BTCUSDT_000120,BTCUSDT,0,96,140407,140503,0.09832659023197042,0,,0.00164757722842587,0.0451114369501465
vsr_v1_BTCUSDT_000120,BTCUSDT,24,96,115997,116069,0.19601268244050035,0,,0.000900127631793459,0.0101310411789943
vsr_v1_BTCUSDT_000120,BTCUSDT,48,144,117326,117422,0.21053546794032066,0,,0.0017853058813575987,0.04696079463180777
vsr_v1_BTCUSDT_000121,BTCUSDT,0,48,66019,66067,0.3547315704663753,0,,0.0014632936177976807,0.009315763239272353
vsr_v1_BTCUSDT_000121,BTCUSDT,0,96,120189,120285,0.35436350146647966,0,,0.0016752146312358118,0.03133811349802561
vsr_v1_BTCUSDT_000121,BTCUSDT,24,96,152957,153029,0.38502046115857685,0,,0.00208999376693819,0.045770325638030025
vsr_v1_BTCUSDT_000121,BTCUSDT,48,144,43851,43947,0.4406655383081578,0,,0.0024171481808276524,0.05512338234269101
vsr_v1_BTCUSDT_000122,BTCUSDT,0,48,119590,119638,0.12847636823129804,0,,0.0017384977036775124,0.017159111234198294
vsr_v1_BTCUSDT_000122,BTCUSDT,0,96,129068,129164,0.12891109539652915,0,,0.0016597828181465577,0.02942581623707641
vsr_v1_BTCUSDT_000122,BTCUSDT,24,96,117129,117201,0.17772226150867715,0,,0.0013933636814342845,0.01869789179356133
vsr_v1_BTCUSDT_000122,BTCUSDT,48,144,13192,13288,0.23689152687773155,0,,0.0013158547853027226,0.013095955102623826
vsr_v1_BTCUSDT_000123,BTCUSDT,0,48,65992,66040,0.2922612768226661,0,,0.0018815073236212807,0.028826234084748638
vsr_v1_BTCUSDT_000123,BTCUSDT,0,96,147949,148045,0.2916207787992256,0,,0.0022067466811995584,0.047668618090908964
vsr_v1_BTCUSDT_000123,BTCUSDT,24,96,120727,120799,0.40546712882994634,0,,0.002077181812463366,0.020098763028227974
vsr_v1_BTCUSDT_000123,BTCUSDT,48,144,168444,168540,0.4227750663683472,0,,0.0011551145423233232,0.014525255683886514
vsr_v1_BTCUSDT_000124,BTCUSDT,0,48,154563,154611,0.11796466537601001,0,,0.001594596701768612,0.021550758308371006
vsr_v1_BTCUSDT_000124,BTCUSDT,0,96,106991,107087,0.11693870926606462,0,,0.002752654818821643,0.09628855706594475
vsr_v1_BTCUSDT_000124,BTCUSDT,24,96,89034,89106,0.11807189807676702,0,,0.0012888459294448473,0.025983886137772305
vsr_v1_BTCUSDT_000124,BTCUSDT,48,144,134415,134511,0.1175502254784897,1,91.0,0.0028539859001567337,0.072846322935141
vsr_v1_BTCUSDT_000125,BTCUSDT,0,48,140857,140905,0.29835035531700305,0,,0.0021930874479167565,0.0524648223296121
vsr_v1_BTCUSDT_000125,BTCUSDT,0,96,168028,168124,0.2984836716476739,0,,0.0019382510491656815,0.030244244422089422
vsr_v1_BTCUSDT_000125,BTCUSDT,24,96,146036,146108,0.4623989983886113,0,,0.0024266408803678206,0.035417999086340815
vsr_v1_BTCUSDT_000125,BTCUSDT,48,144,138246,138342,0.505703620407832,0,,0.0012596584632676422,0.017394704373812048
vsr_v1_BTCUSDT_000126,BTCUSDT,0,48,31121,31169,0.938897647836218,0,,0.003429045280890569,0.03793111611440406
vsr_v1_BTCUSDT_000126,BTCUSDT,0,96,24135,24231,0.9392135495762859,0,,0.004284560974258906,0.059533847897668475
vsr_v1_BTCUSDT_000126,BTCUSDT,24,96,31064,31136,0.9444012937480437,0,,0.0037041373959318686,0.0428468547274363
vsr_v1_BTCUSDT_000126,BTCUSDT,48,144,19389,19485,0.9465865222986054,0,,0.00369856129269227,0.05459700708847467
vsr_v1_BTCUSDT_000127,BTCUSDT,0,48,107916,107964,0.3766794959483428,1,44.0,0.0033742825068805216,0.058698842328387416
vsr_v1_BTCUSDT_000127,BTCUSDT,0,96,59184,59280,0.37717508491670626,0,,0.0034101552764300765,0.07395881230417481
vsr_v1_BTCUSDT_000127,BTCUSDT,24,96,131818,131890,0.4211260013215706,0,,0.005885947279181996,0.149954814358049
vsr_v1_BTCUSDT_000127,BTCUSDT,48,144,70129,70225,0.4540000695563464,0,,0.0030812707027451014,0.08176961064647913
vsr_v1_BTCUSDT_000128,BTCUSDT,0,48,76806,76854,0.3823483381829564,1,44.0,0.0027044131943205004,0.06278099611754295
vsr_v1_BTCUSDT_000128,BTCUSDT,0,96,135199,135295,0.3821077891515285,0,,0.002704713229596063,0.040206405087729304
vsr_v1_BTCUSDT_000128,BTCUSDT,24,96,78379,78451,0.4637466526008277,0,,0.003822632754149598,0.08265606733691833
vsr_v1_BTCUSDT_000128,BTCUSDT,48,144,128826,128922,0.49003315519180163,0,,0.0009623537342257878,0.011923240225796662
vsr_v1_BTCUSDT_000129,BTCUSDT,0,48,158349,158397,0.7599088811861675,0,,0.003452661912040337,0.04526694833583698
vsr_v1_BTCUSDT_000129,BTCUSDT,0,96,53404,53500,0.7598103430287152,0,,0.003517201885438708,0.061218859586889114
vsr_v1_BTCUSDT_000129,BTCUSDT,24,96,14622,14694,0.763818527492146,0,,0.002928521296019148,0.04713748666851291
vsr_v1_BTCUSDT_000129,BTCUSDT,48,144,15904,16000,0.7605957501072327,0,,0.0024869620837706624,0.038125116415541345
vsr_v1_BTCUSDT_000130,BTCUSDT,0,48,94146,94194,0.2059853236109018,0,,0.0019767459205846925,0.02173647895177028
vsr_v1_BTCUSDT_000130,BTCUSDT,0,96,94145,94241,0.2059853236109018,0,,0.001561310348086765,0.023285848635483202
vsr_v1_BTCUSDT_000130,BTCUSDT,24,96,165652,165724,0.23556705811432746,0,,0.0014580867486563146,0.019578839239856188
vsr_v1_BTCUSDT_000130,BTCUSDT,48,144,123866,123962,0.35960051471696364,0,,0.0024004177208618496,0.06603980896385347
vsr_v1_BTCUSDT_000131,BTCUSDT,0,48,111932,111980,0.08974217780920694,0,,0.0005832331937967753,0.0052857210797002
vsr_v1_BTCUSDT_000131,BTCUSDT,0,96,113911,114007,0.09027544313189043,0,,0.0019194646538396854,0.05774906865255861
vsr_v1_BTCUSDT_000131,BTCUSDT,24,96,96686,96758,0.10298976362434936,0,,0.0009429577088223027,0.011296609677577793
vsr_v1_BTCUSDT_000131,BTCUSDT,48,144,3151,3247,0.10575462839521917,0,,0.0008085693634103372,0.01684400579081506
vsr_v1_BTCUSDT_000132,BTCUSDT,0,48,99546,99594,0.2673108357195024,0,,0.0022670542444141557,0.024893702597104137
vsr_v1_BTCUSDT_000132,BTCUSDT,0,96,165158,165254,0.2679542319240445,0,,0.0007000063396604223,0.009113457833339002
vsr_v1_BTCUSDT_000132,BTCUSDT,24,96,82114,82186,0.29379731280648264,0,,0.002550934635473552,0.034833105993741405
vsr_v1_BTCUSDT_000132,BTCUSDT,48,144,96588,96684,0.3664402221165996,0,,0.000932586233446239,0.02251697174736182
vsr_v1_BTCUSDT_000133,BTCUSDT,0,48,65390,65438,0.7010323321083688,0,,0.002623541043060485,0.044813029997385075
vsr_v1_BTCUSDT_000133,BTCUSDT,0,96,42424,42520,0.7004613904313652,0,,0.0033769031183724647,0.05724090151334737
vsr_v1_BTCUSDT_000133,BTCUSDT,24,96,126692,126764,0.7728231761746328,0,,0.003520243968818694,0.031256010563464054
vsr_v1_BTCUSDT_000133,BTCUSDT,48,144,56189,56285,0.7839869697777675,0,,0.0036405853464729016,0.06017057270009994
vsr_v1_BTCUSDT_000134,BTCUSDT,0,48,42803,42851,0.7776283604409873,0,,0.0023913715437201954,0.018497436769081492
vsr_v1_BTCUSDT_000134,BTCUSDT,0,96,52447,52543,0.7767444152050174,0,,0.0029009019287783355,0.0525615639316448
vsr_v1_BTCUSDT_000134,BTCUSDT,24,96,19555,19627,0.809922792455455,0,,0.004034988705039611,0.04065016117810461
vsr_v1_BTCUSDT_000134,BTCUSDT,48,144,28923,29019,0.8101314614947659,0,,0.003091403633079186,0.05618234426436002
vsr_v1_BTCUSDT_000135,BTCUSDT,0,48,175933,175981,0.16797567846419587,0,,0.0008572393936066864,0.006220879651547223
vsr_v1_BTCUSDT_000135,BTCUSDT,0,96,82860,82956,0.1672453368266076,0,,0.0010138469494070826,0.016556187199765093
vsr_v1_BTCUSDT_000135,BTCUSDT,24,96,175035,175107,0.2639808256338322,0,,0.001683402334846669,0.040222628867221756
vsr_v1_BTCUSDT_000135,BTCUSDT,48,144,157244,157340,0.4067336339713196,0,,0.002601458293305076,0.06441985510872948
vsr_v1_BTCUSDT_000136,BTCUSDT,0,48,174512,174560,0.5775147517418069,0,,0.0015930390262421908,0.01802518529444304
vsr_v1_BTCUSDT_000136,BTCUSDT,0,96,76908,77004,0.5774393990331668,0,,0.0029079375529242556,0.05040380792106978
vsr_v1_BTCUSDT_000136,BTCUSDT,24,96,76983,77055,0.605453217560659,0,,0.0021525703814521944,0.02689284236657013
vsr_v1_BTCUSDT_000136,BTCUSDT,48,144,79959,80055,0.6453090040690462,0,,0.0031719460410264753,0.04762192654875899
vsr_v1_BTCUSDT_000137,BTCUSDT,0,48,156606,156654,0.48152119729657666,0,,0.0040164999157205295,0.0356641979499532
vsr_v1_BTCUSDT_000137,BTCUSDT,0,96,156658,156754,0.48152119729657666,0,,0.0029592693978993273,0.04052116921926299
vsr_v1_BTCUSDT_000137,BTCUSDT,24,96,93619,93691,0.34870625195627225,0,,0.001756037608348803,0.04779074794639003
vsr_v1_BTCUSDT_000137,BTCUSDT,48,144,149192,149288,0.34388367860330854,0,,0.0020453806625680185,0.04398224997088594
vsr_v1_BTCUSDT_000138,BTCUSDT,0,48,87130,87178,0.4286815594532871,0,,0.0013874997704845281,0.015336548669881959
vsr_v1_BTCUSDT_000138,BTCUSDT,0,96,119470,119566,0.428675763091084,0,,0.0009393040449296994,0.013351688982810661
vsr_v1_BTCUSDT_000138,BTCUSDT,24,96,18827,18899,0.5365228782416156,0,,0.002083011456443275,0.01649848551487053
vsr_v1_BTCUSDT_000138,BTCUSDT,48,144,107227,107323,0.6005321060502429,0,,0.0023599533588535273,0.05709014092039469
vsr_v1_BTCUSDT_000139,BTCUSDT,0,48,161717,161765,0.6738705788247296,0,,0.004255130691652605,0.039137908656052975
vsr_v1_BTCUSDT_000139,BTCUSDT,0,96,161799,161895,0.6733460080453507,0,,0.0009312354895706733,0.014071631806617602
vsr_v1_BTCUSDT_000139,BTCUSDT,24,96,70836,70908,0.6545744890506718,0,,0.001795056145620138,0.025690935468626636
vsr_v1_BTCUSDT_000139,BTCUSDT,48,144,163175,163271,0.6194021632023742,0,,0.0008703869956884867,0.010859312485157297
vsr_v1_BTCUSDT_000140,BTCUSDT,0,48,29088,29136,0.6724794518959901,0,,0.0034229919478311072,0.05273266506952975
vsr_v1_BTCUSDT_000140,BTCUSDT,0,96,134829,134925,0.6728069463604641,0,,0.0021123535599571006,0.03920691265204474
vsr_v1_BTCUSDT_000140,BTCUSDT,24,96,55596,55668,0.7378015557436153,0,,0.002800575182137196,0.028598503095000657
vsr_v1_BTCUSDT_000140,BTCUSDT,48,144,47430,47526,0.8061435642990459,0,,0.002787362802143186,0.04716260782193388
vsr_v1_BTCUSDT_000141,BTCUSDT,0,48,50436,50484,0.4856047344686475,0,,0.0022870262849846346,0.021225642128338457
vsr_v1_BTCUSDT_000141,BTCUSDT,0,96,39066,39162,0.4855119926733982,0,,0.0025178080729205687,0.034793633759160454
vsr_v1_BTCUSDT_000141,BTCUSDT,24,96,155758,155830,0.49641494997739416,0,,0.0016394586335558635,0.054963190786244884
vsr_v1_BTCUSDT_000141,BTCUSDT,48,144,6713,6809,0.4599268499089971,1,48.0,0.00372790652932128,0.0611669710331496
vsr_v1_BTCUSDT_000142,BTCUSDT,0,48,92130,92178,0.692563846929667,0,,0.0028536269731745368,0.031971682496672635
vsr_v1_BTCUSDT_000142,BTCUSDT,0,96,47725,47821,0.6931347886066704,0,,0.0027341520670378415,0.03793312721227296
vsr_v1_BTCUSDT_000142,BTCUSDT,24,96,101940,102012,0.7292403287696642,0,,0.0009117620441250624,0.008998196269107151
vsr_v1_BTCUSDT_000142,BTCUSDT,48,144,72534,72630,0.8061348697557413,0,,0.0026493260874973375,0.03562561484049281
vsr_v1_BTCUSDT_000143,BTCUSDT,0,48,110629,110677,0.03246542469945862,0,,0.0011933413550533631,0.014164899057503955
vsr_v1_BTCUSDT_000143,BTCUSDT,0,96,4511,4607,0.03210605024286758,0,,0.0006478847429854998,0.009617895711065435
vsr_v1_BTCUSDT_000143,BTCUSDT,24,96,4248,4320,0.044098723641042885,0,,0.0008757225332864841,0.009957906198688372
vsr_v1_BTCUSDT_000143,BTCUSDT,48,144,87482,87578,0.07628882113585514,1,72.0,0.0021678994088890897,0.04677139992099428
vsr_v1_BTCUSDT_000144,BTCUSDT,0,48,178621,178669,0.1011755022547849,0,,0.0004968870071051548,0.003718328732464516
vsr_v1_BTCUSDT_000144,BTCUSDT,0,96,88125,88221,0.10134069857757272,0,,0.0010251662552288633,0.011500227405626494
vsr_v1_BTCUSDT_000144,BTCUSDT,24,96,113305,113377,0.1415993322590742,0,,0.001400052802309953,0.02096260464973311
vsr_v1_BTCUSDT_000144,BTCUSDT,48,144,106355,106451,0.16941897265276312,1,96.0,0.0011376473595539,0.0504143459295012
vsr_v1_BTCUSDT_000145,BTCUSDT,0,48,153852,153900,0.08455443363744913,0,,0.0013531259985461765,0.01799792432697543
vsr_v1_BTCUSDT_000145,BTCUSDT,0,96,104304,104400,0.084971771716071,0,,0.0013014623105011677,0.029852765356898674
vsr_v1_BTCUSDT_000145,BTCUSDT,24,96,3839,3911,0.08369947021249464,0,,0.001020346734307265,0.013224035597127159
vsr_v1_BTCUSDT_000145,BTCUSDT,48,144,96705,96801,0.10625891190688724,0,,0.000991645131311578,0.014083184257602927
vsr_v1_BTCUSDT_000146,BTCUSDT,0,48,115900,115948,0.253350297353381,0,,0.0017150168078014173,0.025937431731420765
vsr_v1_BTCUSDT_000146,BTCUSDT,0,96,96280,96376,0.2531937955738978,0,,0.002257487356544282,0.04370174410588719
vsr_v1_BTCUSDT_000146,BTCUSDT,24,96,174949,175021,0.24237198734074494,0,,0.0017411858012290793,0.02107862961731252
vsr_v1_BTCUSDT_000146,BTCUSDT,48,144,121190,121286,0.24852772400041734,0,,0.002329415827352641,0.06247732688905388
vsr_v1_BTCUSDT_000147,BTCUSDT,0,48,177241,177289,0.22370770104682303,0,,0.0008905746244549663,0.007787818676070881
vsr_v1_BTCUSDT_000147,BTCUSDT,0,96,115953,116049,0.22339759566895817,0,,0.0009575218569192576,0.01073408637773579
vsr_v1_BTCUSDT_000147,BTCUSDT,24,96,101681,101753,0.27695308424432824,1,61.0,0.004518231608240784,0.1004705699752369
vsr_v1_BTCUSDT_000147,BTCUSDT,48,144,163902,163998,0.287800976107395,1,72.0,0.003782344532067659,0.08965516549809871
