timestamp,symbol,sum_open_interest,sum_open_interest_value,cmc_circulating_supply,source
2021-12-01 00:00:00+00:00,BTCUSDT,59230.06,3372488777.574598,,archive_metrics_daily
2021-12-01 00:05:00+00:00,BTCUSDT,59192.974,3365451460.62466,,archive_metrics_daily
2021-12-01 00:10:00+00:00,BTCUSDT,59288.595,3389892415.23735,,archive_metrics_daily
2021-12-01 00:15:00+00:00,BTCUSDT,59279.355,3393276093.8180113,,archive_metrics_daily
2021-12-01 00:20:00+00:00,BTCUSDT,59320.924,3406088221.02276,,archive_metrics_daily
2021-12-01 00:25:00+00:00,BTCUSDT,59313.721,3407037528.249881,,archive_metrics_daily
2021-12-01 00:30:00+00:00,BTCUSDT,59323.122,3413609916.395036,,archive_metrics_daily
2021-12-01 00:35:00+00:00,BTCUSDT,59345.491,3409546821.6775,,archive_metrics_daily
2021-12-01 00:40:00+00:00,BTCUSDT,59300.603,3401601890.857795,,archive_metrics_daily
2021-12-01 00:45:00+00:00,BTCUSDT,59247.672,3399447751.5768,,archive_metrics_daily
2021-12-01 00:50:00+00:00,BTCUSDT,59273.043,3409834678.683184,,archive_metrics_daily
2021-12-01 00:55:00+00:00,BTCUSDT,59287.999,3416622719.65244,,archive_metrics_daily
2021-12-01 01:00:00+00:00,BTCUSDT,59256.021,3413458254.3684206,,archive_metrics_daily
2021-12-01 01:05:00+00:00,BTCUSDT,59273.117,3407830894.080328,,archive_metrics_daily
2021-12-01 01:10:00+00:00,BTCUSDT,59263.726,3404409622.2797527,,archive_metrics_daily
2021-12-01 01:15:00+00:00,BTCUSDT,59247.608,3399317882.05016,,archive_metrics_daily
2021-12-01 01:20:00+00:00,BTCUSDT,59220.742,3386671970.14692,,archive_metrics_daily
2021-12-01 01:25:00+00:00,BTCUSDT,59160.291,3383039237.02839,,archive_metrics_daily
2021-12-01 01:30:00+00:00,BTCUSDT,59199.051,3382228802.091746,,archive_metrics_daily
2021-12-01 01:35:00+00:00,BTCUSDT,59208.653,3390065106.8391724,,archive_metrics_daily
2021-12-01 01:40:00+00:00,BTCUSDT,59290.874,3384728044.58942,,archive_metrics_daily
2021-12-01 01:45:00+00:00,BTCUSDT,59369.296,3391398979.485596,,archive_metrics_daily
2021-12-01 01:50:00+00:00,BTCUSDT,59395.759,3399056194.504567,,archive_metrics_daily
2021-12-01 01:55:00+00:00,BTCUSDT,59369.448,3388647886.554307,,archive_metrics_daily
2021-12-01 02:00:00+00:00,BTCUSDT,59399.349,3387998631.4432373,,archive_metrics_daily
2021-12-01 02:05:00+00:00,BTCUSDT,59450.382,3392382072.34062,,archive_metrics_daily
2021-12-01 02:10:00+00:00,BTCUSDT,59457.12,3387071755.9056,,archive_metrics_daily
2021-12-01 02:15:00+00:00,BTCUSDT,59566.825,3388935704.501835,,archive_metrics_daily
2021-12-01 02:20:00+00:00,BTCUSDT,59602.707,3390202570.18707,,archive_metrics_daily
2021-12-01 02:25:00+00:00,BTCUSDT,59679.666,3394578079.8107557,,archive_metrics_daily
2021-12-01 02:30:00+00:00,BTCUSDT,59746.979,3402821336.2475066,,archive_metrics_daily
2021-12-01 02:35:00+00:00,BTCUSDT,59811.88,3409368777.561344,,archive_metrics_daily
2021-12-01 02:40:00+00:00,BTCUSDT,59842.567,3413718569.8932776,,archive_metrics_daily
2021-12-01 02:45:00+00:00,BTCUSDT,59751.544,3416808391.4784,,archive_metrics_daily
2021-12-01 02:50:00+00:00,BTCUSDT,59747.504,3426739822.68976,,archive_metrics_daily
2021-12-01 02:55:00+00:00,BTCUSDT,59775.778,3427059524.47598,,archive_metrics_daily
2021-12-01 03:00:00+00:00,BTCUSDT,59750.648,3424225230.737157,,archive_metrics_daily
2021-12-01 03:05:00+00:00,BTCUSDT,59727.321,3419445862.68077,,archive_metrics_daily
2021-12-01 03:10:00+00:00,BTCUSDT,59761.239,3423372974.28663,,archive_metrics_daily
2021-12-01 03:15:00+00:00,BTCUSDT,59759.539,3419976864.64483,,archive_metrics_daily
2021-12-01 03:20:00+00:00,BTCUSDT,59772.466,3420154116.5016546,,archive_metrics_daily
2021-12-01 03:25:00+00:00,BTCUSDT,59850.645,3422728511.65035,,archive_metrics_daily
2021-12-01 03:30:00+00:00,BTCUSDT,59879.613,3422181558.95139,,archive_metrics_daily
2021-12-01 03:35:00+00:00,BTCUSDT,59881.428,3420243736.8565426,,archive_metrics_daily
2021-12-01 03:40:00+00:00,BTCUSDT,59836.363,3427239691.7113004,,archive_metrics_daily
2021-12-01 03:45:00+00:00,BTCUSDT,59652.879,3417453785.031,,archive_metrics_daily
2021-12-01 03:50:00+00:00,BTCUSDT,59738.943,3420274923.44967,,archive_metrics_daily
2021-12-01 03:55:00+00:00,BTCUSDT,59795.984,3425814304.228399,,archive_metrics_daily
2021-12-01 04:00:00+00:00,BTCUSDT,59876.553,3438142859.027957,,archive_metrics_daily
2021-12-01 04:05:00+00:00,BTCUSDT,59992.689,3436381825.84689,,archive_metrics_daily
2021-12-01 04:10:00+00:00,BTCUSDT,60021.836,3440509621.7419863,,archive_metrics_daily
2021-12-01 04:15:00+00:00,BTCUSDT,60089.089,3445063103.11051,,archive_metrics_daily
2021-12-01 04:20:00+00:00,BTCUSDT,60090.206,3442418721.3913794,,archive_metrics_daily
2021-12-01 04:25:00+00:00,BTCUSDT,60095.703,3440702291.3626738,,archive_metrics_daily
2021-12-01 04:30:00+00:00,BTCUSDT,60105.345,3438308229.1215,,archive_metrics_daily
2021-12-01 04:35:00+00:00,BTCUSDT,60046.612,3433293540.84968,,archive_metrics_daily
2021-12-01 04:40:00+00:00,BTCUSDT,59965.469,3433022500.59531,,archive_metrics_daily
2021-12-01 04:45:00+00:00,BTCUSDT,59980.842,3430713915.894112,,archive_metrics_daily
2021-12-01 04:50:00+00:00,BTCUSDT,60324.42,3442714649.4,,archive_metrics_daily
2021-12-01 04:55:00+00:00,BTCUSDT,60375.015,3449731153.32585,,archive_metrics_daily
2021-12-01 05:00:00+00:00,BTCUSDT,60386.705,3448112387.406546,,archive_metrics_daily
2021-12-01 05:05:00+00:00,BTCUSDT,60440.464,3448322021.720205,,archive_metrics_daily
2021-12-01 05:10:00+00:00,BTCUSDT,60470.266,3450361418.34346,,archive_metrics_daily
2021-12-01 05:15:00+00:00,BTCUSDT,60505.482,3449115001.41,,archive_metrics_daily
2021-12-01 05:20:00+00:00,BTCUSDT,60584.551,3450248376.10981,,archive_metrics_daily
2021-12-01 05:25:00+00:00,BTCUSDT,60727.067,3460786359.40573,,archive_metrics_daily
2021-12-01 05:30:00+00:00,BTCUSDT,60702.368,3454608184.3008,,archive_metrics_daily
2021-12-01 05:35:00+00:00,BTCUSDT,60776.804,3458055534.179188,,archive_metrics_daily
2021-12-01 05:40:00+00:00,BTCUSDT,60845.978,3461191233.343369,,archive_metrics_daily
2021-12-01 05:45:00+00:00,BTCUSDT,60846.454,3465066082.5896235,,archive_metrics_daily
2021-12-01 05:50:00+00:00,BTCUSDT,60846.089,3461271756.56641,,archive_metrics_daily
2021-12-01 05:55:00+00:00,BTCUSDT,60884.11,3461961905.510201,,archive_metrics_daily
2021-12-01 06:00:00+00:00,BTCUSDT,61061.675,3469361949.4445,,archive_metrics_daily
2021-12-01 06:05:00+00:00,BTCUSDT,61192.053,3473039955.055526,,archive_metrics_daily
2021-12-01 06:10:00+00:00,BTCUSDT,61194.298,3479767576.8864083,,archive_metrics_daily
2021-12-01 06:15:00+00:00,BTCUSDT,61115.208,3485875788.55824,,archive_metrics_daily
2021-12-01 06:20:00+00:00,BTCUSDT,61145.808,3491242199.376,,archive_metrics_daily
2021-12-01 06:25:00+00:00,BTCUSDT,61127.964,3483559801.15236,,archive_metrics_daily
2021-12-01 06:30:00+00:00,BTCUSDT,61102.032,3479832961.5849156,,archive_metrics_daily
2021-12-01 06:35:00+00:00,BTCUSDT,61129.389,3477812261.1938953,,archive_metrics_daily
2021-12-01 06:40:00+00:00,BTCUSDT,61152.93,3486347496.7083,,archive_metrics_daily
2021-12-01 06:45:00+00:00,BTCUSDT,61190.961,3484095232.7058806,,archive_metrics_daily
2021-12-01 06:50:00+00:00,BTCUSDT,61244.414,3494327600.7563,,archive_metrics_daily
2021-12-01 06:55:00+00:00,BTCUSDT,61226.712,3487190035.84344,,archive_metrics_daily
2021-12-01 07:00:00+00:00,BTCUSDT,61264.042,3490688494.34634,,archive_metrics_daily
2021-12-01 07:05:00+00:00,BTCUSDT,61265.023,3484976030.524591,,archive_metrics_daily
2021-12-01 07:10:00+00:00,BTCUSDT,61008.664,3485972832.12272,,archive_metrics_daily
2021-12-01 07:15:00+00:00,BTCUSDT,61054.259,3488123840.22886,,archive_metrics_daily
2021-12-01 07:20:00+00:00,BTCUSDT,61124.831,3500559169.03562,,archive_metrics_daily
2021-12-01 07:25:00+00:00,BTCUSDT,61151.411,3496046173.12404,,archive_metrics_daily
2021-12-01 07:30:00+00:00,BTCUSDT,61151.0,3496667381.37,,archive_metrics_daily
2021-12-01 07:35:00+00:00,BTCUSDT,61184.552,3502953879.08752,,archive_metrics_daily
2021-12-01 07:40:00+00:00,BTCUSDT,61191.049,3496799367.226698,,archive_metrics_daily
2021-12-01 07:45:00+00:00,BTCUSDT,61127.283,3499459931.37342,,archive_metrics_daily
2021-12-01 07:50:00+00:00,BTCUSDT,61097.832,3493399201.9642525,,archive_metrics_daily
2021-12-01 07:55:00+00:00,BTCUSDT,61094.021,3487881974.321355,,archive_metrics_daily
2021-12-01 08:00:00+00:00,BTCUSDT,61084.417,3492358338.1856847,,archive_metrics_daily
2021-12-01 08:05:00+00:00,BTCUSDT,61055.816,3488424047.16,,archive_metrics_daily
2021-12-01 08:10:00+00:00,BTCUSDT,60977.392,3477152957.6073556,,archive_metrics_daily
2021-12-01 08:15:00+00:00,BTCUSDT,60800.681,3463817349.5358744,,archive_metrics_daily
2021-12-01 08:20:00+00:00,BTCUSDT,61177.53,3512878009.0065,,archive_metrics_daily
2021-12-01 08:25:00+00:00,BTCUSDT,61438.97,3543294761.2666,,archive_metrics_daily
2021-12-01 08:30:00+00:00,BTCUSDT,61457.599,3543334797.46505,,archive_metrics_daily
2021-12-01 08:35:00+00:00,BTCUSDT,61477.253,3550640264.05355,,archive_metrics_daily
2021-12-01 08:40:00+00:00,BTCUSDT,61470.361,3540272703.259024,,archive_metrics_daily
2021-12-01 08:45:00+00:00,BTCUSDT,61092.701,3493822871.4116807,,archive_metrics_daily
2021-12-01 08:50:00+00:00,BTCUSDT,60866.193,3462813645.5654573,,archive_metrics_daily
2021-12-01 08:55:00+00:00,BTCUSDT,60917.962,3478486848.7454715,,archive_metrics_daily
2021-12-01 09:00:00+00:00,BTCUSDT,61084.773,3478449442.829139,,archive_metrics_daily
2021-12-01 09:05:00+00:00,BTCUSDT,60991.264,3471311021.6970687,,archive_metrics_daily
2021-12-01 09:10:00+00:00,BTCUSDT,61075.1,3476154747.688062,,archive_metrics_daily
2021-12-01 09:15:00+00:00,BTCUSDT,61125.339,3485198038.5775685,,archive_metrics_daily
2021-12-01 09:20:00+00:00,BTCUSDT,61080.446,3483977283.5237746,,archive_metrics_daily
2021-12-01 09:25:00+00:00,BTCUSDT,61093.578,3479390251.883389,,archive_metrics_daily
2021-12-01 09:30:00+00:00,BTCUSDT,61146.264,3485552282.84928,,archive_metrics_daily
2021-12-01 09:35:00+00:00,BTCUSDT,61195.74,3486409832.6560707,,archive_metrics_daily
2021-12-01 09:40:00+00:00,BTCUSDT,61248.975,3496676420.71125,,archive_metrics_daily
2021-12-01 09:45:00+00:00,BTCUSDT,61253.132,3498439303.111201,,archive_metrics_daily
2021-12-01 09:50:00+00:00,BTCUSDT,61242.633,3495015402.53922,,archive_metrics_daily
2021-12-01 09:55:00+00:00,BTCUSDT,61306.428,3503078802.434048,,archive_metrics_daily
2021-12-01 10:00:00+00:00,BTCUSDT,61206.798,3497029508.0333605,,archive_metrics_daily
2021-12-01 10:05:00+00:00,BTCUSDT,61195.742,3500335858.61542,,archive_metrics_daily
2021-12-01 10:10:00+00:00,BTCUSDT,61152.892,3490257892.34668,,archive_metrics_daily
2021-12-01 10:15:00+00:00,BTCUSDT,61175.262,3489648610.88652,,archive_metrics_daily
2021-12-01 10:20:00+00:00,BTCUSDT,61126.499,3491758343.09652,,archive_metrics_daily
2021-12-01 10:25:00+00:00,BTCUSDT,61148.521,3492421952.74896,,archive_metrics_daily
2021-12-01 10:30:00+00:00,BTCUSDT,61148.891,3490680773.80154,,archive_metrics_daily
2021-12-01 10:35:00+00:00,BTCUSDT,61135.087,3482630198.435878,,archive_metrics_daily
2021-12-01 10:40:00+00:00,BTCUSDT,61114.399,3482897896.0267253,,archive_metrics_daily
2021-12-01 10:45:00+00:00,BTCUSDT,61152.871,3485848183.3162,,archive_metrics_daily
2021-12-01 10:50:00+00:00,BTCUSDT,61185.14,3492841341.649043,,archive_metrics_daily
2021-12-01 10:55:00+00:00,BTCUSDT,61265.992,3491889522.99552,,archive_metrics_daily
2021-12-01 11:00:00+00:00,BTCUSDT,61283.511,3493221410.511,,archive_metrics_daily
2021-12-01 11:05:00+00:00,BTCUSDT,61334.814,3492271933.8717785,,archive_metrics_daily
2021-12-01 11:10:00+00:00,BTCUSDT,61375.849,3499388221.34628,,archive_metrics_daily
2021-12-01 11:15:00+00:00,BTCUSDT,61384.35,3496226681.592,,archive_metrics_daily
2021-12-01 11:20:00+00:00,BTCUSDT,61434.035,3496682673.6503334,,archive_metrics_daily
2021-12-01 11:25:00+00:00,BTCUSDT,61464.545,3496913422.3031,,archive_metrics_daily
2021-12-01 11:30:00+00:00,BTCUSDT,61614.76,3504998040.0985184,,archive_metrics_daily
2021-12-01 11:35:00+00:00,BTCUSDT,61610.827,3513847831.85792,,archive_metrics_daily
2021-12-01 11:40:00+00:00,BTCUSDT,61509.806,3503302072.49508,,archive_metrics_daily
2021-12-01 11:45:00+00:00,BTCUSDT,61515.416,3507825225.876694,,archive_metrics_daily
2021-12-01 11:50:00+00:00,BTCUSDT,61519.41,3509736477.5808,,archive_metrics_daily
2021-12-01 11:55:00+00:00,BTCUSDT,61559.295,3507201708.6183,,archive_metrics_daily
2021-12-01 12:00:00+00:00,BTCUSDT,61410.344,3510092533.9068394,,archive_metrics_daily
2021-12-01 12:05:00+00:00,BTCUSDT,61452.933,3510904955.662711,,archive_metrics_daily
2021-12-01 12:10:00+00:00,BTCUSDT,61470.236,3516097499.2,,archive_metrics_daily
2021-12-01 12:15:00+00:00,BTCUSDT,61361.588,3514732239.89964,,archive_metrics_daily
2021-12-01 12:20:00+00:00,BTCUSDT,61310.075,3504435247.2601943,,archive_metrics_daily
2021-12-01 12:25:00+00:00,BTCUSDT,61296.776,3511653680.07112,,archive_metrics_daily
2021-12-01 12:30:00+00:00,BTCUSDT,61290.313,3509852290.06426,,archive_metrics_daily
2021-12-01 12:35:00+00:00,BTCUSDT,61274.536,3508703093.17736,,archive_metrics_daily
2021-12-01 12:40:00+00:00,BTCUSDT,61272.154,3507219911.3760686,,archive_metrics_daily
2021-12-01 12:45:00+00:00,BTCUSDT,61271.486,3501217535.6783757,,archive_metrics_daily
2021-12-01 12:50:00+00:00,BTCUSDT,61348.119,3506986694.47665,,archive_metrics_daily
2021-12-01 12:55:00+00:00,BTCUSDT,61185.464,3490964793.83344,,archive_metrics_daily
2021-12-01 13:00:00+00:00,BTCUSDT,61180.828,3494792361.941579,,archive_metrics_daily
2021-12-01 13:05:00+00:00,BTCUSDT,61178.085,3507615204.1248035,,archive_metrics_daily
2021-12-01 13:10:00+00:00,BTCUSDT,61170.298,3499989599.787188,,archive_metrics_daily
2021-12-01 13:15:00+00:00,BTCUSDT,61183.722,3504303455.9511776,,archive_metrics_daily
2021-12-01 13:20:00+00:00,BTCUSDT,61174.872,3506893548.805824,,archive_metrics_daily
2021-12-01 13:25:00+00:00,BTCUSDT,61111.592,3504561577.49664,,archive_metrics_daily
2021-12-01 13:30:00+00:00,BTCUSDT,61065.14,3503329878.790728,,archive_metrics_daily
2021-12-01 13:35:00+00:00,BTCUSDT,60978.514,3514482228.632208,,archive_metrics_daily
2021-12-01 13:40:00+00:00,BTCUSDT,61190.013,3541751199.1673365,,archive_metrics_daily
2021-12-01 13:45:00+00:00,BTCUSDT,61059.608,3526840815.03696,,archive_metrics_daily
2021-12-01 13:50:00+00:00,BTCUSDT,60867.635,3509490030.3343425,,archive_metrics_daily
2021-12-01 13:55:00+00:00,BTCUSDT,60953.184,3516184402.132498,,archive_metrics_daily
2021-12-01 14:00:00+00:00,BTCUSDT,60958.086,3516246493.89972,,archive_metrics_daily
2021-12-01 14:05:00+00:00,BTCUSDT,60984.778,3531466929.7251263,,archive_metrics_daily
2021-12-01 14:10:00+00:00,BTCUSDT,61137.498,3547525942.32426,,archive_metrics_daily
2021-12-01 14:15:00+00:00,BTCUSDT,61174.582,3546402002.9134893,,archive_metrics_daily
2021-12-01 14:20:00+00:00,BTCUSDT,61136.914,3561068730.00016,,archive_metrics_daily
2021-12-01 14:25:00+00:00,BTCUSDT,61053.81,3559592199.6774,,archive_metrics_daily
2021-12-01 14:30:00+00:00,BTCUSDT,61135.373,3577963249.0480833,,archive_metrics_daily
2021-12-01 14:35:00+00:00,BTCUSDT,61127.422,3567670268.708889,,archive_metrics_daily
2021-12-01 14:40:00+00:00,BTCUSDT,61248.704,3582289889.7692733,,archive_metrics_daily
2021-12-01 14:45:00+00:00,BTCUSDT,61277.865,3589543580.729668,,archive_metrics_daily
2021-12-01 14:50:00+00:00,BTCUSDT,61026.606,3566909919.19464,,archive_metrics_daily
2021-12-01 14:55:00+00:00,BTCUSDT,60932.305,3565088842.56805,,archive_metrics_daily
2021-12-01 15:00:00+00:00,BTCUSDT,61036.745,3575288375.12,,archive_metrics_daily
2021-12-01 15:05:00+00:00,BTCUSDT,61097.463,3578880429.21654,,archive_metrics_daily
2021-12-01 15:10:00+00:00,BTCUSDT,60991.644,3571580405.00688,,archive_metrics_daily
2021-12-01 15:15:00+00:00,BTCUSDT,60895.198,3559994706.8968368,,archive_metrics_daily
2021-12-01 15:20:00+00:00,BTCUSDT,61035.98,3562880116.3712,,archive_metrics_daily
2021-12-01 15:25:00+00:00,BTCUSDT,61022.483,3566217980.12715,,archive_metrics_daily
2021-12-01 15:30:00+00:00,BTCUSDT,61039.168,3572659736.93248,,archive_metrics_daily
2021-12-01 15:35:00+00:00,BTCUSDT,61212.84,3591027385.5924,,archive_metrics_daily
2021-12-01 15:40:00+00:00,BTCUSDT,61068.582,3569403000.720392,,archive_metrics_daily
2021-12-01 15:45:00+00:00,BTCUSDT,61147.497,3574348809.28638,,archive_metrics_daily
2021-12-01 15:50:00+00:00,BTCUSDT,61275.557,3586068152.9839344,,archive_metrics_daily
2021-12-01 15:55:00+00:00,BTCUSDT,61257.302,3592282557.68104,,archive_metrics_daily
2021-12-01 16:00:00+00:00,BTCUSDT,61248.792,3592250225.63088,,archive_metrics_daily
2021-12-01 16:05:00+00:00,BTCUSDT,61295.691,3596743495.04187,,archive_metrics_daily
2021-12-01 16:10:00+00:00,BTCUSDT,61587.165,3626265824.3763,,archive_metrics_daily
2021-12-01 16:15:00+00:00,BTCUSDT,61744.501,3641288712.2784896,,archive_metrics_daily
2021-12-01 16:20:00+00:00,BTCUSDT,61734.791,3640612059.561275,,archive_metrics_daily
2021-12-01 16:25:00+00:00,BTCUSDT,61754.367,3634457550.5161505,,archive_metrics_daily
2021-12-01 16:30:00+00:00,BTCUSDT,61768.516,3633850813.2275825,,archive_metrics_daily
2021-12-01 16:35:00+00:00,BTCUSDT,61671.19,3615470009.0188255,,archive_metrics_daily
2021-12-01 16:40:00+00:00,BTCUSDT,61696.334,3619202581.7577,,archive_metrics_daily
2021-12-01 16:45:00+00:00,BTCUSDT,61703.928,3621176675.748844,,archive_metrics_daily
2021-12-01 16:50:00+00:00,BTCUSDT,61806.888,3628483505.5802526,,archive_metrics_daily
2021-12-01 16:55:00+00:00,BTCUSDT,61855.352,3621894855.3419385,,archive_metrics_daily
2021-12-01 17:00:00+00:00,BTCUSDT,61767.65,3612013505.072943,,archive_metrics_daily
2021-12-01 17:05:00+00:00,BTCUSDT,61767.57,3620212101.9168,,archive_metrics_daily
2021-12-01 17:10:00+00:00,BTCUSDT,61768.446,3611654866.9169855,,archive_metrics_daily
2021-12-01 17:15:00+00:00,BTCUSDT,61828.132,3618375941.270745,,archive_metrics_daily
2021-12-01 17:20:00+00:00,BTCUSDT,61767.672,3618405198.98808,,archive_metrics_daily
2021-12-01 17:25:00+00:00,BTCUSDT,61734.893,3609399044.9762306,,archive_metrics_daily
2021-12-01 17:30:00+00:00,BTCUSDT,61794.092,3607163382.88064,,archive_metrics_daily
2021-12-01 17:35:00+00:00,BTCUSDT,61925.388,3619951970.93796,,archive_metrics_daily
2021-12-01 17:40:00+00:00,BTCUSDT,61920.171,3617912618.50086,,archive_metrics_daily
2021-12-01 17:45:00+00:00,BTCUSDT,61904.769,3616513367.360452,,archive_metrics_daily
2021-12-01 17:50:00+00:00,BTCUSDT,61763.407,3611904894.7038302,,archive_metrics_daily
2021-12-01 17:55:00+00:00,BTCUSDT,61827.354,3597412731.9155927,,archive_metrics_daily
2021-12-01 18:00:00+00:00,BTCUSDT,61779.442,3586562420.9764514,,archive_metrics_daily
2021-12-01 18:05:00+00:00,BTCUSDT,61475.188,3564076612.3569546,,archive_metrics_daily
2021-12-01 18:10:00+00:00,BTCUSDT,61345.877,3549157290.9706326,,archive_metrics_daily
2021-12-01 18:15:00+00:00,BTCUSDT,61404.002,3546127782.54152,,archive_metrics_daily
2021-12-01 18:20:00+00:00,BTCUSDT,61293.074,3534158033.90926,,archive_metrics_daily
2021-12-01 18:25:00+00:00,BTCUSDT,61229.78,3541748453.2168,,archive_metrics_daily
2021-12-01 18:30:00+00:00,BTCUSDT,61161.036,3538469291.33856,,archive_metrics_daily
2021-12-01 18:35:00+00:00,BTCUSDT,61124.05,3533282052.174585,,archive_metrics_daily
2021-12-01 18:40:00+00:00,BTCUSDT,61137.893,3533562346.5638,,archive_metrics_daily
2021-12-01 18:45:00+00:00,BTCUSDT,61080.763,3525321248.6957808,,archive_metrics_daily
2021-12-01 18:50:00+00:00,BTCUSDT,61042.544,3510753089.362028,,archive_metrics_daily
2021-12-01 18:55:00+00:00,BTCUSDT,61005.74,3507708036.348196,,archive_metrics_daily
2021-12-01 19:00:00+00:00,BTCUSDT,60993.062,3507769376.5223746,,archive_metrics_daily
2021-12-01 19:05:00+00:00,BTCUSDT,60918.752,3500495660.98592,,archive_metrics_daily
2021-12-01 19:10:00+00:00,BTCUSDT,60644.423,3474183495.2807946,,archive_metrics_daily
2021-12-01 19:15:00+00:00,BTCUSDT,60949.873,3479753774.9740505,,archive_metrics_daily
2021-12-01 19:20:00+00:00,BTCUSDT,61301.249,3504135450.5908847,,archive_metrics_daily
2021-12-01 19:25:00+00:00,BTCUSDT,60955.481,3498234445.03519,,archive_metrics_daily
2021-12-01 19:30:00+00:00,BTCUSDT,60807.004,3497788521.62116,,archive_metrics_daily
2021-12-01 19:35:00+00:00,BTCUSDT,60641.199,3488817950.63586,,archive_metrics_daily
2021-12-01 19:40:00+00:00,BTCUSDT,60722.716,3499831461.73648,,archive_metrics_daily
2021-12-01 19:45:00+00:00,BTCUSDT,60650.662,3491685331.0685964,,archive_metrics_daily
2021-12-01 19:50:00+00:00,BTCUSDT,60530.328,3490420833.792,,archive_metrics_daily
2021-12-01 19:55:00+00:00,BTCUSDT,60446.984,3472801333.70768,,archive_metrics_daily
2021-12-01 20:00:00+00:00,BTCUSDT,60335.565,3467512225.537852,,archive_metrics_daily
2021-12-01 20:05:00+00:00,BTCUSDT,60282.742,3450651668.75104,,archive_metrics_daily
2021-12-01 20:10:00+00:00,BTCUSDT,60407.474,3453006352.0185857,,archive_metrics_daily
2021-12-01 20:15:00+00:00,BTCUSDT,60417.898,3465443147.51522,,archive_metrics_daily
2021-12-01 20:20:00+00:00,BTCUSDT,60466.438,3459531354.3876295,,archive_metrics_daily
2021-12-01 20:25:00+00:00,BTCUSDT,60578.562,3456140234.9364,,archive_metrics_daily
2021-12-01 20:30:00+00:00,BTCUSDT,60343.374,3438945953.77788,,archive_metrics_daily
2021-12-01 20:35:00+00:00,BTCUSDT,60213.462,3431993317.09482,,archive_metrics_daily
2021-12-01 20:40:00+00:00,BTCUSDT,60228.64,3439670278.4144,,archive_metrics_daily
2021-12-01 20:45:00+00:00,BTCUSDT,60104.304,3439918020.929105,,archive_metrics_daily
2021-12-01 20:50:00+00:00,BTCUSDT,60150.973,3426545943.019125,,archive_metrics_daily
2021-12-01 20:55:00+00:00,BTCUSDT,60233.499,3428480905.079432,,archive_metrics_daily
2021-12-01 21:00:00+00:00,BTCUSDT,60449.481,3435496942.41693,,archive_metrics_daily
2021-12-01 21:05:00+00:00,BTCUSDT,60585.932,3433764419.906638,,archive_metrics_daily
2021-12-01 21:10:00+00:00,BTCUSDT,60552.202,3447918505.9502735,,archive_metrics_daily
2021-12-01 21:15:00+00:00,BTCUSDT,60515.621,3447590991.046411,,archive_metrics_daily
2021-12-01 21:20:00+00:00,BTCUSDT,60499.847,3442659728.1935506,,archive_metrics_daily
2021-12-01 21:25:00+00:00,BTCUSDT,60539.477,3442034320.49631,,archive_metrics_daily
2021-12-01 21:30:00+00:00,BTCUSDT,60555.428,3426831812.5654726,,archive_metrics_daily
2021-12-01 21:35:00+00:00,BTCUSDT,60571.233,3433859321.5368447,,archive_metrics_daily
2021-12-01 21:40:00+00:00,BTCUSDT,60572.457,3431550833.964,,archive_metrics_daily
2021-12-01 21:45:00+00:00,BTCUSDT,60629.155,3444389227.8768,,archive_metrics_daily
2021-12-01 21:50:00+00:00,BTCUSDT,60570.908,3435477911.5699744,,archive_metrics_daily
2021-12-01 21:55:00+00:00,BTCUSDT,60419.319,3439231978.02768,,archive_metrics_daily
2021-12-01 22:00:00+00:00,BTCUSDT,60457.362,3446705645.44824,,archive_metrics_daily
2021-12-01 22:05:00+00:00,BTCUSDT,60448.928,3454694833.66669,,archive_metrics_daily
2021-12-01 22:10:00+00:00,BTCUSDT,60471.477,3455501939.6558967,,archive_metrics_daily
2021-12-01 22:15:00+00:00,BTCUSDT,60364.362,3432758243.8919606,,archive_metrics_daily
2021-12-01 22:20:00+00:00,BTCUSDT,60372.044,3422114777.297328,,archive_metrics_daily
2021-12-01 22:25:00+00:00,BTCUSDT,60456.379,3433097702.19044,,archive_metrics_daily
2021-12-01 22:30:00+00:00,BTCUSDT,60444.161,3441085481.28839,,archive_metrics_daily
2021-12-01 22:35:00+00:00,BTCUSDT,60483.106,3434226342.6154895,,archive_metrics_daily
2021-12-01 22:40:00+00:00,BTCUSDT,60514.731,3450998577.530402,,archive_metrics_daily
2021-12-01 22:45:00+00:00,BTCUSDT,60499.426,3442417944.39426,,archive_metrics_daily
2021-12-01 22:50:00+00:00,BTCUSDT,60657.62,3459011698.8716,,archive_metrics_daily
2021-12-01 22:55:00+00:00,BTCUSDT,60678.189,3465475181.09793,,archive_metrics_daily
2021-12-01 23:00:00+00:00,BTCUSDT,60709.274,3465228718.316703,,archive_metrics_daily
2021-12-01 23:05:00+00:00,BTCUSDT,60792.612,3470548695.41796,,archive_metrics_daily
2021-12-01 23:10:00+00:00,BTCUSDT,60816.204,3477835767.5399685,,archive_metrics_daily
2021-12-01 23:15:00+00:00,BTCUSDT,60731.927,3471757611.89456,,archive_metrics_daily
2021-12-01 23:20:00+00:00,BTCUSDT,60678.014,3462690389.5177803,,archive_metrics_daily
2021-12-01 23:25:00+00:00,BTCUSDT,60672.397,3466197052.33884,,archive_metrics_daily
2021-12-01 23:30:00+00:00,BTCUSDT,60643.923,3469023229.8635426,,archive_metrics_daily
2021-12-01 23:35:00+00:00,BTCUSDT,60702.972,3471427704.030164,,archive_metrics_daily
2021-12-01 23:40:00+00:00,BTCUSDT,60706.194,3473153515.5608015,,archive_metrics_daily
2021-12-01 23:45:00+00:00,BTCUSDT,60706.284,3466849964.357717,,archive_metrics_daily
2021-12-01 23:50:00+00:00,BTCUSDT,60661.563,3466243265.0046186,,archive_metrics_daily
2021-12-01 23:55:00+00:00,BTCUSDT,60657.802,3466983413.96686,,archive_metrics_daily
2021-12-02 00:00:00+00:00,BTCUSDT,60696.107,3472411535.28753,,archive_metrics_daily
2021-12-02 00:05:00+00:00,BTCUSDT,60482.565,3449733167.71902,,archive_metrics_daily
2021-12-02 00:10:00+00:00,BTCUSDT,60377.327,3443092845.048989,,archive_metrics_daily
2021-12-02 00:15:00+00:00,BTCUSDT,60371.862,3446476257.05052,,archive_metrics_daily
2021-12-02 00:20:00+00:00,BTCUSDT,60353.552,3438381172.2875586,,archive_metrics_daily
2021-12-02 00:25:00+00:00,BTCUSDT,60366.137,3451136534.0790668,,archive_metrics_daily
2021-12-02 00:30:00+00:00,BTCUSDT,60342.276,3441320603.70276,,archive_metrics_daily
2021-12-02 00:35:00+00:00,BTCUSDT,60394.735,3446474028.6024046,,archive_metrics_daily
2021-12-02 00:40:00+00:00,BTCUSDT,60382.476,3435021387.59472,,archive_metrics_daily
2021-12-02 00:45:00+00:00,BTCUSDT,60420.24,3435642376.9192343,,archive_metrics_daily
2021-12-02 00:50:00+00:00,BTCUSDT,60487.379,3433072772.523916,,archive_metrics_daily
2021-12-02 00:55:00+00:00,BTCUSDT,60473.978,3439106749.6776,,archive_metrics_daily
2021-12-02 01:00:00+00:00,BTCUSDT,60468.157,3448832261.836687,,archive_metrics_daily
2021-12-02 01:05:00+00:00,BTCUSDT,60534.609,3445037915.80398,,archive_metrics_daily
2021-12-02 01:10:00+00:00,BTCUSDT,60584.583,3449603060.2173653,,archive_metrics_daily
2021-12-02 01:15:00+00:00,BTCUSDT,60495.01,3453689158.5048,,archive_metrics_daily
2021-12-02 01:20:00+00:00,BTCUSDT,60502.239,3453208974.2355185,,archive_metrics_daily
2021-12-02 01:25:00+00:00,BTCUSDT,60537.314,3450352888.0234437,,archive_metrics_daily
2021-12-02 01:30:00+00:00,BTCUSDT,60289.654,3457017803.8081,,archive_metrics_daily
2021-12-02 01:35:00+00:00,BTCUSDT,60235.563,3447363179.8602805,,archive_metrics_daily
2021-12-02 01:40:00+00:00,BTCUSDT,60282.911,3445228646.561,,archive_metrics_daily
2021-12-02 01:45:00+00:00,BTCUSDT,60285.411,3446398657.1297927,,archive_metrics_daily
2021-12-02 01:50:00+00:00,BTCUSDT,60304.435,3447058190.7689,,archive_metrics_daily
2021-12-02 01:55:00+00:00,BTCUSDT,60267.417,3445114571.9046,,archive_metrics_daily
2021-12-02 02:00:00+00:00,BTCUSDT,60227.959,3447800104.44056,,archive_metrics_daily
2021-12-02 02:05:00+00:00,BTCUSDT,60265.224,3446501868.8136,,archive_metrics_daily
2021-12-02 02:10:00+00:00,BTCUSDT,60503.556,3445937679.4908,,archive_metrics_daily
2021-12-02 02:15:00+00:00,BTCUSDT,60541.813,3447370955.680695,,archive_metrics_daily
2021-12-02 02:20:00+00:00,BTCUSDT,60583.362,3446598369.18516,,archive_metrics_daily
2021-12-02 02:25:00+00:00,BTCUSDT,60576.968,3452322238.633569,,archive_metrics_daily
2021-12-02 02:30:00+00:00,BTCUSDT,60631.747,3452364731.750383,,archive_metrics_daily
2021-12-02 02:35:00+00:00,BTCUSDT,60622.253,3457436825.55491,,archive_metrics_daily
2021-12-02 02:40:00+00:00,BTCUSDT,60644.157,3455562890.69229,,archive_metrics_daily
2021-12-02 02:45:00+00:00,BTCUSDT,60593.092,3460157005.97252,,archive_metrics_daily
2021-12-02 02:50:00+00:00,BTCUSDT,60647.121,3457689125.762302,,archive_metrics_daily
2021-12-02 02:55:00+00:00,BTCUSDT,60653.849,3459606385.80197,,archive_metrics_daily
2021-12-02 03:00:00+00:00,BTCUSDT,60635.292,3455578119.537964,,archive_metrics_daily
2021-12-02 03:05:00+00:00,BTCUSDT,60571.301,3439666788.9181666,,archive_metrics_daily
2021-12-02 03:10:00+00:00,BTCUSDT,60426.301,3394857499.9589877,,archive_metrics_daily
2021-12-02 03:15:00+00:00,BTCUSDT,60786.039,3413486520.1351333,,archive_metrics_daily
2021-12-02 03:20:00+00:00,BTCUSDT,61095.12,3415463421.3336,,archive_metrics_daily
2021-12-02 03:25:00+00:00,BTCUSDT,60781.875,3408041014.70123,,archive_metrics_daily
2021-12-02 03:30:00+00:00,BTCUSDT,60898.184,3409242282.6197615,,archive_metrics_daily
2021-12-02 03:35:00+00:00,BTCUSDT,60943.777,3410459468.75275,,archive_metrics_daily
2021-12-02 03:40:00+00:00,BTCUSDT,61051.676,3419999501.85236,,archive_metrics_daily
2021-12-02 03:45:00+00:00,BTCUSDT,61082.435,3428504545.6559,,archive_metrics_daily
2021-12-02 03:50:00+00:00,BTCUSDT,61228.628,3442833708.1062,,archive_metrics_daily
2021-12-02 03:55:00+00:00,BTCUSDT,61281.416,3459672980.988,,archive_metrics_daily
2021-12-02 04:00:00+00:00,BTCUSDT,61144.911,3444099941.545364,,archive_metrics_daily
2021-12-02 04:05:00+00:00,BTCUSDT,60816.547,3431581829.3105087,,archive_metrics_daily
2021-12-02 04:10:00+00:00,BTCUSDT,60814.645,3427687930.23115,,archive_metrics_daily
2021-12-02 04:15:00+00:00,BTCUSDT,60794.79,3434905635.0,,archive_metrics_daily
2021-12-02 04:20:00+00:00,BTCUSDT,60847.997,3440175535.440576,,archive_metrics_daily
2021-12-02 04:25:00+00:00,BTCUSDT,60873.695,3439881090.8690314,,archive_metrics_daily
2021-12-02 04:30:00+00:00,BTCUSDT,60880.286,3445319490.02906,,archive_metrics_daily
2021-12-02 04:35:00+00:00,BTCUSDT,60842.79,3447421842.1806,,archive_metrics_daily
2021-12-02 04:40:00+00:00,BTCUSDT,60856.05,3440220500.283,,archive_metrics_daily
2021-12-02 04:45:00+00:00,BTCUSDT,60804.022,3436422399.5639377,,archive_metrics_daily
2021-12-02 04:50:00+00:00,BTCUSDT,60896.878,3443173423.8419,,archive_metrics_daily
2021-12-02 04:55:00+00:00,BTCUSDT,60876.507,3441855541.4233575,,archive_metrics_daily
2021-12-02 05:00:00+00:00,BTCUSDT,60816.983,3436081693.76176,,archive_metrics_daily
2021-12-02 05:05:00+00:00,BTCUSDT,60707.755,3441234208.5941887,,archive_metrics_daily
2021-12-02 05:10:00+00:00,BTCUSDT,60714.306,3444019007.85,,archive_metrics_daily
2021-12-02 05:15:00+00:00,BTCUSDT,61048.481,3467733588.723433,,archive_metrics_daily
2021-12-02 05:20:00+00:00,BTCUSDT,61090.566,3477393642.8557324,,archive_metrics_daily
2021-12-02 05:25:00+00:00,BTCUSDT,60913.288,3464058283.01984,,archive_metrics_daily
2021-12-02 05:30:00+00:00,BTCUSDT,60887.065,3460675863.3853,,archive_metrics_daily
2021-12-02 05:35:00+00:00,BTCUSDT,60962.759,3463476007.81182,,archive_metrics_daily
2021-12-02 05:40:00+00:00,BTCUSDT,60896.061,3455886402.0366387,,archive_metrics_daily
2021-12-02 05:45:00+00:00,BTCUSDT,60847.499,3461012436.34489,,archive_metrics_daily
2021-12-02 05:50:00+00:00,BTCUSDT,60819.276,3461801511.9221516,,archive_metrics_daily
2021-12-02 05:55:00+00:00,BTCUSDT,60839.042,3463312962.25486,,archive_metrics_daily
2021-12-02 06:00:00+00:00,BTCUSDT,60857.139,3463898312.420424,,archive_metrics_daily
2021-12-02 06:05:00+00:00,BTCUSDT,60749.31,3451784519.591198,,archive_metrics_daily
2021-12-02 06:10:00+00:00,BTCUSDT,60704.27,3448896642.3296046,,archive_metrics_daily
2021-12-02 06:15:00+00:00,BTCUSDT,60722.907,3443038296.4034843,,archive_metrics_daily
2021-12-02 06:20:00+00:00,BTCUSDT,60743.008,3442128537.862096,,archive_metrics_daily
2021-12-02 06:25:00+00:00,BTCUSDT,60812.061,3446897646.463862,,archive_metrics_daily
2021-12-02 06:30:00+00:00,BTCUSDT,60884.649,3456035685.4379854,,archive_metrics_daily
2021-12-02 06:35:00+00:00,BTCUSDT,60868.903,3440890478.20559,,archive_metrics_daily
2021-12-02 06:40:00+00:00,BTCUSDT,60513.453,3415930564.87683,,archive_metrics_daily
2021-12-02 06:45:00+00:00,BTCUSDT,60575.644,3423402838.59444,,archive_metrics_daily
2021-12-02 06:50:00+00:00,BTCUSDT,60579.727,3427353182.57657,,archive_metrics_daily
2021-12-02 06:55:00+00:00,BTCUSDT,60584.884,3428846948.643,,archive_metrics_daily
2021-12-02 07:00:00+00:00,BTCUSDT,60564.78,3432525864.6384,,archive_metrics_daily
2021-12-02 07:05:00+00:00,BTCUSDT,60553.534,3441105485.551424,,archive_metrics_daily
2021-12-02 07:10:00+00:00,BTCUSDT,60510.169,3432007672.9594846,,archive_metrics_daily
2021-12-02 07:15:00+00:00,BTCUSDT,60522.805,3436027592.7903247,,archive_metrics_daily
2021-12-02 07:20:00+00:00,BTCUSDT,60425.06,3436407000.2336,,archive_metrics_daily
2021-12-02 07:25:00+00:00,BTCUSDT,60411.519,3436741368.840504,,archive_metrics_daily
2021-12-02 07:30:00+00:00,BTCUSDT,60401.351,3436388089.86207,,archive_metrics_daily
2021-12-02 07:35:00+00:00,BTCUSDT,60326.991,3417688490.060917,,archive_metrics_daily
2021-12-02 07:40:00+00:00,BTCUSDT,60269.795,3423780598.34815,,archive_metrics_daily
2021-12-02 07:45:00+00:00,BTCUSDT,60277.142,3419636792.2298,,archive_metrics_daily
2021-12-02 07:50:00+00:00,BTCUSDT,60285.732,3425624589.43848,,archive_metrics_daily
2021-12-02 07:55:00+00:00,BTCUSDT,60274.336,3423887802.6919017,,archive_metrics_daily
2021-12-02 08:00:00+00:00,BTCUSDT,60263.489,3424510377.3713727,,archive_metrics_daily
2021-12-02 08:05:00+00:00,BTCUSDT,60151.391,3420801865.3368163,,archive_metrics_daily
2021-12-02 08:10:00+00:00,BTCUSDT,60136.242,3419626955.00772,,archive_metrics_daily
2021-12-02 08:15:00+00:00,BTCUSDT,59971.117,3408012176.971492,,archive_metrics_daily
2021-12-02 08:20:00+00:00,BTCUSDT,59928.725,3410872748.45025,,archive_metrics_daily
2021-12-02 08:25:00+00:00,BTCUSDT,59913.91,3418357897.244952,,archive_metrics_daily
2021-12-02 08:30:00+00:00,BTCUSDT,59950.693,3426744975.24294,,archive_metrics_daily
2021-12-02 08:35:00+00:00,BTCUSDT,59815.589,3412971036.59158,,archive_metrics_daily
2021-12-02 08:40:00+00:00,BTCUSDT,59827.969,3417913237.56038,,archive_metrics_daily
2021-12-02 08:45:00+00:00,BTCUSDT,59833.218,3409043255.3981357,,archive_metrics_daily
2021-12-02 08:50:00+00:00,BTCUSDT,59868.553,3411008412.43288,,archive_metrics_daily
2021-12-02 08:55:00+00:00,BTCUSDT,59901.355,3412340588.93,,archive_metrics_daily
2021-12-02 09:00:00+00:00,BTCUSDT,59929.398,3414081704.245071,,archive_metrics_daily
2021-12-02 09:05:00+00:00,BTCUSDT,59942.952,3415597807.789591,,archive_metrics_daily
2021-12-02 09:10:00+00:00,BTCUSDT,59925.879,3414028020.3334746,,archive_metrics_daily
2021-12-02 09:15:00+00:00,BTCUSDT,59876.951,3418699066.89491,,archive_metrics_daily
2021-12-02 09:20:00+00:00,BTCUSDT,59889.598,3414755530.9879866,,archive_metrics_daily
2021-12-02 09:25:00+00:00,BTCUSDT,59921.863,3414483328.7449036,,archive_metrics_daily
2021-12-02 09:30:00+00:00,BTCUSDT,59962.067,3405914989.3847413,,archive_metrics_daily
2021-12-02 09:35:00+00:00,BTCUSDT,59796.183,3392635649.7949147,,archive_metrics_daily
2021-12-02 09:40:00+00:00,BTCUSDT,60063.414,3403364484.440035,,archive_metrics_daily
2021-12-02 09:45:00+00:00,BTCUSDT,60059.986,3407449682.82357,,archive_metrics_daily
2021-12-02 09:50:00+00:00,BTCUSDT,60085.622,3406702918.106986,,archive_metrics_daily
2021-12-02 09:55:00+00:00,BTCUSDT,60106.371,3407729315.713005,,archive_metrics_daily
2021-12-02 10:00:00+00:00,BTCUSDT,60152.384,3411589377.41952,,archive_metrics_daily
2021-12-02 10:05:00+00:00,BTCUSDT,60197.87,3415899447.3931074,,archive_metrics_daily
2021-12-02 10:10:00+00:00,BTCUSDT,60193.189,3417491074.437191,,archive_metrics_daily
2021-12-02 10:15:00+00:00,BTCUSDT,60225.882,3414417600.4975944,,archive_metrics_daily
2021-12-02 10:20:00+00:00,BTCUSDT,60161.191,3402040751.17316,,archive_metrics_daily
2021-12-02 10:25:00+00:00,BTCUSDT,60189.59,3406393819.3042655,,archive_metrics_daily
2021-12-02 10:30:00+00:00,BTCUSDT,60242.355,3406715141.83196,,archive_metrics_daily
2021-12-02 10:35:00+00:00,BTCUSDT,60268.699,3415233429.335573,,archive_metrics_daily
2021-12-02 10:40:00+00:00,BTCUSDT,60317.987,3416870583.633691,,archive_metrics_daily
2021-12-02 10:45:00+00:00,BTCUSDT,60438.856,3420605844.686968,,archive_metrics_daily
2021-12-02 10:50:00+00:00,BTCUSDT,60466.907,3419349775.30277,,archive_metrics_daily
2021-12-02 10:55:00+00:00,BTCUSDT,60467.205,3419568587.40225,,archive_metrics_daily
2021-12-02 11:00:00+00:00,BTCUSDT,60509.628,3424239848.52,,archive_metrics_daily
2021-12-02 11:05:00+00:00,BTCUSDT,60489.742,3420045411.93278,,archive_metrics_daily
2021-12-02 11:10:00+00:00,BTCUSDT,60471.067,3411029688.2264986,,archive_metrics_daily
2021-12-02 11:15:00+00:00,BTCUSDT,60693.216,3409444443.4608,,archive_metrics_daily
2021-12-02 11:20:00+00:00,BTCUSDT,60802.845,3423843053.1460195,,archive_metrics_daily
2021-12-02 11:25:00+00:00,BTCUSDT,60799.02,3414614624.9166,,archive_metrics_daily
2021-12-02 11:30:00+00:00,BTCUSDT,60944.579,3439263486.65856,,archive_metrics_daily
2021-12-02 11:35:00+00:00,BTCUSDT,60986.431,3435885235.145293,,archive_metrics_daily
2021-12-02 11:40:00+00:00,BTCUSDT,61054.274,3443878574.4310966,,archive_metrics_daily
2021-12-02 11:45:00+00:00,BTCUSDT,61126.227,3451851218.50749,,archive_metrics_daily
2021-12-02 11:50:00+00:00,BTCUSDT,61171.062,3445766534.17062,,archive_metrics_daily
2021-12-02 11:55:00+00:00,BTCUSDT,61195.264,3449924526.761564,,archive_metrics_daily
2021-12-02 12:00:00+00:00,BTCUSDT,61229.793,3450470278.9704,,archive_metrics_daily
2021-12-02 12:05:00+00:00,BTCUSDT,61322.204,3454004757.7738953,,archive_metrics_daily
2021-12-02 12:10:00+00:00,BTCUSDT,61383.223,3447234966.4835505,,archive_metrics_daily
2021-12-02 12:15:00+00:00,BTCUSDT,61483.611,3452056363.86156,,archive_metrics_daily
2021-12-02 12:20:00+00:00,BTCUSDT,61620.433,3462233485.5347166,,archive_metrics_daily
2021-12-02 12:25:00+00:00,BTCUSDT,61627.008,3467136086.35008,,archive_metrics_daily
2021-12-02 12:30:00+00:00,BTCUSDT,61556.333,3474749732.790872,,archive_metrics_daily
2021-12-02 12:35:00+00:00,BTCUSDT,61535.92,3472818412.8296,,archive_metrics_daily
2021-12-02 12:40:00+00:00,BTCUSDT,61459.797,3468789910.1326704,,archive_metrics_daily
2021-12-02 12:45:00+00:00,BTCUSDT,61507.217,3468864342.05656,,archive_metrics_daily
2021-12-02 12:50:00+00:00,BTCUSDT,61512.344,3464190061.92456,,archive_metrics_daily
2021-12-02 12:55:00+00:00,BTCUSDT,61559.357,3481880337.05195,,archive_metrics_daily
2021-12-02 13:00:00+00:00,BTCUSDT,61462.112,3476123116.94304,,archive_metrics_daily
2021-12-02 13:05:00+00:00,BTCUSDT,61404.52,3468208957.6116,,archive_metrics_daily
2021-12-02 13:10:00+00:00,BTCUSDT,61421.501,3476546631.99146,,archive_metrics_daily
2021-12-02 13:15:00+00:00,BTCUSDT,61477.706,3477162452.37938,,archive_metrics_daily
2021-12-02 13:20:00+00:00,BTCUSDT,61456.68,3473929707.336243,,archive_metrics_daily
2021-12-02 13:25:00+00:00,BTCUSDT,61304.468,3450783138.41368,,archive_metrics_daily
2021-12-02 13:30:00+00:00,BTCUSDT,61557.405,3455966296.26885,,archive_metrics_daily
2021-12-02 13:35:00+00:00,BTCUSDT,61538.455,3468021785.3688,,archive_metrics_daily
2021-12-02 13:40:00+00:00,BTCUSDT,61569.235,3459637547.941831,,archive_metrics_daily
2021-12-02 13:45:00+00:00,BTCUSDT,61626.517,3470521527.59259,,archive_metrics_daily
2021-12-02 13:50:00+00:00,BTCUSDT,61637.632,3468531301.0612054,,archive_metrics_daily
2021-12-02 13:55:00+00:00,BTCUSDT,61625.413,3467292240.4608374,,archive_metrics_daily
2021-12-02 14:00:00+00:00,BTCUSDT,61534.333,3476673200.23009,,archive_metrics_daily
2021-12-02 14:05:00+00:00,BTCUSDT,61477.104,3466170891.1622195,,archive_metrics_daily
2021-12-02 14:10:00+00:00,BTCUSDT,61518.865,3474670809.641341,,archive_metrics_daily
2021-12-02 14:15:00+00:00,BTCUSDT,61157.079,3469721379.9662848,,archive_metrics_daily
2021-12-02 14:20:00+00:00,BTCUSDT,60945.483,3448771917.6935306,,archive_metrics_daily
2021-12-02 14:25:00+00:00,BTCUSDT,60961.91,3453447089.6866,,archive_metrics_daily
2021-12-02 14:30:00+00:00,BTCUSDT,60911.701,3441771924.1133304,,archive_metrics_daily
2021-12-02 14:35:00+00:00,BTCUSDT,60896.134,3443976736.680938,,archive_metrics_daily
2021-12-02 14:40:00+00:00,BTCUSDT,60793.731,3459590140.592525,,archive_metrics_daily
2021-12-02 14:45:00+00:00,BTCUSDT,60613.098,3455908737.261874,,archive_metrics_daily
2021-12-02 14:50:00+00:00,BTCUSDT,60628.495,3461819431.941161,,archive_metrics_daily
2021-12-02 14:55:00+00:00,BTCUSDT,60635.963,3463116307.45012,,archive_metrics_daily
2021-12-02 15:00:00+00:00,BTCUSDT,60500.058,3454778652.350039,,archive_metrics_daily
2021-12-02 15:05:00+00:00,BTCUSDT,60476.746,3461982253.2581,,archive_metrics_daily
2021-12-02 15:10:00+00:00,BTCUSDT,60236.914,3436412540.6242967,,archive_metrics_daily
2021-12-02 15:15:00+00:00,BTCUSDT,60094.923,3415210098.76998,,archive_metrics_daily
2021-12-02 15:20:00+00:00,BTCUSDT,60078.443,3408559176.8705044,,archive_metrics_daily
2021-12-02 15:25:00+00:00,BTCUSDT,59998.214,3400112649.734552,,archive_metrics_daily
2021-12-02 15:30:00+00:00,BTCUSDT,60027.485,3400294259.2233763,,archive_metrics_daily
2021-12-02 15:35:00+00:00,BTCUSDT,59901.594,3378694523.2082047,,archive_metrics_daily
2021-12-02 15:40:00+00:00,BTCUSDT,60422.88,3396602571.051936,,archive_metrics_daily
2021-12-02 15:45:00+00:00,BTCUSDT,60609.424,3404955617.5976,,archive_metrics_daily
2021-12-02 15:50:00+00:00,BTCUSDT,60647.282,3418769160.1707,,archive_metrics_daily
2021-12-02 15:55:00+00:00,BTCUSDT,60584.149,3412596581.6180034,,archive_metrics_daily
2021-12-02 16:00:00+00:00,BTCUSDT,60320.032,3409281573.43648,,archive_metrics_daily
2021-12-02 16:05:00+00:00,BTCUSDT,60229.627,3402321809.736301,,archive_metrics_daily
2021-12-02 16:10:00+00:00,BTCUSDT,60225.778,3414328237.98492,,archive_metrics_daily
2021-12-02 16:15:00+00:00,BTCUSDT,60291.304,3399670148.303074,,archive_metrics_daily
2021-12-02 16:20:00+00:00,BTCUSDT,60781.802,3426506619.94978,,archive_metrics_daily
2021-12-02 16:25:00+00:00,BTCUSDT,60755.605,3425468319.675677,,archive_metrics_daily
2021-12-02 16:30:00+00:00,BTCUSDT,60813.967,3423810240.8700366,,archive_metrics_daily
2021-12-02 16:35:00+00:00,BTCUSDT,60782.592,3414400054.1689606,,archive_metrics_daily
2021-12-02 16:40:00+00:00,BTCUSDT,60768.453,3419466253.550589,,archive_metrics_daily
2021-12-02 16:45:00+00:00,BTCUSDT,61020.021,3426274179.15,,archive_metrics_daily
2021-12-02 16:50:00+00:00,BTCUSDT,61109.515,3435224331.39845,,archive_metrics_daily
2021-12-02 16:55:00+00:00,BTCUSDT,61128.708,3441795263.1745934,,archive_metrics_daily
2021-12-02 17:00:00+00:00,BTCUSDT,61181.924,3448516698.98304,,archive_metrics_daily
2021-12-02 17:05:00+00:00,BTCUSDT,61283.21,3453333396.784,,archive_metrics_daily
2021-12-02 17:10:00+00:00,BTCUSDT,61215.576,3456453633.50088,,archive_metrics_daily
2021-12-02 17:15:00+00:00,BTCUSDT,61189.326,3455335185.5973907,,archive_metrics_daily
2021-12-02 17:20:00+00:00,BTCUSDT,61124.653,3452630303.43071,,archive_metrics_daily
2021-12-02 17:25:00+00:00,BTCUSDT,61104.555,3457919599.40655,,archive_metrics_daily
2021-12-02 17:30:00+00:00,BTCUSDT,61030.184,3450523932.69016,,archive_metrics_daily
2021-12-02 17:35:00+00:00,BTCUSDT,60956.24,3450543172.4936,,archive_metrics_daily
2021-12-02 17:40:00+00:00,BTCUSDT,60955.887,3448169073.90549,,archive_metrics_daily
2021-12-02 17:45:00+00:00,BTCUSDT,60950.255,3446736920.25,,archive_metrics_daily
2021-12-02 17:50:00+00:00,BTCUSDT,60973.374,3451912251.0111933,,archive_metrics_daily
2021-12-02 17:55:00+00:00,BTCUSDT,60904.499,3445188412.4799633,,archive_metrics_daily
2021-12-02 18:00:00+00:00,BTCUSDT,60885.158,3446498782.904956,,archive_metrics_daily
2021-12-02 18:05:00+00:00,BTCUSDT,60938.396,3443873120.92796,,archive_metrics_daily
2021-12-02 18:10:00+00:00,BTCUSDT,60929.61,3437620568.5794,,archive_metrics_daily
2021-12-02 18:15:00+00:00,BTCUSDT,60841.889,3435172692.5331383,,archive_metrics_daily
2021-12-02 18:20:00+00:00,BTCUSDT,60860.555,3431306154.7027693,,archive_metrics_daily
2021-12-02 18:25:00+00:00,BTCUSDT,60828.822,3423120650.8024893,,archive_metrics_daily
2021-12-02 18:30:00+00:00,BTCUSDT,60864.901,3421855201.395752,,archive_metrics_daily
2021-12-02 18:35:00+00:00,BTCUSDT,60754.254,3431074015.57602,,archive_metrics_daily
2021-12-02 18:40:00+00:00,BTCUSDT,60759.099,3430410122.2608,,archive_metrics_daily
2021-12-02 18:45:00+00:00,BTCUSDT,60659.096,3426134321.86184,,archive_metrics_daily
2021-12-02 18:50:00+00:00,BTCUSDT,60696.992,3423531407.142286,,archive_metrics_daily
2021-12-02 18:55:00+00:00,BTCUSDT,60691.395,3440013288.4807158,,archive_metrics_daily
2021-12-02 19:00:00+00:00,BTCUSDT,60535.733,3435100169.085,,archive_metrics_daily
2021-12-02 19:05:00+00:00,BTCUSDT,60757.366,3450778397.2043,,archive_metrics_daily
2021-12-02 19:10:00+00:00,BTCUSDT,60660.816,3443725580.322108,,archive_metrics_daily
2021-12-02 19:15:00+00:00,BTCUSDT,60718.433,3448923573.79136,,archive_metrics_daily
2021-12-02 19:20:00+00:00,BTCUSDT,60712.467,3453520009.97907,,archive_metrics_daily
2021-12-02 19:25:00+00:00,BTCUSDT,60496.697,3438493410.8615856,,archive_metrics_daily
2021-12-02 19:30:00+00:00,BTCUSDT,60439.615,3431914251.92595,,archive_metrics_daily
2021-12-02 19:35:00+00:00,BTCUSDT,60466.065,3432862189.774089,,archive_metrics_daily
2021-12-02 19:40:00+00:00,BTCUSDT,60377.828,3421562606.71932,,archive_metrics_daily
2021-12-02 19:45:00+00:00,BTCUSDT,60371.005,3418665490.8972926,,archive_metrics_daily
2021-12-02 19:50:00+00:00,BTCUSDT,60436.302,3417840286.65654,,archive_metrics_daily
2021-12-02 19:55:00+00:00,BTCUSDT,60483.91,3423326311.831727,,archive_metrics_daily
2021-12-02 20:00:00+00:00,BTCUSDT,60439.797,3423572410.79898,,archive_metrics_daily
2021-12-02 20:05:00+00:00,BTCUSDT,60468.844,3423077585.872289,,archive_metrics_daily
2021-12-02 20:10:00+00:00,BTCUSDT,60332.97,3438097552.689552,,archive_metrics_daily
2021-12-02 20:15:00+00:00,BTCUSDT,60349.878,3434085408.972476,,archive_metrics_daily
2021-12-02 20:20:00+00:00,BTCUSDT,60393.825,3434272195.633206,,archive_metrics_daily
2021-12-02 20:25:00+00:00,BTCUSDT,60337.375,3432688071.1794915,,archive_metrics_daily
2021-12-02 20:30:00+00:00,BTCUSDT,60400.428,3444511374.8109436,,archive_metrics_daily
2021-12-02 20:35:00+00:00,BTCUSDT,60251.798,3441048268.31174,,archive_metrics_daily
2021-12-02 20:40:00+00:00,BTCUSDT,60170.451,3435851889.59298,,archive_metrics_daily
2021-12-02 20:45:00+00:00,BTCUSDT,60008.683,3432254731.962147,,archive_metrics_daily
2021-12-02 20:50:00+00:00,BTCUSDT,59976.415,3425699391.8582487,,archive_metrics_daily
2021-12-02 20:55:00+00:00,BTCUSDT,59966.236,3418202503.295345,,archive_metrics_daily
2021-12-02 21:00:00+00:00,BTCUSDT,59976.437,3419656716.20479,,archive_metrics_daily
2021-12-02 21:05:00+00:00,BTCUSDT,59980.667,3413834104.2710476,,archive_metrics_daily
2021-12-02 21:10:00+00:00,BTCUSDT,59986.341,3413360171.62089,,archive_metrics_daily
2021-12-02 21:15:00+00:00,BTCUSDT,59984.338,3411074763.29842,,archive_metrics_daily
2021-12-02 21:20:00+00:00,BTCUSDT,59983.598,3413974278.03774,,archive_metrics_daily
2021-12-02 21:25:00+00:00,BTCUSDT,59953.894,3412337029.98188,,archive_metrics_daily
2021-12-02 21:30:00+00:00,BTCUSDT,60002.309,3410391438.18003,,archive_metrics_daily
2021-12-02 21:35:00+00:00,BTCUSDT,59948.996,3411425793.40812,,archive_metrics_daily
2021-12-02 21:40:00+00:00,BTCUSDT,59949.891,3412647545.175,,archive_metrics_daily
2021-12-02 21:45:00+00:00,BTCUSDT,59881.149,3415920144.705,,archive_metrics_daily
2021-12-02 21:50:00+00:00,BTCUSDT,59879.185,3409595238.401547,,archive_metrics_daily
2021-12-02 21:55:00+00:00,BTCUSDT,59875.574,3407279414.044,,archive_metrics_daily
2021-12-02 22:00:00+00:00,BTCUSDT,59901.01,3408275194.4903436,,archive_metrics_daily
2021-12-02 22:05:00+00:00,BTCUSDT,59786.621,3393762031.2437863,,archive_metrics_daily
2021-12-02 22:10:00+00:00,BTCUSDT,59775.609,3395482336.27029,,archive_metrics_daily
2021-12-02 22:15:00+00:00,BTCUSDT,59793.02,3397325351.6888914,,archive_metrics_daily
2021-12-02 22:20:00+00:00,BTCUSDT,59755.448,3389774188.6476,,archive_metrics_daily
2021-12-02 22:25:00+00:00,BTCUSDT,59757.353,3393468294.7936816,,archive_metrics_daily
2021-12-02 22:30:00+00:00,BTCUSDT,59774.315,3392629198.8948107,,archive_metrics_daily
2021-12-02 22:35:00+00:00,BTCUSDT,59788.64,3395790595.195744,,archive_metrics_daily
2021-12-02 22:40:00+00:00,BTCUSDT,59772.022,3397463248.40792,,archive_metrics_daily
2021-12-02 22:45:00+00:00,BTCUSDT,59765.187,3399431463.4988422,,archive_metrics_daily
2021-12-02 22:50:00+00:00,BTCUSDT,59759.147,3399723447.4585314,,archive_metrics_daily
2021-12-02 22:55:00+00:00,BTCUSDT,59766.784,3396959920.86528,,archive_metrics_daily
2021-12-02 23:00:00+00:00,BTCUSDT,59755.622,3398372734.77396,,archive_metrics_daily
2021-12-02 23:05:00+00:00,BTCUSDT,59789.464,3392390810.52816,,archive_metrics_daily
2021-12-02 23:10:00+00:00,BTCUSDT,59774.144,3399655037.74144,,archive_metrics_daily
2021-12-02 23:15:00+00:00,BTCUSDT,59799.265,3396151271.8995843,,archive_metrics_daily
2021-12-02 23:20:00+00:00,BTCUSDT,59758.38,3385312824.5838,,archive_metrics_daily
2021-12-02 23:25:00+00:00,BTCUSDT,59707.707,3379722158.6384716,,archive_metrics_daily
2021-12-02 23:30:00+00:00,BTCUSDT,59774.709,3380929270.6908,,archive_metrics_daily
2021-12-02 23:35:00+00:00,BTCUSDT,59794.192,3386909601.940232,,archive_metrics_daily
2021-12-02 23:40:00+00:00,BTCUSDT,59803.689,3384361504.0507503,,archive_metrics_daily
2021-12-02 23:45:00+00:00,BTCUSDT,59846.405,3383911436.44435,,archive_metrics_daily
2021-12-02 23:50:00+00:00,BTCUSDT,59849.043,3386061378.564023,,archive_metrics_daily
2021-12-02 23:55:00+00:00,BTCUSDT,59814.536,3375013062.42168,,archive_metrics_daily
