event_type,event_id,symbol,anchor_ts,anchor_hour,start_idx,end_idx,year,activity_metric,activity_rank,rv_rank,tail_threshold,realized_vol_mean,range_expansion,tail_move_probability,tail_move_within,time_to_tail_move
liquidity_absence_window,law_BTCUSDT_000576,BTCUSDT,2020-06-07 00:00:00+00:00,0,576,672,2020,0.0015469357324073435,0.18504772004241782,0.1815129020855426,0.006407258169046914,0.0016864463464333398,0.046662568457542505,0.030927835051546393,1,49.0
liquidity_absence_window,law_BTCUSDT_000896,BTCUSDT,2020-06-10 08:00:00+00:00,8,896,992,2020,0.0013877336684273885,0.12937433722163308,0.13326263697419582,0.006407258169046914,0.0017777008393960868,0.0343746630866144,0.030927835051546393,1,42.0
liquidity_absence_window,law_BTCUSDT_001216,BTCUSDT,2020-06-13 16:00:00+00:00,16,1216,1312,2020,0.0015433650725645764,0.179745493107105,0.18045245669848003,0.006407258169046914,0.0013927373919549947,0.02044393763723091,0.010309278350515464,1,15.0
liquidity_absence_window,law_BTCUSDT_001344,BTCUSDT,2020-06-15 00:00:00+00:00,0,1344,1440,2020,0.0015696865367655737,0.1919406150583245,0.18946624248851185,0.006407258169046914,0.002614181770548555,0.06460587094054948,0.061855670103092786,1,23.0
liquidity_absence_window,law_BTCUSDT_001600,BTCUSDT,2020-06-17 16:00:00+00:00,16,1600,1696,2020,0.0013767630688082493,0.1288441145281018,0.1306115235065394,0.006407258169046914,0.0016257122300175793,0.026881045896180143,0.010309278350515464,1,15.0
liquidity_absence_window,law_BTCUSDT_001728,BTCUSDT,2020-06-19 00:00:00+00:00,0,1728,1824,2020,0.0013012221443613609,0.12142099681866383,0.11505832449628844,0.006407258169046914,0.0016645690557665163,0.02284360138983033,0.0,0,
liquidity_absence_window,law_BTCUSDT_001856,BTCUSDT,2020-06-20 08:00:00+00:00,8,1856,1952,2020,0.0015580510532019441,0.18292682926829268,0.18575468363379286,0.006407258169046914,0.0012402740096424095,0.027484166507982032,0.0,0,
liquidity_absence_window,law_BTCUSDT_001984,BTCUSDT,2020-06-21 16:00:00+00:00,16,1984,2080,2020,0.0010224059073496924,0.05567338282078473,0.05744079179922234,0.006407258169046914,0.0010185130061312522,0.027690815103226164,0.0,0,
liquidity_absence_window,law_BTCUSDT_002112,BTCUSDT,2020-06-23 00:00:00+00:00,0,2112,2208,2020,0.0014552075596541902,0.15588547189819724,0.15093672675857192,0.006407258169046914,0.0014759996723749784,0.01423583934088564,0.0,0,
liquidity_absence_window,law_BTCUSDT_002240,BTCUSDT,2020-06-24 08:00:00+00:00,8,2240,2336,2020,0.001471500004256935,0.15058324496288442,0.15553199010250973,0.006407258169046914,0.0023361819698766023,0.05767400465931994,0.041237113402061855,1,10.0
liquidity_absence_window,law_BTCUSDT_002560,BTCUSDT,2020-06-27 16:00:00+00:00,16,2560,2656,2020,0.001380090057357452,0.12990455991516436,0.13131848709791447,0.006407258169046914,0.002238394331274598,0.040860758936916576,0.05154639175257732,1,14.0
liquidity_absence_window,law_BTCUSDT_002784,BTCUSDT,2020-06-30 00:00:00+00:00,0,2784,2880,2020,0.0015268122411577082,0.17497348886532343,0.17444326617179215,0.006407258169046914,0.0015129653363202382,0.01534990334883242,0.0,0,
liquidity_absence_window,law_BTCUSDT_002912,BTCUSDT,2020-07-01 08:00:00+00:00,8,2912,3008,2020,0.0013371953888891416,0.11823966065747614,0.12212796041003889,0.006407258169046914,0.0013286858552872473,0.01726775956284153,0.010309278350515464,1,22.0
liquidity_absence_window,law_BTCUSDT_003136,BTCUSDT,2020-07-03 16:00:00+00:00,16,3136,3232,2020,0.0013888045708190472,0.13414634146341464,0.13396960056557086,0.006407258169046914,0.0008889925042964763,0.007906640150138311,0.0,0,
liquidity_absence_window,law_BTCUSDT_003264,BTCUSDT,2020-07-05 00:00:00+00:00,0,3264,3360,2020,0.0011141856746497798,0.08006362672322376,0.07476139978791092,0.006407258169046914,0.001190400846483047,0.026958204114149186,0.010309278350515464,1,86.0
liquidity_absence_window,law_BTCUSDT_003392,BTCUSDT,2020-07-06 08:00:00+00:00,8,3392,3488,2020,0.0014796731634377429,0.1569459172852598,0.15977377165075998,0.006407258169046914,0.0015155902238655216,0.022724282690076668,0.0,0,
liquidity_absence_window,law_BTCUSDT_003520,BTCUSDT,2020-07-07 16:00:00+00:00,16,3520,3616,2020,0.0013118169396213837,0.11558854718981973,0.11770943796394485,0.006407258169046914,0.0012067231157467696,0.028978178763998837,0.010309278350515464,1,87.0
liquidity_absence_window,law_BTCUSDT_003648,BTCUSDT,2020-07-09 00:00:00+00:00,0,3648,3744,2020,0.0015289290011630391,0.17550371155885472,0.1751502297631672,0.006407258169046914,0.0015057212014127235,0.029353154073270302,0.0,0,
liquidity_absence_window,law_BTCUSDT_003776,BTCUSDT,2020-07-10 08:00:00+00:00,8,3776,3872,2020,0.0015587140273815834,0.18345705196182396,0.1859314245316366,0.006407258169046914,0.0012512180107418659,0.01801990433877941,0.0,0,
liquidity_absence_window,law_BTCUSDT_003904,BTCUSDT,2020-07-11 16:00:00+00:00,16,3904,4000,2020,0.0010373691698967388,0.05832449628844114,0.05973842347119123,0.006407258169046914,0.0009810423840014104,0.018267690975979217,0.0,0,
liquidity_absence_window,law_BTCUSDT_004032,BTCUSDT,2020-07-13 00:00:00+00:00,0,4032,4128,2020,0.0012585840511460437,0.11240721102863202,0.10427712972781902,0.006407258169046914,0.001236930291313012,0.01560697125734066,0.0,0,
liquidity_absence_window,law_BTCUSDT_004160,BTCUSDT,2020-07-14 08:00:00+00:00,8,4160,4256,2020,0.0011330266988507913,0.07635206786850478,0.07988688582537999,0.006407258169046914,0.001009003988913792,0.017730862905620683,0.0,0,
liquidity_absence_window,law_BTCUSDT_004288,BTCUSDT,2020-07-15 16:00:00+00:00,16,4288,4384,2020,0.0007945814631869859,0.022269353128313893,0.021032166843407564,0.006407258169046914,0.0010043515789064442,0.020632798525577,0.0,0,
liquidity_absence_window,law_BTCUSDT_004416,BTCUSDT,2020-07-17 00:00:00+00:00,0,4416,4512,2020,0.0013634025623612315,0.1352067868504772,0.12760692824319547,0.006407258169046914,0.0010926317094894077,0.010958567846685252,0.0,0,
liquidity_absence_window,law_BTCUSDT_004544,BTCUSDT,2020-07-18 08:00:00+00:00,8,4544,4640,2020,0.0008591616086114327,0.02916224814422057,0.027571580063626724,0.006407258169046914,0.0007231376388545142,0.009307049364064023,0.0,0,
liquidity_absence_window,law_BTCUSDT_004672,BTCUSDT,2020-07-19 16:00:00+00:00,16,4672,4768,2020,0.0007565124491856834,0.016436903499469777,0.01661364439731354,0.006407258169046914,0.000781000242358269,0.01301921952565412,0.0,0,
liquidity_absence_window,law_BTCUSDT_004800,BTCUSDT,2020-07-21 00:00:00+00:00,0,4800,4896,2020,0.0006670151711535066,0.012195121951219513,0.010957935666313185,0.006407258169046914,0.0012668118462037085,0.031316019205587034,0.010309278350515464,1,30.0
liquidity_absence_window,law_BTCUSDT_004928,BTCUSDT,2020-07-22 08:00:00+00:00,8,4928,5024,2020,0.0012849020063940113,0.10869565217391304,0.11170024743725698,0.006407258169046914,0.001276040078494219,0.02691748378921307,0.010309278350515464,1,58.0
liquidity_absence_window,law_BTCUSDT_005056,BTCUSDT,2020-07-23 16:00:00+00:00,16,5056,5152,2020,0.0015091878210835973,0.16861081654294804,0.16843407564510426,0.006407258169046914,0.0013810046316142183,0.021847516250348677,0.010309278350515464,1,3.0
liquidity_absence_window,law_BTCUSDT_005184,BTCUSDT,2020-07-25 00:00:00+00:00,0,5184,5280,2020,0.0014359211771141152,0.147932131495228,0.14439731353835278,0.006407258169046914,0.0014134776691820585,0.021874256810626796,0.0,0,
liquidity_absence_window,law_BTCUSDT_005312,BTCUSDT,2020-07-26 08:00:00+00:00,8,5312,5408,2020,0.0011742062208544152,0.08271474019088017,0.08589607635206786,0.006407258169046914,0.0025248579997241894,0.06743011974765693,0.041237113402061855,1,7.0
liquidity_absence_window,law_BTCUSDT_007776,BTCUSDT,2020-08-21 00:00:00+00:00,0,7776,7872,2020,0.0014779778324981283,0.16171792152704137,0.1587133262636974,0.006407258169046914,0.0015233988560946002,0.036018160671921304,0.030927835051546393,1,50.0
liquidity_absence_window,law_BTCUSDT_007968,BTCUSDT,2020-08-23 00:00:00+00:00,0,7968,8064,2020,0.001566562698913468,0.19034994697773064,0.18875927889713678,0.006407258169046914,0.0012926123484865149,0.017302535933728363,0.010309278350515464,1,53.0
liquidity_absence_window,law_BTCUSDT_008096,BTCUSDT,2020-08-24 08:00:00+00:00,8,8096,8192,2020,0.001427396889166767,0.13679745493107104,0.1424531636620714,0.006407258169046914,0.0013433066756598096,0.023407626563703345,0.0,0,
liquidity_absence_window,law_BTCUSDT_008544,BTCUSDT,2020-08-29 00:00:00+00:00,0,8544,8640,2020,0.001359289277608182,0.13308589607635207,0.12636974195828915,0.006407258169046914,0.0012262260189131481,0.014146537464059642,0.0,0,
liquidity_absence_window,law_BTCUSDT_008672,BTCUSDT,2020-08-30 08:00:00+00:00,8,8672,8768,2020,0.001403614051889204,0.1320254506892895,0.13715093672675857,0.006407258169046914,0.0013815983543567305,0.014988254893363735,0.0,0,
liquidity_absence_window,law_BTCUSDT_008800,BTCUSDT,2020-08-31 16:00:00+00:00,16,8800,8896,2020,0.0013091122388384595,0.11505832449628844,0.11717921527041357,0.006407258169046914,0.0015817704147930139,0.04513226232994352,0.010309278350515464,1,55.0
liquidity_absence_window,law_BTCUSDT_009920,BTCUSDT,2020-09-12 08:00:00+00:00,8,9920,10016,2020,0.001370391544993264,0.12460233297985154,0.12919759632378933,0.006407258169046914,0.0013187610017677792,0.029931332293001593,0.010309278350515464,1,78.0
liquidity_absence_window,law_BTCUSDT_010528,BTCUSDT,2020-09-18 16:00:00+00:00,16,10528,10624,2020,0.001469853310636252,0.1569459172852598,0.15535524920466595,0.006407258169046914,0.0015440090112791148,0.033831040279131405,0.010309278350515464,1,79.0
liquidity_absence_window,law_BTCUSDT_010720,BTCUSDT,2020-09-20 16:00:00+00:00,16,10720,10816,2020,0.0014355343125422848,0.1474019088016967,0.14422057264050903,0.006407258169046914,0.0018303280665036266,0.06470217800797304,0.041237113402061855,1,2.0
liquidity_absence_window,law_BTCUSDT_010976,BTCUSDT,2020-09-23 08:00:00+00:00,8,10976,11072,2020,0.0014630600308391212,0.1474019088016967,0.15252739483916578,0.006407258169046914,0.0016521376865274774,0.038394966861973044,0.020618556701030927,1,44.0
liquidity_absence_window,law_BTCUSDT_011296,BTCUSDT,2020-09-26 16:00:00+00:00,16,11296,11392,2020,0.0015561301703918811,0.1855779427359491,0.18522446094026157,0.006407258169046914,0.0013032547524004653,0.019594070712616242,0.0,0,
liquidity_absence_window,law_BTCUSDT_011584,BTCUSDT,2020-09-29 16:00:00+00:00,16,11584,11680,2020,0.0015189355937641937,0.17073170731707318,0.1710851891127607,0.006407258169046914,0.0015944574389135404,0.021661359656847602,0.0,0,
liquidity_absence_window,law_BTCUSDT_011712,BTCUSDT,2020-10-01 00:00:00+00:00,0,11712,11808,2020,0.0014575016552853064,0.15641569459172852,0.1514669494521032,0.006407258169046914,0.0018024301509765557,0.04564678309308462,0.030927835051546393,1,63.0
liquidity_absence_window,law_BTCUSDT_011936,BTCUSDT,2020-10-03 08:00:00+00:00,8,11936,12032,2020,0.0015699168720259076,0.18663838812301167,0.1896429833863556,0.006407258169046914,0.0011078644143556098,0.0146741303478608,0.0,0,
liquidity_absence_window,law_BTCUSDT_012064,BTCUSDT,2020-10-04 16:00:00+00:00,16,12064,12160,2020,0.0008536939199763431,0.027571580063626724,0.02704135737009544,0.006407258169046914,0.0010130041972824066,0.01866412966638635,0.0,0,
liquidity_absence_window,law_BTCUSDT_012192,BTCUSDT,2020-10-06 00:00:00+00:00,0,12192,12288,2020,0.0010240551663797017,0.060445387062566275,0.0576175326970661,0.006407258169046914,0.0012039002542414184,0.026099201828632512,0.010309278350515464,1,75.0
liquidity_absence_window,law_BTCUSDT_012352,BTCUSDT,2020-10-07 16:00:00+00:00,16,12352,12448,2020,0.0015052871535461048,0.1664899257688229,0.16719688936019794,0.006407258169046914,0.0010754603197207265,0.040931083346977024,0.010309278350515464,1,90.0
liquidity_absence_window,law_BTCUSDT_012544,BTCUSDT,2020-10-09 16:00:00+00:00,16,12544,12640,2020,0.001512463025560757,0.16914103923647933,0.16949452103216683,0.006407258169046914,0.0023107003637876777,0.043692692917260696,0.010309278350515464,1,40.0
liquidity_absence_window,law_BTCUSDT_012704,BTCUSDT,2020-10-11 08:00:00+00:00,8,12704,12800,2020,0.0013789835493900626,0.1256627783669141,0.13096500530222693,0.006407258169046914,0.001216003735265519,0.015230565884343596,0.0,0,
liquidity_absence_window,law_BTCUSDT_013120,BTCUSDT,2020-10-15 16:00:00+00:00,16,13120,13216,2020,0.001323379120718478,0.11823966065747614,0.12000706963591375,0.006407258169046914,0.0019784864405135764,0.041615248399565284,0.020618556701030927,1,48.0
liquidity_absence_window,law_BTCUSDT_013280,BTCUSDT,2020-10-17 08:00:00+00:00,8,13280,13376,2020,0.0014134701576846776,0.13467656415694593,0.139802050194415,0.006407258169046914,0.001162594743776448,0.020058645441930294,0.0,0,
liquidity_absence_window,law_BTCUSDT_013408,BTCUSDT,2020-10-18 16:00:00+00:00,16,13408,13504,2020,0.0009411656987540273,0.045068928950159064,0.04206433368681513,0.006407258169046914,0.0009808036766573059,0.03725088975751373,0.010309278350515464,1,84.0
liquidity_absence_window,law_BTCUSDT_014144,BTCUSDT,2020-10-26 08:00:00+00:00,8,14144,14240,2020,0.001496425169885446,0.16436903499469777,0.16525273948391658,0.006407258169046914,0.0019403508885038707,0.039199531753538505,0.0,0,
liquidity_absence_window,law_BTCUSDT_062400,BTCUSDT,2022-03-13 00:00:00+00:00,0,62400,62496,2022,0.0015358744078578259,0.17762460233297986,0.1769176387416048,0.006407258169046914,0.001628192906484012,0.04630641987059928,0.020618556701030927,1,49.0
liquidity_absence_window,law_BTCUSDT_063712,BTCUSDT,2022-03-26 16:00:00+00:00,16,63712,63808,2022,0.0014391116558714616,0.14899257688229056,0.1456344998232591,0.006407258169046914,0.0014208078324666428,0.019453429702584842,0.0,0,
liquidity_absence_window,law_BTCUSDT_065088,BTCUSDT,2022-04-10 00:00:00+00:00,0,65088,65184,2022,0.0013750340933158588,0.1378579003181336,0.1302580417108519,0.006407258169046914,0.0013417184566536053,0.03657385393413712,0.010309278350515464,1,87.0
liquidity_absence_window,law_BTCUSDT_065728,BTCUSDT,2022-04-16 16:00:00+00:00,16,65728,65824,2022,0.001254527335941589,0.10233297985153765,0.10321668434075645,0.006407258169046914,0.0012985095545673488,0.01783150548354939,0.0,0,
liquidity_absence_window,law_BTCUSDT_066400,BTCUSDT,2022-04-23 16:00:00+00:00,16,66400,66496,2022,0.0014725411510803069,0.1574761399787911,0.15606221279604102,0.006407258169046914,0.0014549562726138565,0.018152071515904672,0.010309278350515464,1,30.0
liquidity_absence_window,law_BTCUSDT_067744,BTCUSDT,2022-05-07 16:00:00+00:00,16,67744,67840,2022,0.0014503634247304829,0.15058324496288442,0.14863909508660303,0.006407258169046914,0.002396855558326712,0.051100799519286984,0.07216494845360824,1,20.0
liquidity_absence_window,law_BTCUSDT_069792,BTCUSDT,2022-05-29 00:00:00+00:00,0,69792,69888,2022,0.0015791812898788675,0.1956521739130435,0.19229409685401203,0.006407258169046914,0.0014089028647075212,0.026549923300987634,0.010309278350515464,1,48.0
liquidity_absence_window,law_BTCUSDT_070432,BTCUSDT,2022-06-04 16:00:00+00:00,16,70432,70528,2022,0.0014753081794515533,0.15906680805938495,0.15712265818310356,0.006407258169046914,0.0014902662125852604,0.02436470540856188,0.0,0,
liquidity_absence_window,law_BTCUSDT_076480,BTCUSDT,2022-08-06 16:00:00+00:00,16,76480,76576,2022,0.0015986957213291724,0.19883351007423117,0.19936373276776245,0.006407258169046914,0.0014840195805783973,0.018078525765457917,0.020618556701030927,1,29.0
liquidity_absence_window,law_BTCUSDT_079200,BTCUSDT,2022-09-04 00:00:00+00:00,0,79200,79296,2022,0.0013792587330069023,0.1383881230116649,0.13114174620007069,0.006407258169046914,0.0014460004831707033,0.024044548237893277,0.0,0,
liquidity_absence_window,law_BTCUSDT_081888,BTCUSDT,2022-10-02 00:00:00+00:00,0,81888,81984,2022,0.0014549619634288238,0.15482502651113467,0.15058324496288442,0.006407258169046914,0.0013873825477240236,0.025542717993886327,0.010309278350515464,1,92.0
liquidity_absence_window,law_BTCUSDT_082528,BTCUSDT,2022-10-08 16:00:00+00:00,16,82528,82624,2022,0.001547027464144295,0.18080593849416754,0.18168964298338636,0.006407258169046914,0.001144886304534507,0.017963365000179636,0.0,0,
liquidity_absence_window,law_BTCUSDT_082656,BTCUSDT,2022-10-10 00:00:00+00:00,0,82656,82752,2022,0.0012448553221720714,0.1102863202545069,0.10144927536231885,0.006407258169046914,0.0014873844125687418,0.02973229092632074,0.020618556701030927,1,88.0
liquidity_absence_window,law_BTCUSDT_082848,BTCUSDT,2022-10-12 00:00:00+00:00,0,82848,82944,2022,0.0015747529282123514,0.19406150583244963,0.19088016967126192,0.006407258169046914,0.0013310691494391195,0.016562614763128942,0.0,0,
liquidity_absence_window,law_BTCUSDT_082976,BTCUSDT,2022-10-13 08:00:00+00:00,8,82976,83072,2022,0.0010636978750435805,0.0662778366914104,0.0662778366914104,0.006407258169046914,0.003279558671678531,0.10698983383136504,0.08247422680412371,1,9.0
liquidity_absence_window,law_BTCUSDT_083200,BTCUSDT,2022-10-15 16:00:00+00:00,16,83200,83296,2022,0.0013840760393450118,0.13149522799575822,0.13237893248497704,0.006407258169046914,0.0009577662622732146,0.011610149990586365,0.0,0,
liquidity_absence_window,law_BTCUSDT_083424,BTCUSDT,2022-10-18 00:00:00+00:00,0,83424,83520,2022,0.0015898183342992146,0.19936373276776245,0.19706610109579356,0.006407258169046914,0.0016865212332120292,0.03203548798541148,0.0,0,
liquidity_absence_window,law_BTCUSDT_083616,BTCUSDT,2022-10-20 00:00:00+00:00,0,83616,83712,2022,0.0013526421197843975,0.1320254506892895,0.12460233297985154,0.006407258169046914,0.0015785289841975846,0.02441291023191213,0.0,0,
liquidity_absence_window,law_BTCUSDT_083744,BTCUSDT,2022-10-21 08:00:00+00:00,8,83744,83840,2022,0.0015250350905809456,0.172322375397667,0.17355956168257336,0.006407258169046914,0.001813811215887798,0.03364967533321065,0.010309278350515464,1,16.0
liquidity_absence_window,law_BTCUSDT_083872,BTCUSDT,2022-10-22 16:00:00+00:00,16,83872,83968,2022,0.0007923855236927492,0.021739130434782608,0.020855425945563805,0.006407258169046914,0.0006370142621642666,0.0097279000130191,0.0,0,
liquidity_absence_window,law_BTCUSDT_084096,BTCUSDT,2022-10-25 00:00:00+00:00,0,84096,84192,2022,0.0014678387669748978,0.15906680805938495,0.15447154471544716,0.006407258169046914,0.0016170101913100794,0.061485705997834796,0.041237113402061855,1,68.0
liquidity_absence_window,law_BTCUSDT_084640,BTCUSDT,2022-10-30 16:00:00+00:00,16,84640,84736,2022,0.0015140694374787898,0.1702014846235419,0.1702014846235419,0.006407258169046914,0.0016292230723918785,0.029677481793327007,0.010309278350515464,1,87.0
liquidity_absence_window,law_BTCUSDT_084832,BTCUSDT,2022-11-01 16:00:00+00:00,16,84832,84928,2022,0.0015189368520496967,0.17126193001060444,0.17126193001060444,0.006407258169046914,0.0013215667841075577,0.011094981842353505,0.0,0,
liquidity_absence_window,law_BTCUSDT_085056,BTCUSDT,2022-11-04 00:00:00+00:00,0,85056,85152,2022,0.001513941952438351,0.17179215270413573,0.17002474372569812,0.006407258169046914,0.0020275846288229623,0.05572694096034154,0.05154639175257732,1,24.0
liquidity_absence_window,law_BTCUSDT_085280,BTCUSDT,2022-11-06 08:00:00+00:00,8,85280,85376,2022,0.0012066891996886503,0.08907741251325557,0.09225874867444327,0.006407258169046914,0.0013092235320702578,0.03482307630586533,0.010309278350515464,1,60.0
liquidity_absence_window,law_BTCUSDT_086496,BTCUSDT,2022-11-19 00:00:00+00:00,0,86496,86592,2022,0.0015838744402882272,0.19830328738069988,0.1954754330151997,0.006407258169046914,0.0012017575645556467,0.016221042413202186,0.0,0,
liquidity_absence_window,law_BTCUSDT_086624,BTCUSDT,2022-11-20 08:00:00+00:00,8,86624,86720,2022,0.0008798296874376752,0.03234358430540827,0.030752916224814422,0.006407258169046914,0.0016804124174333254,0.05015593293387374,0.041237113402061855,1,2.0
liquidity_absence_window,law_BTCUSDT_087104,BTCUSDT,2022-11-25 08:00:00+00:00,8,87104,87200,2022,0.001547885134936884,0.179745493107105,0.18221986567691764,0.006407258169046914,0.0013975991848184125,0.018201955903920847,0.0,0,
liquidity_absence_window,law_BTCUSDT_087232,BTCUSDT,2022-11-26 16:00:00+00:00,16,87232,87328,2022,0.0012271968117699764,0.09597030752916225,0.09791445740544362,0.006407258169046914,0.0011058240689479845,0.013627062826147517,0.0,0,
liquidity_absence_window,law_BTCUSDT_087360,BTCUSDT,2022-11-28 00:00:00+00:00,0,87360,87456,2022,0.0010163168593300012,0.05832449628844114,0.05567338282078473,0.006407258169046914,0.0017097457641920386,0.029850110972606467,0.020618556701030927,1,5.0
liquidity_absence_window,law_BTCUSDT_087552,BTCUSDT,2022-11-30 00:00:00+00:00,0,87552,87648,2022,0.001452545690433249,0.15323435843054084,0.14987628137150938,0.006407258169046914,0.0029031782565898502,0.05032901344663646,0.041237113402061855,1,2.0
liquidity_absence_window,law_BTCUSDT_087744,BTCUSDT,2022-12-02 00:00:00+00:00,0,87744,87840,2022,0.0012753136948583598,0.11558854718981973,0.10851891127606929,0.006407258169046914,0.0014267217348789385,0.023593113170265603,0.010309278350515464,1,54.0
liquidity_absence_window,law_BTCUSDT_087872,BTCUSDT,2022-12-03 08:00:00+00:00,8,87872,87968,2022,0.001404273320581896,0.1325556733828208,0.1378579003181336,0.006407258169046914,0.001045392205710419,0.01332176970683864,0.0,0,
liquidity_absence_window,law_BTCUSDT_088000,BTCUSDT,2022-12-04 16:00:00+00:00,16,88000,88096,2022,0.0010451509344498065,0.06203605514316013,0.06221279604100389,0.006407258169046914,0.001413252638009048,0.027314602648617608,0.020618556701030927,1,34.0
liquidity_absence_window,law_BTCUSDT_088160,BTCUSDT,2022-12-06 08:00:00+00:00,8,88160,88256,2022,0.0015839883110547613,0.19459172852598092,0.19582891481088724,0.006407258169046914,0.0012373473946271747,0.027924257655655694,0.010309278350515464,1,92.0
liquidity_absence_window,law_BTCUSDT_088288,BTCUSDT,2022-12-07 16:00:00+00:00,16,88288,88384,2022,0.0014661700129721539,0.15535524920466595,0.15394132202191588,0.006407258169046914,0.001271280460768229,0.01417498944162553,0.0,0,
liquidity_absence_window,law_BTCUSDT_088416,BTCUSDT,2022-12-09 00:00:00+00:00,0,88416,88512,2022,0.0015703113330465264,0.19247083775185578,0.18981972428419935,0.006407258169046914,0.0014178307235421983,0.018177810774442107,0.0,0,
liquidity_absence_window,law_BTCUSDT_088544,BTCUSDT,2022-12-10 08:00:00+00:00,8,88544,88640,2022,0.0009039368994179923,0.03552492046659597,0.03428773418168964,0.006407258169046914,0.0006694903672337793,0.008610430521525991,0.0,0,
liquidity_absence_window,law_BTCUSDT_088672,BTCUSDT,2022-12-11 16:00:00+00:00,16,88672,88768,2022,0.0006167478934902782,0.007953340402969246,0.008130081300813009,0.006407258169046914,0.0009311370819389165,0.023339810130644588,0.0,0,
liquidity_absence_window,law_BTCUSDT_088800,BTCUSDT,2022-12-13 00:00:00+00:00,0,88800,88896,2022,0.0008689714949728925,0.026511134676564158,0.029338989042064334,0.006407258169046914,0.0017720731003840393,0.0596330008094714,0.030927835051546393,1,39.0
liquidity_absence_window,law_BTCUSDT_088960,BTCUSDT,2022-12-14 16:00:00+00:00,16,88960,89056,2022,0.0012533032684442082,0.10180275715800637,0.10303994344291269,0.006407258169046914,0.0024331437726391176,0.05781114289033586,0.030927835051546393,1,12.0
liquidity_absence_window,law_BTCUSDT_089088,BTCUSDT,2022-12-16 00:00:00+00:00,0,89088,89184,2022,0.0014780541230283828,0.16224814422057265,0.1588900671615412,0.006407258169046914,0.0018924106617005632,0.057974769546116765,0.041237113402061855,1,35.0
liquidity_absence_window,law_BTCUSDT_089280,BTCUSDT,2022-12-18 00:00:00+00:00,0,89280,89376,2022,0.0009493023665849114,0.04612937433722163,0.04383174266525274,0.006407258169046914,0.0008141435873042981,0.012903379968697356,0.0,0,
liquidity_absence_window,law_BTCUSDT_089408,BTCUSDT,2022-12-19 08:00:00+00:00,8,89408,89504,2022,0.0010802046390450755,0.06786850477200425,0.06786850477200425,0.006407258169046914,0.0014202453522239704,0.04011300111325254,0.020618556701030927,1,58.0
liquidity_absence_window,law_BTCUSDT_089600,BTCUSDT,2022-12-21 08:00:00+00:00,8,89600,89696,2022,0.001282716977923446,0.10763520678685047,0.1111700247437257,0.006407258169046914,0.00109395934911098,0.013680948387135149,0.0,0,
liquidity_absence_window,law_BTCUSDT_089728,BTCUSDT,2022-12-22 16:00:00+00:00,16,89728,89824,2022,0.0009685833256869741,0.048250265111346766,0.04665959703075292,0.006407258169046914,0.001203968123522044,0.024292398927020648,0.010309278350515464,1,17.0
liquidity_absence_window,law_BTCUSDT_089856,BTCUSDT,2022-12-24 00:00:00+00:00,0,89856,89952,2022,0.0009076470956834471,0.033934252386002124,0.03499469777306469,0.006407258169046914,0.0006568468345907507,0.005090618971635429,0.0,0,
liquidity_absence_window,law_BTCUSDT_089984,BTCUSDT,2022-12-25 08:00:00+00:00,8,89984,90080,2022,0.00031397530298563276,0.0005302226935312832,0.00017674089784376105,0.006407258169046914,0.00047362248667298895,0.013069719042663849,0.0,0,
liquidity_absence_window,law_BTCUSDT_090112,BTCUSDT,2022-12-26 16:00:00+00:00,16,90112,90208,2022,0.0006305815332565256,0.01007423117709438,0.009544008483563097,0.006407258169046914,0.0006896312240234071,0.014556438905174985,0.0,0,
liquidity_absence_window,law_BTCUSDT_090240,BTCUSDT,2022-12-28 00:00:00+00:00,0,90240,90336,2022,0.0009988687745169176,0.05461293743372216,0.05266878755744079,0.006407258169046914,0.0012184724078518564,0.019333193541623026,0.0,0,
liquidity_absence_window,law_BTCUSDT_090368,BTCUSDT,2022-12-29 08:00:00+00:00,8,90368,90464,2022,0.0011593724614700515,0.08059384941675504,0.08430540827147402,0.006407258169046914,0.0009354636398381443,0.015043499275012083,0.0,0,
liquidity_absence_window,law_BTCUSDT_090496,BTCUSDT,2022-12-30 16:00:00+00:00,16,90496,90592,2022,0.0010333530367357955,0.057794273594909865,0.05956168257334747,0.006407258169046914,0.0010301637562625842,0.009474887916795148,0.0,0,
liquidity_absence_window,law_BTCUSDT_090624,BTCUSDT,2023-01-01 00:00:00+00:00,0,90624,90720,2023,0.000631411760509331,0.01007423117709438,0.009720749381406858,0.006407258169046914,0.0006311478024617894,0.007918921864215873,0.0,0,
liquidity_absence_window,law_BTCUSDT_090752,BTCUSDT,2023-01-02 08:00:00+00:00,8,90752,90848,2023,0.0007722298329957242,0.019088016967126194,0.018734535171438672,0.006407258169046914,0.0008207124970745078,0.00952801954588085,0.0,0,
liquidity_absence_window,law_BTCUSDT_090880,BTCUSDT,2023-01-03 16:00:00+00:00,16,90880,90976,2023,0.0009160357604565569,0.03711558854718982,0.0367621067515023,0.006407258169046914,0.0010413991839181042,0.018824957338909275,0.0,0,
liquidity_absence_window,law_BTCUSDT_091008,BTCUSDT,2023-01-05 00:00:00+00:00,0,91008,91104,2023,0.0012912261760750802,0.12036055143160128,0.1129374337221633,0.006407258169046914,0.0009808889080101546,0.007854769814902575,0.0,0,
liquidity_absence_window,law_BTCUSDT_091136,BTCUSDT,2023-01-06 08:00:00+00:00,8,91136,91232,2023,0.000699866372943547,0.012725344644750796,0.01343230823612584,0.006407258169046914,0.0009935153890215668,0.021745473166491055,0.0,0,
liquidity_absence_window,law_BTCUSDT_091264,BTCUSDT,2023-01-07 16:00:00+00:00,16,91264,91360,2023,0.0007682646846106691,0.01855779427359491,0.01838105337575115,0.006407258169046914,0.00044058253129669324,0.006535909088222867,0.0,0,
liquidity_absence_window,law_BTCUSDT_091392,BTCUSDT,2023-01-09 00:00:00+00:00,0,91392,91488,2023,0.000899004182779949,0.03234358430540827,0.0335807705903146,0.006407258169046914,0.0011495727313550334,0.01687675192456736,0.0,0,
liquidity_absence_window,law_BTCUSDT_091520,BTCUSDT,2023-01-10 08:00:00+00:00,8,91520,91616,2023,0.001002002496435243,0.05143160127253447,0.053375751148815834,0.006407258169046914,0.0010888540560062773,0.018549119091395682,0.0,0,
liquidity_absence_window,law_BTCUSDT_091648,BTCUSDT,2023-01-11 16:00:00+00:00,16,91648,91744,2023,0.0009229849555545297,0.03870625662778367,0.03782255213856486,0.006407258169046914,0.0023155682205132327,0.06225171672211304,0.061855670103092786,1,8.0
liquidity_absence_window,law_BTCUSDT_092448,BTCUSDT,2023-01-20 00:00:00+00:00,0,92448,92544,2023,0.0015543972165044245,0.18769883351007424,0.18487097914457407,0.006407258169046914,0.001820851990629457,0.0928920486116058,0.041237113402061855,1,80.0
liquidity_absence_window,law_BTCUSDT_093280,BTCUSDT,2023-01-28 16:00:00+00:00,16,93280,93376,2023,0.0015589276092339214,0.18663838812301167,0.1861081654294804,0.006407258169046914,0.001522525887242099,0.03235361822817364,0.010309278350515464,1,37.0
liquidity_absence_window,law_BTCUSDT_093952,BTCUSDT,2023-02-04 16:00:00+00:00,16,93952,94048,2023,0.0013461592450372763,0.12089077412513255,0.12354188759278897,0.006407258169046914,0.0010763830605860147,0.020267181605738444,0.010309278350515464,1,83.0
liquidity_absence_window,law_BTCUSDT_094080,BTCUSDT,2023-02-06 00:00:00+00:00,0,94080,94176,2023,0.0015796825815421816,0.19618239660657477,0.19264757864969953,0.006407258169046914,0.0018420361148958116,0.024323113915134396,0.030927835051546393,1,21.0
liquidity_absence_window,law_BTCUSDT_094240,BTCUSDT,2023-02-07 16:00:00+00:00,16,94240,94336,2023,0.0014828269386888385,0.16118769883351008,0.16118769883351008,0.006407258169046914,0.002541941163369016,0.0300187617260788,0.020618556701030927,1,7.0
liquidity_absence_window,law_BTCUSDT_094368,BTCUSDT,2023-02-09 00:00:00+00:00,0,94368,94464,2023,0.001536442836300716,0.17815482502651114,0.17744786143513608,0.006407258169046914,0.0020002479298845163,0.0576632251485053,0.030927835051546393,1,12.0
liquidity_absence_window,law_BTCUSDT_094592,BTCUSDT,2023-02-11 08:00:00+00:00,8,94592,94688,2023,0.0015507887352687179,0.18080593849416754,0.1838105337575115,0.006407258169046914,0.0011998154882377078,0.013456325717762969,0.0,0,
liquidity_absence_window,law_BTCUSDT_094720,BTCUSDT,2023-02-12 16:00:00+00:00,16,94720,94816,2023,0.001217768789251208,0.09225874867444327,0.09526334393778721,0.006407258169046914,0.001484013664977138,0.03058289381914663,0.0,0,
liquidity_absence_window,law_BTCUSDT_095328,BTCUSDT,2023-02-19 00:00:00+00:00,0,95328,95424,2023,0.0015514460181641483,0.18663838812301167,0.184164015553199,0.006407258169046914,0.0018421798786943692,0.04140768269527251,0.030927835051546393,1,64.0
liquidity_absence_window,law_BTCUSDT_096000,BTCUSDT,2023-02-26 00:00:00+00:00,0,96000,96096,2023,0.0015174409228971926,0.1728525980911983,0.1705549664192294,0.006407258169046914,0.0015710596927800285,0.027068815425326884,0.020618556701030927,1,74.0
liquidity_absence_window,law_BTCUSDT_096256,BTCUSDT,2023-02-28 16:00:00+00:00,16,96256,96352,2023,0.001599644116154375,0.19989395546129374,0.20007069635913752,0.006407258169046914,0.0020878873458804303,0.04317125491598138,0.020618556701030927,1,13.0
liquidity_absence_window,law_BTCUSDT_096480,BTCUSDT,2023-03-03 00:00:00+00:00,0,96480,96576,2023,0.0015324833083523394,0.1765641569459173,0.17621067515022976,0.006407258169046914,0.003719256708571716,0.06768711839801884,0.030927835051546393,1,5.0
liquidity_absence_window,law_BTCUSDT_096608,BTCUSDT,2023-03-04 08:00:00+00:00,8,96608,96704,2023,0.0010012319710604697,0.05090137857900318,0.053022269353128315,0.006407258169046914,0.001050280617108336,0.022499026161554202,0.020618556701030927,1,69.0
liquidity_absence_window,law_BTCUSDT_096736,BTCUSDT,2023-03-05 16:00:00+00:00,16,96736,96832,2023,0.0015804724252293084,0.19247083775185578,0.19300106044538706,0.006407258169046914,0.0013793124248986511,0.01580625738688319,0.0,0,
liquidity_absence_window,law_BTCUSDT_096864,BTCUSDT,2023-03-07 00:00:00+00:00,0,96864,96960,2023,0.0010966087716401322,0.07370095440084835,0.07140332272887946,0.006407258169046914,0.0013832815921682353,0.02867082587162437,0.020618556701030927,1,60.0
liquidity_absence_window,law_BTCUSDT_097120,BTCUSDT,2023-03-09 16:00:00+00:00,16,97120,97216,2023,0.0015671262434528812,0.19034994697773064,0.18893601979498056,0.006407258169046914,0.003354563912785355,0.09911367018179479,0.12371134020618557,1,10.0
liquidity_absence_window,law_BTCUSDT_099328,BTCUSDT,2023-04-01 16:00:00+00:00,16,99328,99424,2023,0.0014746838412394655,0.15800636267232238,0.15659243548957227,0.006407258169046914,0.0011497015032404766,0.019451968060783004,0.0,0,
liquidity_absence_window,law_BTCUSDT_099840,BTCUSDT,2023-04-07 00:00:00+00:00,0,99840,99936,2023,0.001482442541906282,0.16436903499469777,0.16083421703782255,0.006407258169046914,0.0012858872581322032,0.012177440666223852,0.0,0,
liquidity_absence_window,law_BTCUSDT_099968,BTCUSDT,2023-04-08 08:00:00+00:00,8,99968,100064,2023,0.0010420677171297233,0.06097560975609756,0.06115235065394132,0.006407258169046914,0.0008900372644749055,0.010245762983486433,0.0,0,
liquidity_absence_window,law_BTCUSDT_100096,BTCUSDT,2023-04-09 16:00:00+00:00,16,100096,100192,2023,0.0007809771140147339,0.02014846235418876,0.019971721456344998,0.006407258169046914,0.0011873492536873824,0.026155996845652046,0.0,0,
liquidity_absence_window,law_BTCUSDT_100480,BTCUSDT,2023-04-13 16:00:00+00:00,16,100480,100576,2023,0.0013837327862420957,0.13096500530222693,0.13220219158713326,0.006407258169046914,0.001675123390794162,0.032261147546386364,0.010309278350515464,1,34.0
liquidity_absence_window,law_BTCUSDT_100640,BTCUSDT,2023-04-15 08:00:00+00:00,8,100640,100736,2023,0.0016081384356261246,0.19989395546129374,0.20201484623541888,0.006407258169046914,0.0011461313895678275,0.011775192498084064,0.0,0,
liquidity_absence_window,law_BTCUSDT_100768,BTCUSDT,2023-04-16 16:00:00+00:00,16,100768,100864,2023,0.0007581007273612581,0.016967126193001062,0.0167903852951573,0.006407258169046914,0.0013750192451451792,0.044223782039224176,0.020618556701030927,1,33.0
liquidity_absence_window,law_BTCUSDT_100928,BTCUSDT,2023-04-18 08:00:00+00:00,8,100928,101024,2023,0.0015994390391187274,0.19883351007423117,0.19971721456344999,0.006407258169046914,0.0019780084925990577,0.042999193765116905,0.030927835051546393,1,14.0
liquidity_absence_window,law_BTCUSDT_101376,BTCUSDT,2023-04-23 00:00:00+00:00,0,101376,101472,2023,0.0015429730238638692,0.1818663838812301,0.1800989749027925,0.006407258169046914,0.0019239326735275982,0.019022963846994166,0.020618556701030927,1,2.0
liquidity_absence_window,law_BTCUSDT_102016,BTCUSDT,2023-04-29 16:00:00+00:00,16,102016,102112,2023,0.0011799095963815167,0.08271474019088017,0.08677978084128668,0.006407258169046914,0.0009286974810261391,0.032456080388269824,0.020618556701030927,1,93.0
liquidity_absence_window,law_BTCUSDT_103392,BTCUSDT,2023-05-14 00:00:00+00:00,0,103392,103488,2023,0.0013364048605513756,0.12778366914103922,0.12177447861435137,0.006407258169046914,0.0012901933046708487,0.02403846153846154,0.0,0,
liquidity_absence_window,law_BTCUSDT_103520,BTCUSDT,2023-05-15 08:00:00+00:00,8,103520,103616,2023,0.0015910610774999133,0.1956521739130435,0.1974195828914811,0.006407258169046914,0.001765446484825681,0.0298708032982041,0.010309278350515464,1,69.0
liquidity_absence_window,law_BTCUSDT_103712,BTCUSDT,2023-05-17 08:00:00+00:00,8,103712,103808,2023,0.001359262368735459,0.12195121951219512,0.1261930010604454,0.006407258169046914,0.0016655585381452327,0.036287313432835824,0.010309278350515464,1,44.0
liquidity_absence_window,law_BTCUSDT_103968,BTCUSDT,2023-05-20 00:00:00+00:00,0,103968,104064,2023,0.0011323186275605385,0.08642629904559915,0.07971014492753623,0.006407258169046914,0.0009130882397637434,0.012308069987502286,0.0,0,
liquidity_absence_window,law_BTCUSDT_104096,BTCUSDT,2023-05-21 08:00:00+00:00,8,104096,104192,2023,0.0009727152778903192,0.04665959703075292,0.048250265111346766,0.006407258169046914,0.001154889837613711,0.02134798659330185,0.0,0,
liquidity_absence_window,law_BTCUSDT_104320,BTCUSDT,2023-05-23 16:00:00+00:00,16,104320,104416,2023,0.0013663470332825568,0.1256627783669141,0.127960410038883,0.006407258169046914,0.0014246747083351543,0.04614133302069294,0.030927835051546393,1,45.0
liquidity_absence_window,law_BTCUSDT_104576,BTCUSDT,2023-05-26 08:00:00+00:00,8,104576,104672,2023,0.001369840875415373,0.12407211028632026,0.1284906327324143,0.006407258169046914,0.0013330799579100256,0.021951706998827127,0.010309278350515464,1,25.0
liquidity_absence_window,law_BTCUSDT_104704,BTCUSDT,2023-05-27 16:00:00+00:00,16,104704,104800,2023,0.0009991622168730378,0.0535524920466596,0.052845528455284556,0.006407258169046914,0.0011342248479614624,0.029320235461737468,0.010309278350515464,1,34.0
liquidity_absence_window,law_BTCUSDT_104960,BTCUSDT,2023-05-30 08:00:00+00:00,8,104960,105056,2023,0.0014500126001219618,0.14316012725344646,0.14828561329091552,0.006407258169046914,0.001559405465982537,0.03956145445887097,0.010309278350515464,1,83.0
liquidity_absence_window,law_BTCUSDT_105344,BTCUSDT,2023-06-03 08:00:00+00:00,8,105344,105440,2023,0.001309861100362606,0.11399787910922587,0.11735595616825734,0.006407258169046914,0.001033744414744488,0.016203362878765597,0.0,0,
liquidity_absence_window,law_BTCUSDT_105472,BTCUSDT,2023-06-04 16:00:00+00:00,16,105472,105568,2023,0.0008799265406594574,0.031813361611876985,0.03092965712265818,0.006407258169046914,0.0011079826958099765,0.07644764917960414,0.020618556701030927,1,93.0
liquidity_absence_window,law_BTCUSDT_105920,BTCUSDT,2023-06-09 08:00:00+00:00,8,105920,106016,2023,0.0015260397394403038,0.17444326617179215,0.1742665252739484,0.006407258169046914,0.0015306736205036955,0.05017902215045407,0.010309278350515464,1,81.0
liquidity_absence_window,law_BTCUSDT_106176,BTCUSDT,2023-06-12 00:00:00+00:00,0,106176,106272,2023,0.0015854229805336538,0.19883351007423117,0.19618239660657477,0.006407258169046914,0.001803242858612686,0.01918983944848011,0.010309278350515464,1,9.0
liquidity_absence_window,law_BTCUSDT_106304,BTCUSDT,2023-06-13 08:00:00+00:00,8,106304,106400,2023,0.0014404210372635348,0.13997879109225875,0.14598798161894663,0.006407258169046914,0.0016136266038873307,0.02773086666154909,0.0,0,
liquidity_absence_window,law_BTCUSDT_106432,BTCUSDT,2023-06-14 16:00:00+00:00,16,106432,106528,2023,0.0009975978959149753,0.053022269353128315,0.05249204665959703,0.006407258169046914,0.0022550939418234245,0.05087608596954281,0.041237113402061855,1,16.0
liquidity_absence_window,law_BTCUSDT_106784,BTCUSDT,2023-06-18 08:00:00+00:00,8,106784,106880,2023,0.0011734140782011977,0.08218451749734888,0.08536585365853659,0.006407258169046914,0.0011638117344288524,0.01803924525456636,0.0,0,
liquidity_absence_window,law_BTCUSDT_106912,BTCUSDT,2023-06-19 16:00:00+00:00,16,106912,107008,2023,0.0010884429131980842,0.06786850477200425,0.06963591375044186,0.006407258169046914,0.002351946514986878,0.03358385551748291,0.030927835051546393,1,8.0
liquidity_absence_window,law_BTCUSDT_107424,BTCUSDT,2023-06-25 00:00:00+00:00,0,107424,107520,2023,0.0015216697595833736,0.17391304347826086,0.1724991162955108,0.006407258169046914,0.00156203250859491,0.026180852594540224,0.0,0,
liquidity_absence_window,law_BTCUSDT_108064,BTCUSDT,2023-07-01 16:00:00+00:00,16,108064,108160,2023,0.0014958456566404007,0.16383881230116648,0.16489925768822905,0.006407258169046914,0.0008295335467394919,0.016373905214045952,0.0,0,
liquidity_absence_window,law_BTCUSDT_108192,BTCUSDT,2023-07-03 00:00:00+00:00,0,108192,108288,2023,0.0011114948979702708,0.07900318133616119,0.0744079179922234,0.006407258169046914,0.0012416905990766,0.027271748387286212,0.010309278350515464,1,77.0
liquidity_absence_window,law_BTCUSDT_108352,BTCUSDT,2023-07-04 16:00:00+00:00,16,108352,108448,2023,0.001513386855232224,0.16967126193001061,0.16984800282785437,0.006407258169046914,0.0012134488203808566,0.031313405445922045,0.0,0,
liquidity_absence_window,law_BTCUSDT_108480,BTCUSDT,2023-07-06 00:00:00+00:00,0,108480,108576,2023,0.0012907516511899294,0.11983032873807,0.11258395192647579,0.006407258169046914,0.0020275211837137122,0.06201733726197398,0.041237113402061855,1,35.0
liquidity_absence_window,law_BTCUSDT_108672,BTCUSDT,2023-07-08 00:00:00+00:00,0,108672,108768,2023,0.0012686312120959676,0.11399787910922587,0.10639802050194415,0.006407258169046914,0.0009505944463469597,0.011658728036732279,0.0,0,
liquidity_absence_window,law_BTCUSDT_108800,BTCUSDT,2023-07-09 08:00:00+00:00,8,108800,108896,2023,0.0008007388389697167,0.02332979851537646,0.02209261223047013,0.006407258169046914,0.0008857814669009728,0.01699157355310782,0.0,0,
liquidity_absence_window,law_BTCUSDT_108928,BTCUSDT,2023-07-10 16:00:00+00:00,16,108928,109024,2023,0.0012467002738517459,0.09915164369034994,0.10180275715800637,0.006407258169046914,0.001931983651082013,0.03109257317504788,0.020618556701030927,1,15.0
liquidity_absence_window,law_BTCUSDT_109056,BTCUSDT,2023-07-12 00:00:00+00:00,0,109056,109152,2023,0.001203307454488473,0.09968186638388123,0.09172852598091198,0.006407258169046914,0.0013487667796624905,0.025975512072319486,0.0,0,
liquidity_absence_window,law_BTCUSDT_109184,BTCUSDT,2023-07-13 08:00:00+00:00,8,109184,109280,2023,0.0014472452782938517,0.1415694591728526,0.1475786496995405,0.006407258169046914,0.0021462795288968756,0.05013821119461254,0.061855670103092786,1,29.0
liquidity_absence_window,law_BTCUSDT_109440,BTCUSDT,2023-07-16 00:00:00+00:00,0,109440,109536,2023,0.000625295544755629,0.009544008483563097,0.008837044892188053,0.006407258169046914,0.0009955123513434637,0.012926780155609864,0.0,0,
liquidity_absence_window,law_BTCUSDT_109568,BTCUSDT,2023-07-17 08:00:00+00:00,8,109568,109664,2023,0.0008089286665569616,0.02386002120890774,0.022976316719688937,0.006407258169046914,0.001333395336831455,0.02244177327665089,0.0,0,
liquidity_absence_window,law_BTCUSDT_109728,BTCUSDT,2023-07-19 00:00:00+00:00,0,109728,109824,2023,0.0014284742477690324,0.14581124072110285,0.14298338635560268,0.006407258169046914,0.001343013379263122,0.014515561954829313,0.0,0,
liquidity_absence_window,law_BTCUSDT_109856,BTCUSDT,2023-07-20 08:00:00+00:00,8,109856,109952,2023,0.0012807446544483804,0.10551431601272535,0.1102863202545069,0.006407258169046914,0.001643810371713335,0.03151067029741676,0.010309278350515464,1,26.0
liquidity_absence_window,law_BTCUSDT_109984,BTCUSDT,2023-07-21 16:00:00+00:00,16,109984,110080,2023,0.0012665178072823811,0.10551431601272535,0.10569105691056911,0.006407258169046914,0.0010618589659930906,0.009867781124430665,0.0,0,
liquidity_absence_window,law_BTCUSDT_110112,BTCUSDT,2023-07-23 00:00:00+00:00,0,110112,110208,2023,0.0007657426894772907,0.017497348886532343,0.017674089784376106,0.006407258169046914,0.0008666111952362229,0.021817876344085996,0.0,0,
liquidity_absence_window,law_BTCUSDT_110240,BTCUSDT,2023-07-24 08:00:00+00:00,8,110240,110336,2023,0.0012203480744649568,0.09172852598091198,0.09579356663131848,0.006407258169046914,0.0021563849478885826,0.033244984231362865,0.010309278350515464,1,7.0
liquidity_absence_window,law_BTCUSDT_110368,BTCUSDT,2023-07-25 16:00:00+00:00,16,110368,110464,2023,0.0010441799503945017,0.061505832449628844,0.06203605514316013,0.006407258169046914,0.0010602749312760527,0.011341598973920428,0.0,0,
liquidity_absence_window,law_BTCUSDT_110496,BTCUSDT,2023-07-27 00:00:00+00:00,0,110496,110592,2023,0.0013277557186520325,0.1256627783669141,0.12036055143160128,0.006407258169046914,0.0012641770691824935,0.016816556580599426,0.0,0,
liquidity_absence_window,law_BTCUSDT_110624,BTCUSDT,2023-07-28 08:00:00+00:00,8,110624,110720,2023,0.0008353342586945395,0.026511134676564158,0.02527394839165783,0.006407258169046914,0.0009419704154141719,0.014519025107030225,0.0,0,
liquidity_absence_window,law_BTCUSDT_110752,BTCUSDT,2023-07-29 16:00:00+00:00,16,110752,110848,2023,0.0007141451373631816,0.013255567338282079,0.013962530929657123,0.006407258169046914,0.000492701713654387,0.007900264708393792,0.0,0,
liquidity_absence_window,law_BTCUSDT_110880,BTCUSDT,2023-07-31 00:00:00+00:00,0,110880,110976,2023,0.000916779544466348,0.03711558854718982,0.03693884764934606,0.006407258169046914,0.0011986607461723755,0.014555324247365282,0.010309278350515464,1,2.0
liquidity_absence_window,law_BTCUSDT_111008,BTCUSDT,2023-08-01 08:00:00+00:00,8,111008,111104,2023,0.0013494400173277765,0.11983032873807,0.12389536938847649,0.006407258169046914,0.001561180690789069,0.05223591439661798,0.010309278350515464,1,63.0
liquidity_absence_window,law_BTCUSDT_111200,BTCUSDT,2023-08-03 08:00:00+00:00,8,111200,111296,2023,0.0015241115017884006,0.17179215270413573,0.17320607988688583,0.006407258169046914,0.0012314012721375994,0.01667647433316466,0.0,0,
liquidity_absence_window,law_BTCUSDT_111328,BTCUSDT,2023-08-04 16:00:00+00:00,16,111328,111424,2023,0.000856934670987576,0.028101802757158005,0.0272180982679392,0.006407258169046914,0.0008911848163435798,0.016868293349736812,0.0,0,
liquidity_absence_window,law_BTCUSDT_111456,BTCUSDT,2023-08-06 00:00:00+00:00,0,111456,111552,2023,0.000541182193579279,0.005302226935312832,0.004772004241781549,0.006407258169046914,0.0004830800904487422,0.00759088405397962,0.0,0,
liquidity_absence_window,law_BTCUSDT_111584,BTCUSDT,2023-08-07 08:00:00+00:00,8,111584,111680,2023,0.0007529089901319555,0.016967126193001062,0.016260162601626018,0.006407258169046914,0.001109320393268519,0.022289902952715285,0.0,0,
liquidity_absence_window,law_BTCUSDT_111712,BTCUSDT,2023-08-08 16:00:00+00:00,16,111712,111808,2023,0.001464725195137875,0.15429480381760338,0.15323435843054084,0.006407258169046914,0.0014010956650378158,0.02480531595597982,0.0,0,
liquidity_absence_window,law_BTCUSDT_111840,BTCUSDT,2023-08-10 00:00:00+00:00,0,111840,111936,2023,0.0014786086142264373,0.1627783669141039,0.1592435489572287,0.006407258169046914,0.001356748195682907,0.014405392978849954,0.0,0,
liquidity_absence_window,law_BTCUSDT_111968,BTCUSDT,2023-08-11 08:00:00+00:00,8,111968,112064,2023,0.0010405269872682242,0.060445387062566275,0.06062212796041004,0.006407258169046914,0.0008624294742491589,0.01172608995552168,0.0,0,
liquidity_absence_window,law_BTCUSDT_112096,BTCUSDT,2023-08-12 16:00:00+00:00,16,112096,112192,2023,0.0006389214428130773,0.010604453870625663,0.010250972074938141,0.006407258169046914,0.000344092970794258,0.005090259572676324,0.0,0,
liquidity_absence_window,law_BTCUSDT_112224,BTCUSDT,2023-08-14 00:00:00+00:00,0,112224,112320,2023,0.0004621716324844304,0.002651113467656416,0.002827854365500177,0.006407258169046914,0.000994566358341429,0.02103406994075537,0.0,0,
liquidity_absence_window,law_BTCUSDT_112352,BTCUSDT,2023-08-15 08:00:00+00:00,8,112352,112448,2023,0.0011082295450252373,0.07370095440084835,0.0735242135030046,0.006407258169046914,0.0009452360841762578,0.015041200846471512,0.0,0,
liquidity_absence_window,law_BTCUSDT_112480,BTCUSDT,2023-08-16 16:00:00+00:00,16,112480,112576,2023,0.0009375273269339543,0.04294803817603393,0.041003888299752565,0.006407258169046914,0.0015764028289297592,0.052721012232405315,0.020618556701030927,1,34.0
liquidity_absence_window,law_BTCUSDT_112800,BTCUSDT,2023-08-20 00:00:00+00:00,0,112800,112896,2023,0.0014412978191619325,0.14952279957582185,0.14616472251679039,0.006407258169046914,0.0011643891088572549,0.01289568483176209,0.0,0,
liquidity_absence_window,law_BTCUSDT_112928,BTCUSDT,2023-08-21 08:00:00+00:00,8,112928,113024,2023,0.0010113098434059537,0.053022269353128315,0.05478967833156592,0.006407258169046914,0.0012710123570794023,0.018461538461538463,0.010309278350515464,1,29.0
liquidity_absence_window,law_BTCUSDT_113056,BTCUSDT,2023-08-22 16:00:00+00:00,16,113056,113152,2023,0.0008980444530566793,0.03340402969247084,0.03322728879462708,0.006407258169046914,0.0017912881673224149,0.03813483997124813,0.020618556701030927,1,6.0
liquidity_absence_window,law_BTCUSDT_113280,BTCUSDT,2023-08-25 00:00:00+00:00,0,113280,113376,2023,0.0014917856682091,0.16595970307529162,0.16366207140332273,0.006407258169046914,0.001489086660577441,0.020880294222327622,0.0,0,
liquidity_absence_window,law_BTCUSDT_113408,BTCUSDT,2023-08-26 08:00:00+00:00,8,113408,113504,2023,0.0013627031878394316,0.12301166489925769,0.12743018734535172,0.006407258169046914,0.0007633503725742546,0.004391790729636197,0.0,0,
liquidity_absence_window,law_BTCUSDT_113536,BTCUSDT,2023-08-27 16:00:00+00:00,16,113536,113632,2023,0.0004670011379875186,0.003181336161187699,0.003004595263343938,0.006407258169046914,0.0006690059696155217,0.015090150442138999,0.0,0,
liquidity_absence_window,law_BTCUSDT_113664,BTCUSDT,2023-08-29 00:00:00+00:00,0,113664,113760,2023,0.0011255409789925547,0.08430540827147402,0.07811947684694238,0.006407258169046914,0.002295307285993637,0.08666311762024946,0.041237113402061855,1,57.0
liquidity_absence_window,law_BTCUSDT_113888,BTCUSDT,2023-08-31 08:00:00+00:00,8,113888,113984,2023,0.0015205294847958246,0.16967126193001061,0.1719688936019795,0.006407258169046914,0.0020858580123167413,0.07550612787393249,0.030927835051546393,1,30.0
liquidity_absence_window,law_BTCUSDT_114144,BTCUSDT,2023-09-03 00:00:00+00:00,0,114144,114240,2023,0.0007991648008317286,0.020678685047720042,0.021739130434782608,0.006407258169046914,0.0008753822847297118,0.013852365188874822,0.0,0,
liquidity_absence_window,law_BTCUSDT_114272,BTCUSDT,2023-09-04 08:00:00+00:00,8,114272,114368,2023,0.0010562641621247564,0.06415694591728525,0.06451042771297279,0.006407258169046914,0.0009819398439343968,0.018040622185963074,0.0,0,
liquidity_absence_window,law_BTCUSDT_114400,BTCUSDT,2023-09-05 16:00:00+00:00,16,114400,114496,2023,0.001304655301957248,0.11240721102863202,0.11541180629197596,0.006407258169046914,0.0012170694218440708,0.012730239064976535,0.0,0,
liquidity_absence_window,law_BTCUSDT_114528,BTCUSDT,2023-09-07 00:00:00+00:00,0,114528,114624,2023,0.0014334138697545545,0.1474019088016967,0.1438670908448215,0.006407258169046914,0.0013685030689292294,0.032954616053677964,0.010309278350515464,1,84.0
liquidity_absence_window,law_BTCUSDT_114752,BTCUSDT,2023-09-09 08:00:00+00:00,8,114752,114848,2023,0.0015388214767187481,0.17762460233297986,0.1783315659243549,0.006407258169046914,0.0006464924735432388,0.008228924980665091,0.0,0,
liquidity_absence_window,law_BTCUSDT_114880,BTCUSDT,2023-09-10 16:00:00+00:00,16,114880,114976,2023,0.0006149265666644734,0.007423117709437964,0.007953340402969246,0.006407258169046914,0.0010332858388736087,0.04355926085488394,0.010309278350515464,1,88.0
liquidity_absence_window,law_BTCUSDT_115328,BTCUSDT,2023-09-15 08:00:00+00:00,8,115328,115424,2023,0.0014694776440303504,0.15005302226935313,0.1551785083068222,0.006407258169046914,0.0014590876729359676,0.02575767283911071,0.010309278350515464,1,58.0
liquidity_absence_window,law_BTCUSDT_115456,BTCUSDT,2023-09-16 16:00:00+00:00,16,115456,115552,2023,0.0013514483245638186,0.12195121951219512,0.12442559208200778,0.006407258169046914,0.000932530456670694,0.008083741984156895,0.0,0,
liquidity_absence_window,law_BTCUSDT_115584,BTCUSDT,2023-09-18 00:00:00+00:00,0,115584,115680,2023,0.0007214463111479005,0.015906680805938492,0.014846235418875928,0.006407258169046914,0.0014034074295780283,0.039162147280448395,0.010309278350515464,1,69.0
liquidity_absence_window,law_BTCUSDT_115840,BTCUSDT,2023-09-20 16:00:00+00:00,16,115840,115936,2023,0.0015470563471152719,0.18133616118769882,0.1818663838812301,0.006407258169046914,0.0015275027630411936,0.034514994037717066,0.0,0,
liquidity_absence_window,law_BTCUSDT_115968,BTCUSDT,2023-09-22 00:00:00+00:00,0,115968,116064,2023,0.001484960188160324,0.16489925768822905,0.16171792152704137,0.006407258169046914,0.0012351824794154017,0.01073056780076106,0.0,0,
liquidity_absence_window,law_BTCUSDT_116096,BTCUSDT,2023-09-23 08:00:00+00:00,8,116096,116192,2023,0.0007510133882364513,0.016436903499469777,0.016083421703782255,0.006407258169046914,0.000547812463540349,0.003425211817357167,0.0,0,
liquidity_absence_window,law_BTCUSDT_116224,BTCUSDT,2023-09-24 16:00:00+00:00,16,116224,116320,2023,0.00036095684535231295,0.0010604453870625664,0.0010604453870625664,0.006407258169046914,0.0012492205774551058,0.029164141917855706,0.010309278350515464,1,29.0
liquidity_absence_window,law_BTCUSDT_116352,BTCUSDT,2023-09-26 00:00:00+00:00,0,116352,116448,2023,0.0014536220444058845,0.1537645811240721,0.15005302226935313,0.006407258169046914,0.0011727105254251916,0.011960137948885854,0.0,0,
liquidity_absence_window,law_BTCUSDT_116480,BTCUSDT,2023-09-27 08:00:00+00:00,8,116480,116576,2023,0.0010580447888253002,0.06468716861081654,0.0648639095086603,0.006407258169046914,0.0015765777363279004,0.03050329095388094,0.010309278350515464,1,25.0
liquidity_absence_window,law_BTCUSDT_116608,BTCUSDT,2023-09-28 16:00:00+00:00,16,116608,116704,2023,0.0015805229080449626,0.19300106044538706,0.19317780134323081,0.006407258169046914,0.001899350512733982,0.02526196775099395,0.010309278350515464,1,90.0
liquidity_absence_window,law_BTCUSDT_116768,BTCUSDT,2023-09-30 08:00:00+00:00,8,116768,116864,2023,0.0014379425181275845,0.1383881230116649,0.14528101802757157,0.006407258169046914,0.0008698638522955584,0.009568951427170418,0.0,0,
liquidity_absence_window,law_BTCUSDT_116896,BTCUSDT,2023-10-01 16:00:00+00:00,16,116896,116992,2023,0.000863403478667994,0.030222693531283137,0.02863202545068929,0.006407258169046914,0.002262947956022853,0.05887445887445888,0.030927835051546393,1,25.0
liquidity_absence_window,law_BTCUSDT_117120,BTCUSDT,2023-10-04 00:00:00+00:00,0,117120,117216,2023,0.0014664044571898228,0.15853658536585366,0.15411806291975963,0.006407258169046914,0.0014971744346312442,0.024357600734275012,0.0,0,
liquidity_absence_window,law_BTCUSDT_117248,BTCUSDT,2023-10-05 08:00:00+00:00,8,117248,117344,2023,0.0014654210570532568,0.14846235418875928,0.1537645811240721,0.006407258169046914,0.0015752875335602956,0.028143235112899134,0.0,0,
liquidity_absence_window,law_BTCUSDT_117472,BTCUSDT,2023-10-07 16:00:00+00:00,16,117472,117568,2023,0.0013231544916129127,0.11770943796394485,0.11983032873807,0.006407258169046914,0.0009544413186225915,0.014717731105978406,0.0,0,
liquidity_absence_window,law_BTCUSDT_117600,BTCUSDT,2023-10-09 00:00:00+00:00,0,117600,117696,2023,0.0011954945095762086,0.09915164369034994,0.0903145987981619,0.006407258169046914,0.001262538890365736,0.026087174941958727,0.0,0,
liquidity_absence_window,law_BTCUSDT_117728,BTCUSDT,2023-10-10 08:00:00+00:00,8,117728,117824,2023,0.001340104535573963,0.11876988335100742,0.12283492400141392,0.006407258169046914,0.0012864613382400807,0.028022255943348454,0.010309278350515464,1,74.0
liquidity_absence_window,law_BTCUSDT_117920,BTCUSDT,2023-10-12 08:00:00+00:00,8,117920,118016,2023,0.0015372523861558692,0.17709437963944857,0.1778013432308236,0.006407258169046914,0.001226921510232509,0.01472587899526324,0.0,0,
liquidity_absence_window,law_BTCUSDT_118048,BTCUSDT,2023-10-13 16:00:00+00:00,16,118048,118144,2023,0.0009952104067466941,0.05249204665959703,0.05231530576175327,0.006407258169046914,0.0012478911031079882,0.01667932519446115,0.010309278350515464,1,19.0
liquidity_absence_window,law_BTCUSDT_118176,BTCUSDT,2023-10-15 00:00:00+00:00,0,118176,118272,2023,0.0005908823677121671,0.007953340402969246,0.007069635913750442,0.006407258169046914,0.0006115863942657111,0.024811962817464055,0.0,0,
liquidity_absence_window,law_BTCUSDT_118816,BTCUSDT,2023-10-21 16:00:00+00:00,16,118816,118912,2023,0.001400783155237676,0.13679745493107104,0.13644397313538353,0.006407258169046914,0.0016814016009879258,0.02569008657023964,0.010309278350515464,1,62.0
liquidity_absence_window,law_BTCUSDT_118944,BTCUSDT,2023-10-23 00:00:00+00:00,0,118944,119040,2023,0.001583132256933811,0.19724284199363734,0.19441498762813716,0.006407258169046914,0.0027325539838731925,0.20400909154626373,0.13402061855670103,1,5.0
liquidity_absence_window,law_BTCUSDT_119488,BTCUSDT,2023-10-28 16:00:00+00:00,16,119488,119584,2023,0.0015605186996984076,0.18716861081654296,0.1864616472251679,0.006407258169046914,0.0010703377130205985,0.01894419854059065,0.0,0,
liquidity_absence_window,law_BTCUSDT_119616,BTCUSDT,2023-10-30 00:00:00+00:00,0,119616,119712,2023,0.0014146372331718038,0.14316012725344646,0.13997879109225875,0.006407258169046914,0.0017926116071052731,0.02424954289814142,0.010309278350515464,1,68.0
liquidity_absence_window,law_BTCUSDT_119808,BTCUSDT,2023-11-01 00:00:00+00:00,0,119808,119904,2023,0.0013713818322961203,0.13626723223753975,0.12955107811947686,0.006407258169046914,0.0016786093802749452,0.047912705247279266,0.030927835051546393,1,51.0
liquidity_absence_window,law_BTCUSDT_120160,BTCUSDT,2023-11-04 16:00:00+00:00,16,120160,120256,2023,0.0013965730367350802,0.13626723223753975,0.13556026864616472,0.006407258169046914,0.001255766558142497,0.019150842043716615,0.010309278350515464,1,87.0
liquidity_absence_window,law_BTCUSDT_120384,BTCUSDT,2023-11-07 00:00:00+00:00,0,120384,120480,2023,0.0015389818111163642,0.1792152704135737,0.17850830682219865,0.006407258169046914,0.0015589777419650226,0.04002376178807439,0.010309278350515464,1,72.0
liquidity_absence_window,law_BTCUSDT_120864,BTCUSDT,2023-11-12 00:00:00+00:00,0,120864,120960,2023,0.001542220694819714,0.18133616118769882,0.17992223400494875,0.006407258169046914,0.0013852480272612757,0.013587388061509388,0.0,0,
liquidity_absence_window,law_BTCUSDT_120992,BTCUSDT,2023-11-13 08:00:00+00:00,8,120992,121088,2023,0.0012722945009597403,0.10021208907741251,0.1071049840933192,0.006407258169046914,0.0016142582759805916,0.023113986411498835,0.010309278350515464,1,52.0
liquidity_absence_window,law_BTCUSDT_121536,BTCUSDT,2023-11-19 00:00:00+00:00,0,121536,121632,2023,0.0010604725654688187,0.0689289501590668,0.06592435489572288,0.006407258169046914,0.0010761668830762577,0.031420088387811705,0.010309278350515464,1,92.0
liquidity_absence_window,law_BTCUSDT_122016,BTCUSDT,2023-11-24 00:00:00+00:00,0,122016,122112,2023,0.0015595696444003317,0.18875927889713678,0.18628490632732414,0.006407258169046914,0.0018351844796810348,0.03133528513579868,0.030927835051546393,1,46.0
liquidity_absence_window,law_BTCUSDT_122176,BTCUSDT,2023-11-25 16:00:00+00:00,16,122176,122272,2023,0.0014816109820141921,0.16012725344644752,0.16048073524213502,0.006407258169046914,0.000740976986939025,0.01691386247983449,0.0,0,
liquidity_absence_window,law_BTCUSDT_122304,BTCUSDT,2023-11-27 00:00:00+00:00,0,122304,122400,2023,0.001479403418608398,0.1633085896076352,0.15942028985507245,0.006407258169046914,0.001754824680301197,0.02300541697318264,0.0,0,
liquidity_absence_window,law_BTCUSDT_122464,BTCUSDT,2023-11-28 16:00:00+00:00,16,122464,122560,2023,0.001520058933291249,0.1728525980911983,0.17179215270413573,0.006407258169046914,0.0018387367932648526,0.026553947434945664,0.010309278350515464,1,14.0
liquidity_absence_window,law_BTCUSDT_122656,BTCUSDT,2023-11-30 16:00:00+00:00,16,122656,122752,2023,0.0014131761300886113,0.1420996818663839,0.13962530929657122,0.006407258169046914,0.0014101360483077484,0.03518478656600203,0.0,0,
liquidity_absence_window,law_BTCUSDT_122816,BTCUSDT,2023-12-02 08:00:00+00:00,8,122816,122912,2023,0.0015663094084765379,0.1861081654294804,0.18858253799929303,0.006407258169046914,0.0016126589554319225,0.03308408267919037,0.010309278350515464,1,44.0
liquidity_absence_window,law_BTCUSDT_122976,BTCUSDT,2023-12-04 00:00:00+00:00,0,122976,123072,2023,0.0014972185330862416,0.16755037115588547,0.1656062212796041,0.006407258169046914,0.0025425212765217255,0.06155379975573885,0.041237113402061855,1,5.0
liquidity_absence_window,law_BTCUSDT_123552,BTCUSDT,2023-12-10 00:00:00+00:00,0,123552,123648,2023,0.0015568350689003049,0.18822905620360553,0.18540120183810535,0.006407258169046914,0.001271723447285283,0.01249382964330761,0.0,0,
liquidity_absence_window,law_BTCUSDT_124224,BTCUSDT,2023-12-17 00:00:00+00:00,0,124224,124320,2023,0.0013975860969970986,0.14103923647932132,0.13591375044185225,0.006407258169046914,0.0015916903416562673,0.02965240009458501,0.010309278350515464,1,68.0
liquidity_absence_window,law_BTCUSDT_124832,BTCUSDT,2023-12-23 08:00:00+00:00,8,124832,124928,2023,0.0015254706248094354,0.17391304347826086,0.17408978437610462,0.006407258169046914,0.0011244807339345646,0.012392252493004104,0.0,0,
liquidity_absence_window,law_BTCUSDT_124960,BTCUSDT,2023-12-24 16:00:00+00:00,16,124960,125056,2023,0.0011201187880683547,0.07264050901378578,0.07688229056203605,0.006407258169046914,0.0016123659353068321,0.02978672703443346,0.020618556701030927,1,24.0
liquidity_absence_window,law_BTCUSDT_125728,BTCUSDT,2024-01-01 16:00:00+00:00,16,125728,125824,2024,0.0015498007568541853,0.18345705196182396,0.18292682926829268,0.006407258169046914,0.002307828097929839,0.0759538246268657,0.041237113402061855,1,8.0
liquidity_absence_window,law_BTCUSDT_126240,BTCUSDT,2024-01-07 00:00:00+00:00,0,126240,126336,2024,0.0012759789393701829,0.11611876988335101,0.1088723930717568,0.006407258169046914,0.001363369390563232,0.021143438231540475,0.010309278350515464,1,95.0
liquidity_absence_window,law_BTCUSDT_126976,BTCUSDT,2024-01-14 16:00:00+00:00,16,126976,127072,2024,0.0015482644445736816,0.1823966065747614,0.1823966065747614,0.006407258169046914,0.002022069504329993,0.03040734098795907,0.020618556701030927,1,21.0
liquidity_absence_window,law_BTCUSDT_127296,BTCUSDT,2024-01-18 00:00:00+00:00,0,127296,127392,2024,0.0015832508980465829,0.1977730646871686,0.19459172852598092,0.006407258169046914,0.0018391352672388725,0.052882341647975596,0.05154639175257732,1,66.0
liquidity_absence_window,law_BTCUSDT_127584,BTCUSDT,2024-01-21 00:00:00+00:00,0,127584,127680,2024,0.0009700970996425785,0.048250265111346766,0.04701307882644044,0.006407258169046914,0.0008630000391771212,0.009135782333809865,0.0,0,
liquidity_absence_window,law_BTCUSDT_128064,BTCUSDT,2024-01-26 00:00:00+00:00,0,128064,128160,2024,0.0014717973750803198,0.15959703075291623,0.15588547189819724,0.006407258169046914,0.0019269048070638124,0.06078736448616874,0.020618556701030927,1,42.0
liquidity_absence_window,law_BTCUSDT_128224,BTCUSDT,2024-01-27 16:00:00+00:00,16,128224,128320,2024,0.0015323819616489458,0.176033934252386,0.176033934252386,0.006407258169046914,0.0013628993127813383,0.026498896078450112,0.0,0,
liquidity_absence_window,law_BTCUSDT_128896,BTCUSDT,2024-02-03 16:00:00+00:00,16,128896,128992,2024,0.001247024520537369,0.09968186638388123,0.10197949805585012,0.006407258169046914,0.000985039410663721,0.013024098870966654,0.0,0,
liquidity_absence_window,law_BTCUSDT_129024,BTCUSDT,2024-02-05 00:00:00+00:00,0,129024,129120,2024,0.001223516669841131,0.1033934252386002,0.09703075291622482,0.006407258169046914,0.0015626928317903773,0.03159370991763886,0.0,0,
liquidity_absence_window,law_BTCUSDT_129216,BTCUSDT,2024-02-07 00:00:00+00:00,0,129216,129312,2024,0.001545432083698603,0.18345705196182396,0.18098267939201132,0.006407258169046914,0.00155788162282687,0.03913291818169157,0.0,0,
liquidity_absence_window,law_BTCUSDT_130240,BTCUSDT,2024-02-17 16:00:00+00:00,16,130240,130336,2024,0.0015335876781381594,0.1765641569459173,0.17638741604807354,0.006407258169046914,0.0017399425720518284,0.02631284004459531,0.010309278350515464,1,21.0
liquidity_absence_window,law_BTCUSDT_130368,BTCUSDT,2024-02-19 00:00:00+00:00,0,130368,130464,2024,0.0014316423106561786,0.14687168610816542,0.14369034994697774,0.006407258169046914,0.0016323720116419933,0.016147174387953007,0.010309278350515464,1,67.0
liquidity_absence_window,law_BTCUSDT_130912,BTCUSDT,2024-02-24 16:00:00+00:00,16,130912,131008,2024,0.0012510581158544423,0.1007423117709438,0.10268646164722517,0.006407258169046914,0.0011037212045790343,0.016269486945529446,0.0,0,
liquidity_absence_window,law_BTCUSDT_131040,BTCUSDT,2024-02-26 00:00:00+00:00,0,131040,131136,2024,0.0012284647770728107,0.10498409331919406,0.09809119830328739,0.006407258169046914,0.001737897483141424,0.07874459142523207,0.030927835051546393,1,61.0
liquidity_absence_window,law_BTCUSDT_131648,BTCUSDT,2024-03-03 08:00:00+00:00,8,131648,131744,2024,0.001551788705551955,0.18133616118769882,0.18434075645104278,0.006407258169046914,0.002109698835801514,0.057473581203764015,0.05154639175257732,1,16.0
liquidity_absence_window,law_BTCUSDT_132288,BTCUSDT,2024-03-10 00:00:00+00:00,0,132288,132384,2024,0.001171720083721365,0.09278897136797455,0.08518911276069283,0.006407258169046914,0.0018391772723876491,0.026999180423838,0.010309278350515464,1,4.0
liquidity_absence_window,law_BTCUSDT_134272,BTCUSDT,2024-03-30 16:00:00+00:00,16,134272,134368,2024,0.0009410575939788375,0.044538706256627786,0.04188759278897137,0.006407258169046914,0.0010039831028122303,0.017809774806625142,0.0,0,
liquidity_absence_window,law_BTCUSDT_134400,BTCUSDT,2024-04-01 00:00:00+00:00,0,134400,134496,2024,0.001298803921955952,0.12089077412513255,0.11452810180275716,0.006407258169046914,0.0021254522322310607,0.04611399691141369,0.010309278350515464,1,23.0
liquidity_absence_window,law_BTCUSDT_134944,BTCUSDT,2024-04-06 16:00:00+00:00,16,134944,135040,2024,0.001537001040090518,0.17815482502651114,0.17762460233297986,0.006407258169046914,0.0017457377885274458,0.03170018222383689,0.010309278350515464,1,28.0
liquidity_absence_window,law_BTCUSDT_137088,BTCUSDT,2024-04-29 00:00:00+00:00,0,137088,137184,2024,0.0015463775951046967,0.18451749734888653,0.18133616118769882,0.006407258169046914,0.0018277357982989144,0.039095824120944554,0.020618556701030927,1,54.0
liquidity_absence_window,law_BTCUSDT_138336,BTCUSDT,2024-05-12 00:00:00+00:00,0,138336,138432,2024,0.0013366345858472762,0.1283138918345705,0.12195121951219512,0.006407258169046914,0.0011947415860105212,0.02121326547364962,0.0,0,
liquidity_absence_window,law_BTCUSDT_138976,BTCUSDT,2024-05-18 16:00:00+00:00,16,138976,139072,2024,0.0015346224618906581,0.17709437963944857,0.1765641569459173,0.006407258169046914,0.0013175850419102813,0.016899850523168995,0.0,0,
liquidity_absence_window,law_BTCUSDT_139648,BTCUSDT,2024-05-25 16:00:00+00:00,16,139648,139744,2024,0.0013223094499901166,0.11717921527041357,0.11965358784022623,0.006407258169046914,0.0011244860589545117,0.013227912374873103,0.0,0,
liquidity_absence_window,law_BTCUSDT_139776,BTCUSDT,2024-05-27 00:00:00+00:00,0,139776,139872,2024,0.0012079727494228294,0.1007423117709438,0.09261223047013079,0.006407258169046914,0.0016205037799225878,0.036163173696330236,0.020618556701030927,1,62.0
liquidity_absence_window,law_BTCUSDT_140320,BTCUSDT,2024-06-01 16:00:00+00:00,16,140320,140416,2024,0.0011287085478089356,0.07582184517497349,0.07882644043831742,0.006407258169046914,0.0008264930504461238,0.016774222130336462,0.010309278350515464,1,79.0
liquidity_absence_window,law_BTCUSDT_140448,BTCUSDT,2024-06-03 00:00:00+00:00,0,140448,140544,2024,0.001344153612266908,0.13043478260869565,0.12318840579710146,0.006407258169046914,0.0018973165883596527,0.04022452542485232,0.010309278350515464,1,58.0
liquidity_absence_window,law_BTCUSDT_140832,BTCUSDT,2024-06-07 00:00:00+00:00,0,140832,140928,2024,0.0015102781330252986,0.1702014846235419,0.16896429833863555,0.006407258169046914,0.001981567689488444,0.052807676391621386,0.041237113402061855,1,50.0
liquidity_absence_window,law_BTCUSDT_141024,BTCUSDT,2024-06-09 00:00:00+00:00,0,141024,141120,2024,0.0006789702553249238,0.013255567338282079,0.012195121951219513,0.006407258169046914,0.0006729130960338671,0.010368447616987526,0.0,0,
liquidity_absence_window,law_BTCUSDT_141152,BTCUSDT,2024-06-10 08:00:00+00:00,8,141152,141248,2024,0.0008907067972750161,0.033934252386002124,0.032520325203252036,0.006407258169046914,0.0012697458033145677,0.04208405868470573,0.010309278350515464,1,71.0
liquidity_absence_window,law_BTCUSDT_141696,BTCUSDT,2024-06-16 00:00:00+00:00,0,141696,141792,2024,0.0007958044659403453,0.019618239660657476,0.021208907741251327,0.006407258169046914,0.0008302515568560912,0.014324972315427325,0.0,0,
liquidity_absence_window,law_BTCUSDT_141824,BTCUSDT,2024-06-17 08:00:00+00:00,8,141824,141920,2024,0.0012909058152568082,0.10975609756097561,0.11276069282431955,0.006407258169046914,0.0021590047344106217,0.04096650540140576,0.05154639175257732,1,38.0
liquidity_absence_window,law_BTCUSDT_142112,BTCUSDT,2024-06-20 08:00:00+00:00,8,142112,142208,2024,0.001380233726419024,0.1261930010604454,0.13149522799575822,0.006407258169046914,0.0017603300691647027,0.0352300391242137,0.010309278350515464,1,11.0
liquidity_absence_window,law_BTCUSDT_142336,BTCUSDT,2024-06-22 16:00:00+00:00,16,142336,142432,2024,0.001081314466207317,0.06574761399787911,0.068045245669848,0.006407258169046914,0.0006855892528215257,0.007666102784292404,0.0,0,
liquidity_absence_window,law_BTCUSDT_142464,BTCUSDT,2024-06-24 00:00:00+00:00,0,142464,142560,2024,0.0009458258778532748,0.045068928950159064,0.04330151997172146,0.006407258169046914,0.002259764650576365,0.08146345716391766,0.041237113402061855,1,38.0
liquidity_absence_window,law_BTCUSDT_143008,BTCUSDT,2024-06-29 16:00:00+00:00,16,143008,143104,2024,0.0012640710812044352,0.10445387062566278,0.10533757511488158,0.006407258169046914,0.0011369939130011645,0.019123573885865025,0.010309278350515464,1,60.0
liquidity_absence_window,law_BTCUSDT_143264,BTCUSDT,2024-07-02 08:00:00+00:00,8,143264,143360,2024,0.001535912944714464,0.1765641569459173,0.17709437963944857,0.006407258169046914,0.0016403096341699916,0.041098127101008505,0.030927835051546393,1,26.0
liquidity_absence_window,law_BTCUSDT_145024,BTCUSDT,2024-07-20 16:00:00+00:00,16,145024,145120,2024,0.0015198082212640966,0.17179215270413573,0.17143867090844822,0.006407258169046914,0.001412765194134683,0.016310649939024164,0.0,0,
liquidity_absence_window,law_BTCUSDT_145824,BTCUSDT,2024-07-29 00:00:00+00:00,0,145824,145920,2024,0.0015524086749137264,0.18716861081654296,0.18469423824673029,0.006407258169046914,0.002036113347908942,0.054182314036328595,0.05154639175257732,1,56.0
liquidity_absence_window,law_BTCUSDT_147104,BTCUSDT,2024-08-11 08:00:00+00:00,8,147104,147200,2024,0.00159494038111839,0.19671261930010606,0.19848002827854366,0.006407258169046914,0.002244631385741581,0.07165313672431599,0.041237113402061855,1,45.0
liquidity_absence_window,law_BTCUSDT_147744,BTCUSDT,2024-08-18 00:00:00+00:00,0,147744,147840,2024,0.0011108216925311799,0.0784729586426299,0.07423117709437964,0.006407258169046914,0.0017168863749830855,0.03408459712847789,0.030927835051546393,1,11.0
liquidity_absence_window,law_BTCUSDT_148480,BTCUSDT,2024-08-25 16:00:00+00:00,16,148480,148576,2024,0.0015828140069441639,0.19353128313891835,0.19423824673029338,0.006407258169046914,0.0015014159179181023,0.03344484736516895,0.0,0,
liquidity_absence_window,law_BTCUSDT_149088,BTCUSDT,2024-09-01 00:00:00+00:00,0,149088,149184,2024,0.0010515279320870688,0.06574761399787911,0.06344998232591022,0.006407258169046914,0.0017333532467815145,0.032701846670586926,0.020618556701030927,1,56.0
liquidity_absence_window,law_BTCUSDT_149760,BTCUSDT,2024-09-08 00:00:00+00:00,0,149760,149856,2024,0.00137329443788318,0.13679745493107104,0.12990455991516436,0.006407258169046914,0.001576577358517303,0.03149520407635022,0.020618556701030927,1,89.0
liquidity_absence_window,law_BTCUSDT_150400,BTCUSDT,2024-09-14 16:00:00+00:00,16,150400,150496,2024,0.001496047180781305,0.16436903499469777,0.16507599858607283,0.006407258169046914,0.0011638497790918308,0.016850931117039974,0.0,0,
liquidity_absence_window,law_BTCUSDT_151072,BTCUSDT,2024-09-21 16:00:00+00:00,16,151072,151168,2024,0.0014251429897179208,0.14528101802757157,0.1420996818663839,0.006407258169046914,0.0010835417515500326,0.017607005431426286,0.0,0,
liquidity_absence_window,law_BTCUSDT_151520,BTCUSDT,2024-09-26 08:00:00+00:00,8,151520,151616,2024,0.0015622508555322627,0.18398727465535525,0.18663838812301167,0.006407258169046914,0.0018729347493070688,0.03503085790304312,0.0,0,
liquidity_absence_window,law_BTCUSDT_151744,BTCUSDT,2024-09-28 16:00:00+00:00,16,151744,151840,2024,0.0013540329938153371,0.12301166489925769,0.12495581477553906,0.006407258169046914,0.0010657261878974375,0.00914904712674175,0.0,0,
liquidity_absence_window,law_BTCUSDT_151872,BTCUSDT,2024-09-30 00:00:00+00:00,0,151872,151968,2024,0.000871219660631093,0.02704135737009544,0.029692470837751856,0.006407258169046914,0.0015629247833323394,0.04221836601267258,0.010309278350515464,1,94.0
liquidity_absence_window,law_BTCUSDT_152416,BTCUSDT,2024-10-05 16:00:00+00:00,16,152416,152512,2024,0.0012100950053918218,0.08854718981972429,0.0929657122658183,0.006407258169046914,0.0009022129337442435,0.019785725793458976,0.0,0,
liquidity_absence_window,law_BTCUSDT_152544,BTCUSDT,2024-10-07 00:00:00+00:00,0,152544,152640,2024,0.0011499015571345024,0.08907741251325557,0.08236125839519265,0.006407258169046914,0.0019691149053117536,0.037539568368245804,0.041237113402061855,1,2.0
liquidity_absence_window,law_BTCUSDT_152800,BTCUSDT,2024-10-09 16:00:00+00:00,16,152800,152896,2024,0.0015440099832961132,0.18027571580063625,0.1806291975963238,0.006407258169046914,0.0019297078277774147,0.03332871352229433,0.010309278350515464,1,19.0
liquidity_absence_window,law_BTCUSDT_153120,BTCUSDT,2024-10-13 00:00:00+00:00,0,153120,153216,2024,0.0011522606713409295,0.09013785790031813,0.08271474019088017,0.006407258169046914,0.0013059991810063724,0.019629229188663805,0.0,0,
liquidity_absence_window,law_BTCUSDT_153728,BTCUSDT,2024-10-19 08:00:00+00:00,8,153728,153824,2024,0.0014876648048893243,0.16012725344644752,0.16260162601626016,0.006407258169046914,0.0009695355195281896,0.006671201913581602,0.0,0,
liquidity_absence_window,law_BTCUSDT_153856,BTCUSDT,2024-10-20 16:00:00+00:00,16,153856,153952,2024,0.0007798274380053463,0.019618239660657476,0.01979498055850124,0.006407258169046914,0.00125025180102078,0.03939727322602117,0.0,0,
liquidity_absence_window,law_BTCUSDT_154464,BTCUSDT,2024-10-27 00:00:00+00:00,0,154464,154560,2024,0.0011159467727711201,0.08271474019088017,0.07582184517497349,0.006407258169046914,0.0009135665517518406,0.020845086398085057,0.0,0,
liquidity_absence_window,law_BTCUSDT_154592,BTCUSDT,2024-10-28 08:00:00+00:00,8,154592,154688,2024,0.0014436946906866857,0.14050901378579003,0.1470484270060092,0.006407258169046914,0.0019188028012673013,0.04961970776391676,0.010309278350515464,1,72.0
liquidity_absence_window,law_BTCUSDT_155136,BTCUSDT,2024-11-03 00:00:00+00:00,0,155136,155232,2024,0.0011301382075156409,0.08589607635206786,0.0793566631318487,0.006407258169046914,0.0016370849963637996,0.02807209269802628,0.010309278350515464,1,9.0
liquidity_absence_window,law_BTCUSDT_155776,BTCUSDT,2024-11-09 16:00:00+00:00,16,155776,155872,2024,0.0013169232900161112,0.11664899257688228,0.11894662424885119,0.006407258169046914,0.0019169736039524007,0.05924588985574165,0.030927835051546393,1,50.0
liquidity_absence_window,law_BTCUSDT_157120,BTCUSDT,2024-11-23 16:00:00+00:00,16,157120,157216,2024,0.001422904152557296,0.14475079533404028,0.14174620007069635,0.006407258169046914,0.001566936423621068,0.028936711436711376,0.0,0,
liquidity_absence_window,law_BTCUSDT_157792,BTCUSDT,2024-11-30 16:00:00+00:00,16,157792,157888,2024,0.0014353522367852322,0.14687168610816542,0.14404383174266525,0.006407258169046914,0.001269795323402731,0.018042313817136505,0.0,0,
liquidity_absence_window,law_BTCUSDT_157920,BTCUSDT,2024-12-02 00:00:00+00:00,0,157920,158016,2024,0.0014492375777731782,0.15164369034994699,0.14810887239307174,0.006407258169046914,0.0022442199265845855,0.03972682413533015,0.061855670103092786,1,33.0
liquidity_absence_window,law_BTCUSDT_158496,BTCUSDT,2024-12-08 00:00:00+00:00,0,158496,158592,2024,0.0014189143804498939,0.14475079533404028,0.14103923647932132,0.006407258169046914,0.0014220693024978987,0.02752595862643614,0.0,0,
liquidity_absence_window,law_BTCUSDT_159200,BTCUSDT,2024-12-15 08:00:00+00:00,8,159200,159296,2024,0.0015110702409075237,0.16861081654294804,0.16914103923647933,0.006407258169046914,0.0018090232245442615,0.05053736379115764,0.020618556701030927,1,61.0
liquidity_absence_window,law_BTCUSDT_160480,BTCUSDT,2024-12-28 16:00:00+00:00,16,160480,160576,2024,0.0014042356371768087,0.1383881230116649,0.1375044185224461,0.006407258169046914,0.0010083128960243965,0.01879699646324974,0.0,0,
liquidity_absence_window,law_BTCUSDT_161088,BTCUSDT,2025-01-04 00:00:00+00:00,0,161088,161184,2025,0.0014424742170229628,0.15058324496288442,0.14651820431247792,0.006407258169046914,0.0012462958621949239,0.013485063663325022,0.0,0,
liquidity_absence_window,law_BTCUSDT_161216,BTCUSDT,2025-01-05 08:00:00+00:00,8,161216,161312,2025,0.0008949821298575876,0.0344644750795334,0.032873806998939555,0.006407258169046914,0.0010671063453587305,0.027165381272361594,0.0,0,
liquidity_absence_window,law_BTCUSDT_161856,BTCUSDT,2025-01-12 00:00:00+00:00,0,161856,161952,2025,0.0010900710607683868,0.07264050901378578,0.07034287734181689,0.006407258169046914,0.0010896915878488556,0.018850788119213806,0.0,0,
liquidity_absence_window,law_BTCUSDT_163200,BTCUSDT,2025-01-26 00:00:00+00:00,0,163200,163296,2025,0.0010581263545316915,0.06733828207847296,0.06504065040650407,0.006407258169046914,0.0009826578289552606,0.030961458385064637,0.010309278350515464,1,92.0
liquidity_absence_window,law_BTCUSDT_163872,BTCUSDT,2025-02-02 00:00:00+00:00,0,163872,163968,2025,0.0013511079910771032,0.13149522799575822,0.12424885118416401,0.006407258169046914,0.001981871570173364,0.053533908578480435,0.041237113402061855,1,74.0
liquidity_absence_window,law_BTCUSDT_164544,BTCUSDT,2025-02-09 00:00:00+00:00,0,164544,164640,2025,0.001186009553340122,0.09650053022269353,0.08766348533050548,0.006407258169046914,0.0012417950630141208,0.027498778857591367,0.020618556701030927,1,86.0
liquidity_absence_window,law_BTCUSDT_164800,BTCUSDT,2025-02-11 16:00:00+00:00,16,164800,164896,2025,0.0015625659039242687,0.18769883351007424,0.18681512902085542,0.006407258169046914,0.0019418894980747638,0.030915004103989795,0.041237113402061855,1,86.0
liquidity_absence_window,law_BTCUSDT_165216,BTCUSDT,2025-02-16 00:00:00+00:00,0,165216,165312,2025,0.0008779973949213806,0.02863202545068929,0.03057617532697066,0.006407258169046914,0.0007720462725409391,0.017071121131379412,0.0,0,
liquidity_absence_window,law_BTCUSDT_165344,BTCUSDT,2025-02-17 08:00:00+00:00,8,165344,165440,2025,0.0011449432982882839,0.0784729586426299,0.0816542948038176,0.006407258169046914,0.001498114669557748,0.01923380923855159,0.0,0,
liquidity_absence_window,law_BTCUSDT_165472,BTCUSDT,2025-02-18 16:00:00+00:00,16,165472,165568,2025,0.001594973643576951,0.1977730646871686,0.19865676917638742,0.006407258169046914,0.002106449719692562,0.03517676471081724,0.010309278350515464,1,20.0
liquidity_absence_window,law_BTCUSDT_165600,BTCUSDT,2025-02-20 00:00:00+00:00,0,165600,165696,2025,0.0015357655008847743,0.17709437963944857,0.17674089784376104,0.006407258169046914,0.0015552516663987753,0.02379444813481834,0.010309278350515464,1,59.0
liquidity_absence_window,law_BTCUSDT_165728,BTCUSDT,2025-02-21 08:00:00+00:00,8,165728,165824,2025,0.0015176887776220734,0.16914103923647933,0.17073170731707318,0.006407258169046914,0.00207530012580849,0.046851802446708696,0.030927835051546393,1,29.0
liquidity_absence_window,law_BTCUSDT_165888,BTCUSDT,2025-02-23 00:00:00+00:00,0,165888,165984,2025,0.0009378181472955345,0.04188759278897137,0.041180629197596325,0.006407258169046914,0.0007632602464443164,0.014750143333613231,0.0,0,
liquidity_absence_window,law_BTCUSDT_166016,BTCUSDT,2025-02-24 08:00:00+00:00,8,166016,166112,2025,0.0012850521485178498,0.10922587486744433,0.11187698833510074,0.006407258169046914,0.0021024504471816464,0.08376666262597546,0.061855670103092786,1,46.0
liquidity_absence_window,law_BTCUSDT_167264,BTCUSDT,2025-03-09 08:00:00+00:00,8,167264,167360,2025,0.0014828057406621872,0.15800636267232238,0.1610109579356663,0.006407258169046914,0.0023559907218342188,0.07170439080837125,0.05154639175257732,1,16.0
liquidity_absence_window,law_BTCUSDT_167872,BTCUSDT,2025-03-15 16:00:00+00:00,16,167872,167968,2025,0.0015287543424984612,0.17497348886532343,0.17497348886532343,0.006407258169046914,0.0012105030013337512,0.03325932088136139,0.010309278350515464,1,96.0
liquidity_absence_window,law_BTCUSDT_168512,BTCUSDT,2025-03-22 08:00:00+00:00,8,168512,168608,2025,0.0015824483476358554,0.1919406150583245,0.19388476493460588,0.006407258169046914,0.0009870064819523456,0.010918728796351161,0.0,0,
liquidity_absence_window,law_BTCUSDT_168640,BTCUSDT,2025-03-23 16:00:00+00:00,16,168640,168736,2025,0.0009158676503780546,0.036585365853658534,0.036585365853658534,0.006407258169046914,0.0014217865940808448,0.04686230153006118,0.010309278350515464,1,88.0
liquidity_absence_window,law_BTCUSDT_169312,BTCUSDT,2025-03-30 16:00:00+00:00,16,169312,169408,2025,0.00158325398080453,0.19406150583244963,0.19476846942382467,0.006407258169046914,0.001918567544584642,0.03232596292996206,0.041237113402061855,1,34.0
liquidity_absence_window,law_BTCUSDT_169920,BTCUSDT,2025-04-06 00:00:00+00:00,0,169920,170016,2025,0.0014540324837714752,0.15429480381760338,0.15022976316719688,0.006407258169046914,0.001513693298433008,0.08006122505240927,0.05154639175257732,1,73.0
liquidity_absence_window,law_BTCUSDT_171104,BTCUSDT,2025-04-18 08:00:00+00:00,8,171104,171200,2025,0.0016031382845516603,0.19936373276776245,0.20077765995051255,0.006407258169046914,0.0011018586975287679,0.011568076358747296,0.0,0,
liquidity_absence_window,law_BTCUSDT_171232,BTCUSDT,2025-04-19 16:00:00+00:00,16,171232,171328,2025,0.0008589643652934765,0.02863202545068929,0.02739483916578296,0.006407258169046914,0.0008729386356268914,0.01681973521860252,0.0,0,
liquidity_absence_window,law_BTCUSDT_171360,BTCUSDT,2025-04-21 00:00:00+00:00,0,171360,171456,2025,0.001079559926056799,0.07051961823966066,0.06769176387416048,0.006407258169046914,0.0019831127879050992,0.03890244960455074,0.030927835051546393,1,1.0
liquidity_absence_window,law_BTCUSDT_171904,BTCUSDT,2025-04-26 16:00:00+00:00,16,171904,172000,2025,0.001490526892963931,0.1627783669141039,0.16348533050547898,0.006407258169046914,0.0012192642308399965,0.018398428087219473,0.0,0,
liquidity_absence_window,law_BTCUSDT_172032,BTCUSDT,2025-04-28 00:00:00+00:00,0,172032,172128,2025,0.0013342889844244964,0.12725344644750794,0.1215977377165076,0.006407258169046914,0.0016385910852908954,0.03083253631562547,0.020618556701030927,1,42.0
liquidity_absence_window,law_BTCUSDT_172256,BTCUSDT,2025-04-30 08:00:00+00:00,8,172256,172352,2025,0.0015836618321792282,0.19353128313891835,0.19529869211735595,0.006407258169046914,0.0020627109738301174,0.024701008363948975,0.030927835051546393,1,22.0
liquidity_absence_window,law_BTCUSDT_172512,BTCUSDT,2025-05-03 00:00:00+00:00,0,172512,172608,2025,0.00159066052079819,0.19989395546129374,0.19724284199363734,0.006407258169046914,0.0012775488386702677,0.012076473305970682,0.0,0,
liquidity_absence_window,law_BTCUSDT_172640,BTCUSDT,2025-05-04 08:00:00+00:00,8,172640,172736,2025,0.001026805201942685,0.05726405090137858,0.05814775539059738,0.006407258169046914,0.0011581554718480208,0.025470145033978913,0.0,0,
liquidity_absence_window,law_BTCUSDT_172768,BTCUSDT,2025-05-05 16:00:00+00:00,16,172768,172864,2025,0.0015499990709787438,0.18451749734888653,0.18345705196182396,0.006407258169046914,0.0015480027475644844,0.019568702850828224,0.0,0,
liquidity_absence_window,law_BTCUSDT_173248,BTCUSDT,2025-05-10 16:00:00+00:00,16,173248,173344,2025,0.0011026264394645693,0.06998939554612937,0.07246376811594203,0.006407258169046914,0.0015943629869880423,0.01995907619152813,0.020618556701030927,1,29.0
liquidity_absence_window,law_BTCUSDT_173632,BTCUSDT,2025-05-14 16:00:00+00:00,16,173632,173728,2025,0.0015947873537461813,0.19724284199363734,0.19830328738069988,0.006407258169046914,0.0015157756297701586,0.024616062048081058,0.0,0,
liquidity_absence_window,law_BTCUSDT_173856,BTCUSDT,2025-05-17 00:00:00+00:00,0,173856,173952,2025,0.0015498250752792161,0.1861081654294804,0.18310357016613643,0.006407258169046914,0.0014437173793263858,0.01078831838874855,0.0,0,
liquidity_absence_window,law_BTCUSDT_173984,BTCUSDT,2025-05-18 08:00:00+00:00,8,173984,174080,2025,0.000981343937863563,0.048250265111346766,0.05001767408978438,0.006407258169046914,0.0016539976130011244,0.04886659914272841,0.020618556701030927,1,57.0
liquidity_absence_window,law_BTCUSDT_174624,BTCUSDT,2025-05-25 00:00:00+00:00,0,174624,174720,2025,0.0014021133355092104,0.1420996818663839,0.13679745493107104,0.006407258169046914,0.0015169422725716348,0.025847092306408755,0.010309278350515464,1,88.0
liquidity_absence_window,law_BTCUSDT_174816,BTCUSDT,2025-05-27 00:00:00+00:00,0,174816,174912,2025,0.0014867491841427083,0.16542948038176034,0.16224814422057265,0.006407258169046914,0.0017283706048669292,0.02980127610124029,0.010309278350515464,1,52.0
liquidity_absence_window,law_BTCUSDT_174976,BTCUSDT,2025-05-28 16:00:00+00:00,16,174976,175072,2025,0.0015843827750424656,0.1951219512195122,0.196005655708731,0.006407258169046914,0.0017027760158606906,0.022938859547041446,0.010309278350515464,1,86.0
liquidity_absence_window,law_BTCUSDT_175296,BTCUSDT,2025-06-01 00:00:00+00:00,0,175296,175392,2025,0.001285861388279352,0.11876988335100742,0.11223047013078827,0.006407258169046914,0.0011432267423856113,0.020296377869813986,0.0,0,
liquidity_absence_window,law_BTCUSDT_175424,BTCUSDT,2025-06-02 08:00:00+00:00,8,175424,175520,2025,0.0014086945634647211,0.13308589607635207,0.13821138211382114,0.006407258169046914,0.001659950097877018,0.027211877583526084,0.0,0,
liquidity_absence_window,law_BTCUSDT_175616,BTCUSDT,2025-06-04 08:00:00+00:00,8,175616,175712,2025,0.0014765504069211772,0.15323435843054084,0.15765288087663484,0.006407258169046914,0.001301061882085609,0.017615294499623103,0.0,0,
liquidity_absence_window,law_BTCUSDT_175744,BTCUSDT,2025-06-05 16:00:00+00:00,16,175744,175840,2025,0.0015748041270628248,0.1914103923647932,0.1910569105691057,0.006407258169046914,0.0022189084774269898,0.04771508403985597,0.0,0,
liquidity_absence_window,law_BTCUSDT_175872,BTCUSDT,2025-06-07 00:00:00+00:00,0,175872,175968,2025,0.0015403160314505062,0.18080593849416754,0.17939201131141747,0.006407258169046914,0.0013811290815386554,0.01997485601802367,0.0,0,
liquidity_absence_window,law_BTCUSDT_176000,BTCUSDT,2025-06-08 08:00:00+00:00,8,176000,176096,2025,0.0009048364619641797,0.036055143160127257,0.03464121597737717,0.006407258169046914,0.0009116973984645649,0.014752069055467398,0.0,0,
liquidity_absence_window,law_BTCUSDT_176128,BTCUSDT,2025-06-09 16:00:00+00:00,16,176128,176224,2025,0.0014434585478230134,0.14952279957582185,0.14687168610816542,0.006407258169046914,0.0020290541663571873,0.028662884152862642,0.020618556701030927,1,21.0
liquidity_absence_window,law_BTCUSDT_176320,BTCUSDT,2025-06-11 16:00:00+00:00,16,176320,176416,2025,0.001454761711565833,0.15164369034994699,0.15040650406504066,0.006407258169046914,0.0014370901063518837,0.029588508245280948,0.0,0,
liquidity_absence_window,law_BTCUSDT_176608,BTCUSDT,2025-06-14 16:00:00+00:00,16,176608,176704,2025,0.0012022857843095474,0.08748674443266172,0.09155178508306822,0.006407258169046914,0.0012360220885630077,0.017887363064790624,0.0,0,
liquidity_absence_window,law_BTCUSDT_176736,BTCUSDT,2025-06-16 00:00:00+00:00,0,176736,176832,2025,0.0011818567280197933,0.09490986214209968,0.08695652173913043,0.006407258169046914,0.0014125248825737045,0.03773957041369396,0.010309278350515464,1,90.0
liquidity_absence_window,law_BTCUSDT_177120,BTCUSDT,2025-06-20 00:00:00+00:00,0,177120,177216,2025,0.0014513152666518344,0.15270413573700956,0.14899257688229056,0.006407258169046914,0.0015868932550152468,0.04042854699368277,0.010309278350515464,1,59.0
liquidity_absence_window,law_BTCUSDT_177280,BTCUSDT,2025-06-21 16:00:00+00:00,16,177280,177376,2025,0.0012267125803464916,0.09490986214209968,0.09738423471191233,0.006407258169046914,0.0017849916820551679,0.0465852878701674,0.05154639175257732,1,21.0
liquidity_absence_window,law_BTCUSDT_177728,BTCUSDT,2025-06-26 08:00:00+00:00,8,177728,177824,2025,0.0014886487703170677,0.16118769883351008,0.1629551078119477,0.006407258169046914,0.0014296744509500825,0.016567850150654716,0.0,0,
liquidity_absence_window,law_BTCUSDT_177856,BTCUSDT,2025-06-27 16:00:00+00:00,16,177856,177952,2025,0.0013884181577247104,0.13308589607635207,0.13361611876988336,0.006407258169046914,0.0011860860332995097,0.012010066575310672,0.0,0,
liquidity_absence_window,law_BTCUSDT_177984,BTCUSDT,2025-06-29 00:00:00+00:00,0,177984,178080,2025,0.0005494222907148248,0.005832449628844115,0.00494874513962531,0.006407258169046914,0.0007033356418612295,0.012931834568778668,0.0,0,
liquidity_absence_window,law_BTCUSDT_178112,BTCUSDT,2025-06-30 08:00:00+00:00,8,178112,178208,2025,0.0011856414613485296,0.08377518557794274,0.08748674443266172,0.006407258169046914,0.0012470802749037124,0.012636068762080002,0.0,0,
liquidity_absence_window,law_BTCUSDT_178240,BTCUSDT,2025-07-01 16:00:00+00:00,16,178240,178336,2025,0.0014975389265921503,0.16542948038176034,0.16595970307529162,0.006407258169046914,0.001434143837907186,0.04340993004503898,0.0,0,
liquidity_absence_window,law_BTCUSDT_178368,BTCUSDT,2025-07-03 00:00:00+00:00,0,178368,178464,2025,0.0014415257021825813,0.15005302226935313,0.14634146341463414,0.006407258169046914,0.0015809314220181056,0.01840352160029978,0.010309278350515464,1,54.0
liquidity_absence_window,law_BTCUSDT_178496,BTCUSDT,2025-07-04 08:00:00+00:00,8,178496,178592,2025,0.0015394853640096527,0.17815482502651114,0.17886178861788618,0.006407258169046914,0.0011729601789077396,0.017240712074303458,0.0,0,
liquidity_absence_window,law_BTCUSDT_178624,BTCUSDT,2025-07-05 16:00:00+00:00,16,178624,178720,2025,0.000833890869801065,0.025980911983032873,0.024920466595970307,0.006407258169046914,0.0006361664850738162,0.012367764367097798,0.0,0,
liquidity_absence_window,law_BTCUSDT_178752,BTCUSDT,2025-07-07 00:00:00+00:00,0,178752,178848,2025,0.0009743683324340233,0.049310710498409335,0.048427006009190525,0.006407258169046914,0.0012340098490460883,0.02024656994923024,0.0,0,
liquidity_absence_window,law_BTCUSDT_178880,BTCUSDT,2025-07-08 08:00:00+00:00,8,178880,178976,2025,0.001259872379248512,0.0975609756097561,0.10445387062566278,0.006407258169046914,0.0012411584045157037,0.010505529007342801,0.0,0,
liquidity_absence_window,law_BTCUSDT_179008,BTCUSDT,2025-07-09 16:00:00+00:00,16,179008,179104,2025,0.0012268557640110886,0.09544008483563096,0.0975609756097561,0.006407258169046914,0.001730167871083893,0.02806049016246472,0.010309278350515464,1,14.0
liquidity_absence_window,law_BTCUSDT_179264,BTCUSDT,2025-07-12 08:00:00+00:00,8,179264,179360,2025,0.0015318280834602579,0.176033934252386,0.17585719335454225,0.006407258169046914,0.001143927724045815,0.011159510968071659,0.0,0,
liquidity_absence_window,law_BTCUSDT_179392,BTCUSDT,2025-07-13 16:00:00+00:00,16,179392,179488,2025,0.001100478564588063,0.06945917285259809,0.07211028632025451,0.006407258169046914,0.001659112760098104,0.042977702942308675,0.020618556701030927,1,46.0
liquidity_absence_window,law_BTCUSDT_179968,BTCUSDT,2025-07-19 16:00:00+00:00,16,179968,180064,2025,0.0012750254383321069,0.10763520678685047,0.10834217037822552,0.006407258169046914,0.0009797410715605968,0.013665112688184914,0.0,0,
liquidity_absence_window,law_BTCUSDT_180096,BTCUSDT,2025-07-21 00:00:00+00:00,0,180096,180192,2025,0.001437053522272092,0.14899257688229056,0.14510427712972782,0.006407258169046914,0.0017868626542357632,0.0279620370299035,0.0,0,
liquidity_absence_window,law_BTCUSDT_180640,BTCUSDT,2025-07-26 16:00:00+00:00,16,180640,180736,2025,0.0012161231054222629,0.09013785790031813,0.09437963944856839,0.006407258169046914,0.0008390454178323956,0.01153891440009417,0.0,0,
liquidity_absence_window,law_BTCUSDT_180768,BTCUSDT,2025-07-28 00:00:00+00:00,0,180768,180864,2025,0.0010504591467109738,0.06521739130434782,0.06327324142806645,0.006407258169046914,0.0013511996299569624,0.020292109265976476,0.0,0,
liquidity_absence_window,law_BTCUSDT_180896,BTCUSDT,2025-07-29 08:00:00+00:00,8,180896,180992,2025,0.0015640110796672226,0.18451749734888653,0.18752209261223046,0.006407258169046914,0.0015346370345728994,0.017879704140071975,0.0,0,
liquidity_absence_window,law_BTCUSDT_181024,BTCUSDT,2025-07-30 16:00:00+00:00,16,181024,181120,2025,0.0015237509174303,0.17391304347826086,0.17302933898904208,0.006407258169046914,0.0015751767589726785,0.027256262359780965,0.010309278350515464,1,11.0
