event_id,symbol,year,anchor_hour,delta_realized_vol_mean,delta_range_expansion,delta_tail_move_probability,delta_tail_move_within
rcbw_BTCUSDT_002990,BTCUSDT,2020,3,0.0003603273481121627,-0.01524617709760738,-0.010309278350515464,0
rcbw_BTCUSDT_003139,BTCUSDT,2020,16,-0.00012010844329439366,-0.03040380347285144,-0.010309278350515464,-1
rcbw_BTCUSDT_003236,BTCUSDT,2020,17,0.0003656645715850532,0.008045824088958988,0.010309278350515464,1
rcbw_BTCUSDT_003506,BTCUSDT,2020,12,-0.0017071273171643797,-0.051721299894630215,-0.05154639175257732,-1
rcbw_BTCUSDT_003603,BTCUSDT,2020,12,0.0008202462994632009,0.009133442834379578,0.010309278350515464,1
rcbw_BTCUSDT_003702,BTCUSDT,2020,13,7.883962615193047e-05,0.01786994623480819,0.0,0
rcbw_BTCUSDT_003804,BTCUSDT,2020,15,0.0004182821314390997,0.008169621840673527,0.0,0
rcbw_BTCUSDT_003901,BTCUSDT,2020,15,0.0001796567359965462,0.008353760942141925,0.0,0
rcbw_BTCUSDT_004269,BTCUSDT,2020,11,-0.0005914121062716498,-0.0038082566982949526,0.0,0
rcbw_BTCUSDT_004443,BTCUSDT,2020,6,-0.000788655311319777,-0.0265745272787732,-0.030927835051546393,-1
rcbw_BTCUSDT_004540,BTCUSDT,2020,7,-0.0013255396868196443,-0.04555402387892749,-0.020618556701030927,-1
rcbw_BTCUSDT_004637,BTCUSDT,2020,7,-0.0009680779641108785,-0.015126659484612524,-0.010309278350515464,-1
rcbw_BTCUSDT_004746,BTCUSDT,2020,10,-0.0004096512959309962,0.01563415254327117,0.010309278350515464,1
rcbw_BTCUSDT_004953,BTCUSDT,2020,14,0.00035140291429331554,0.014477234921760614,0.010309278350515464,1
rcbw_BTCUSDT_007188,BTCUSDT,2020,21,0.0001338194939157233,0.018108584828005522,0.010309278350515464,1
rcbw_BTCUSDT_007386,BTCUSDT,2020,22,-0.00012014848544847682,0.009226342380532257,0.0,0
rcbw_BTCUSDT_007738,BTCUSDT,2020,14,-0.000829165175662022,-0.005882960457001433,-0.010309278350515464,0
rcbw_BTCUSDT_007835,BTCUSDT,2020,14,0.0004757220741286308,0.00601011452932617,0.02061855670103093,0
rcbw_BTCUSDT_007954,BTCUSDT,2020,20,-0.000306240810610777,-0.01463885518949079,0.010309278350515464,1
rcbw_BTCUSDT_008051,BTCUSDT,2020,20,-0.0005836340188910545,-0.038829266982787464,-0.010309278350515464,-1
rcbw_BTCUSDT_008148,BTCUSDT,2020,21,0.0004007489674820229,0.04197857569162657,0.041237113402061855,1
rcbw_BTCUSDT_008337,BTCUSDT,2020,20,0.00018753390577775806,0.019568030807045424,0.061855670103092786,1
rcbw_BTCUSDT_008539,BTCUSDT,2020,22,-4.6095663530159973e-05,-0.0023089907669333037,0.0,0
rcbw_BTCUSDT_008636,BTCUSDT,2020,23,0.0004363606949602793,0.00905961879808808,0.010309278350515464,1
rcbw_BTCUSDT_008733,BTCUSDT,2020,23,-0.0002563275048435402,-0.011292894994879076,0.0,0
rcbw_BTCUSDT_008830,BTCUSDT,2020,23,0.0005198583958537085,0.012562700439617568,-0.010309278350515464,0
rcbw_BTCUSDT_009738,BTCUSDT,2020,10,-4.210412069436927e-05,-0.0026251001486096853,-0.02061855670103093,0
rcbw_BTCUSDT_009849,BTCUSDT,2020,14,-0.0006562397732772342,-0.03004333833417506,-0.010309278350515464,-1
rcbw_BTCUSDT_009946,BTCUSDT,2020,14,0.0007395713888663467,0.02405311451887039,0.020618556701030927,1
rcbw_BTCUSDT_010471,BTCUSDT,2020,1,-0.0004802260989913837,-0.011156526006143697,-0.030927835051546393,-1
rcbw_BTCUSDT_010599,BTCUSDT,2020,9,7.913389984117933e-06,-1.937728576873951e-05,0.0,0
rcbw_BTCUSDT_010906,BTCUSDT,2020,14,-0.0008009771860905896,-0.02295312546551154,-0.07216494845360824,-1
rcbw_BTCUSDT_011003,BTCUSDT,2020,14,0.0005557378619071879,0.006653452885922222,0.010309278350515464,0
rcbw_BTCUSDT_011227,BTCUSDT,2020,22,-0.00031322336349281317,-0.00984108675216772,0.0,0
rcbw_BTCUSDT_011324,BTCUSDT,2020,23,0.00024395237219140072,-0.005149463416260314,0.0,0
rcbw_BTCUSDT_011421,BTCUSDT,2020,23,0.00017144494024421406,-0.03225761489689889,-0.020618556701030927,0
rcbw_BTCUSDT_011685,BTCUSDT,2020,17,0.00019681636434659916,0.03471658860913186,0.030927835051546393,1
rcbw_BTCUSDT_011945,BTCUSDT,2020,10,-0.00048449510042841964,-0.005196739340422028,0.0,0
rcbw_BTCUSDT_012042,BTCUSDT,2020,10,-0.0009222723028077497,-0.046424876180263724,-0.041237113402061855,-1
rcbw_BTCUSDT_012139,BTCUSDT,2020,10,0.00015700201146414945,-0.0017136075726520116,0.0,0
rcbw_BTCUSDT_012236,BTCUSDT,2020,11,0.0008550807420526481,0.01678949219811348,0.010309278350515464,1
rcbw_BTCUSDT_012363,BTCUSDT,2020,18,7.772974481834297e-05,0.02908050958141558,0.010309278350515464,1
rcbw_BTCUSDT_012687,BTCUSDT,2020,3,-0.00012189788030688028,-0.01762143917923488,-0.010309278350515464,-1
rcbw_BTCUSDT_012784,BTCUSDT,2020,4,0.0008729192921346163,0.0464766848701788,0.05154639175257732,1
rcbw_BTCUSDT_013009,BTCUSDT,2020,12,-0.0007654242856614747,-0.03084618939945464,-0.05154639175257732,0
rcbw_BTCUSDT_013285,BTCUSDT,2020,9,-0.0005842835088565351,-0.006390090638523478,-0.010309278350515464,-1
rcbw_BTCUSDT_013410,BTCUSDT,2020,16,-0.0002612422149363906,0.020568104088302366,0.0,0
rcbw_BTCUSDT_014784,BTCUSDT,2020,0,-0.00026660198382469965,0.008894504570531397,0.0,0
rcbw_BTCUSDT_015956,BTCUSDT,2020,5,0.0008514726754746834,-0.004329327065608735,0.010309278350515464,1
rcbw_BTCUSDT_016101,BTCUSDT,2020,17,-0.0010105782741536276,-0.00013595325413461729,-0.04123711340206186,0
rcbw_BTCUSDT_017885,BTCUSDT,2020,7,-5.0958685822333205e-05,-0.0034908744086919324,-0.030927835051546386,0
rcbw_BTCUSDT_018060,BTCUSDT,2020,3,5.809522220563321e-05,0.0028887296729558053,0.010309278350515464,1
rcbw_BTCUSDT_018199,BTCUSDT,2020,13,-0.0005085765214901707,0.005576486667677932,0.010309278350515465,0
rcbw_BTCUSDT_018473,BTCUSDT,2020,10,0.00024868934419352336,-0.02086805105262187,0.0,0
rcbw_BTCUSDT_018839,BTCUSDT,2020,5,-0.0004845059711982426,-0.007738855654249099,-0.010309278350515464,0
rcbw_BTCUSDT_018936,BTCUSDT,2020,6,-0.0003593764478656684,-0.04537457666455297,-0.020618556701030927,-1
rcbw_BTCUSDT_019033,BTCUSDT,2020,6,0.0018387220878845684,0.12156030104579066,0.14432989690721648,1
rcbw_BTCUSDT_022356,BTCUSDT,2021,21,-0.0011824570959545694,0.011023927815496284,0.15463917525773196,0
rcbw_BTCUSDT_022746,BTCUSDT,2021,22,-0.0014285900582669394,0.015504656696142864,0.030927835051546393,0
rcbw_BTCUSDT_023028,BTCUSDT,2021,21,-0.000862981237158591,-0.019330662139575405,-0.061855670103092786,0
rcbw_BTCUSDT_023417,BTCUSDT,2021,22,-0.0004962197698217541,0.017339853454498726,0.0,0
rcbw_BTCUSDT_023515,BTCUSDT,2021,22,0.0010815009605301064,0.032227831024700865,0.020618556701030924,0
rcbw_BTCUSDT_023618,BTCUSDT,2021,0,0.00011669346129859759,0.022028411048072377,0.010309278350515469,0
rcbw_BTCUSDT_023786,BTCUSDT,2021,18,0.0005979630428649177,0.012575543945033872,0.061855670103092786,0
rcbw_BTCUSDT_023939,BTCUSDT,2021,8,0.0003150665422789172,0.022766123747739397,0.09278350515463918,0
rcbw_BTCUSDT_024780,BTCUSDT,2021,3,0.001212486578766088,0.0626554695063535,0.09278350515463916,0
rcbw_BTCUSDT_025206,BTCUSDT,2021,13,7.021738230314359e-05,0.011665833082233817,0.0,0
rcbw_BTCUSDT_026663,BTCUSDT,2021,17,0.0005261952950124799,-0.0012384601645030746,0.051546391752577324,0
rcbw_BTCUSDT_026760,BTCUSDT,2021,18,-0.00024573922080269083,0.021019227760613976,-0.02061855670103093,0
rcbw_BTCUSDT_026880,BTCUSDT,2021,0,0.0003804468961808127,0.019932858547919104,0.04123711340206186,0
rcbw_BTCUSDT_027310,BTCUSDT,2021,11,0.0004207254887887914,0.040554835758296146,0.05154639175257732,0
rcbw_BTCUSDT_027504,BTCUSDT,2021,12,0.0003914420597834929,0.06034875432603148,0.12371134020618557,0
rcbw_BTCUSDT_027770,BTCUSDT,2021,6,0.001026088780817498,0.06787304120681227,0.05154639175257732,0
rcbw_BTCUSDT_028037,BTCUSDT,2021,1,-0.0004611500714139386,-0.010610321428614337,-0.03092783505154639,0
rcbw_BTCUSDT_028134,BTCUSDT,2021,1,0.00045166577616528045,0.005680013810698194,0.020618556701030924,0
rcbw_BTCUSDT_028262,BTCUSDT,2021,9,-0.00098668279655858,0.022068203716488433,0.010309278350515483,0
rcbw_BTCUSDT_028443,BTCUSDT,2021,6,-0.0019020802458798326,-0.05413969149738167,-0.2680412371134021,0
rcbw_BTCUSDT_028768,BTCUSDT,2021,16,0.0011056488798721364,-0.01494319729628385,0.020618556701030927,0
rcbw_BTCUSDT_028865,BTCUSDT,2021,16,0.00061294643164814,0.0230013770702547,0.030927835051546393,0
rcbw_BTCUSDT_029025,BTCUSDT,2021,8,-0.0001488377936460358,0.013295397025973522,0.04123711340206186,0
rcbw_BTCUSDT_029226,BTCUSDT,2021,10,-0.0006511451424184456,-0.02011881061495422,-0.041237113402061855,0
rcbw_BTCUSDT_029353,BTCUSDT,2021,18,0.0001326250058632935,0.007722077225040085,0.020618556701030927,1
rcbw_BTCUSDT_029552,BTCUSDT,2021,20,-0.000494082041172014,-0.020850666413627587,-0.030927835051546393,0
rcbw_BTCUSDT_029707,BTCUSDT,2021,10,-0.00039182242907050916,0.00490833721920244,0.010309278350515465,0
rcbw_BTCUSDT_029897,BTCUSDT,2021,10,-0.00018925127881545215,0.006146808315783674,0.0,0
rcbw_BTCUSDT_030001,BTCUSDT,2021,12,0.00033602451196607444,0.04630251532637015,0.030927835051546393,1
rcbw_BTCUSDT_030229,BTCUSDT,2021,21,9.228799373518434e-05,-0.008568441161150797,0.02061855670103093,0
rcbw_BTCUSDT_030606,BTCUSDT,2021,19,0.0006343992654259138,0.04255897793504258,0.030927835051546393,1
rcbw_BTCUSDT_031799,BTCUSDT,2021,5,-0.0006808135868054828,-0.01906689858822188,-0.030927835051546393,0
rcbw_BTCUSDT_032144,BTCUSDT,2021,20,-0.0012150406091366271,-0.04405866339624731,-0.04123711340206185,0
rcbw_BTCUSDT_032254,BTCUSDT,2021,23,1.4406363877650027e-05,-0.0016815425831801373,0.0,0
rcbw_BTCUSDT_032603,BTCUSDT,2021,14,3.38370290240554e-05,-0.03300317227721765,-0.030927835051546393,0
rcbw_BTCUSDT_032838,BTCUSDT,2021,1,0.00019231189833489185,0.0004497325013301662,0.010309278350515455,0
rcbw_BTCUSDT_034953,BTCUSDT,2021,2,0.0009035858187417187,0.053458550653767464,0.12371134020618556,0
rcbw_BTCUSDT_035069,BTCUSDT,2021,7,0.0009134303261844725,-0.05343319423064033,0.05154639175257733,0
rcbw_BTCUSDT_035166,BTCUSDT,2021,7,0.0003137442647875347,0.01450750279514696,0.0,0
rcbw_BTCUSDT_035263,BTCUSDT,2021,7,0.00047452160204042824,0.0283061974083356,0.05154639175257732,0
rcbw_BTCUSDT_035440,BTCUSDT,2021,4,0.0006527041326713215,0.03589945774746459,0.06185567010309277,0
rcbw_BTCUSDT_035559,BTCUSDT,2021,9,0.00024806629809202233,0.0035296399702682626,0.051546391752577324,0
rcbw_BTCUSDT_035656,BTCUSDT,2021,10,-0.00010701811191286478,0.08796499109188934,0.010309278350515469,0
rcbw_BTCUSDT_035983,BTCUSDT,2021,19,0.0004952180739551254,-0.006494841959750426,0.04123711340206185,0
rcbw_BTCUSDT_036080,BTCUSDT,2021,20,0.0008699655644418183,-0.0014986479495111976,-0.010309278350515455,0
rcbw_BTCUSDT_036197,BTCUSDT,2021,1,-0.001353085329917663,0.04268606014141997,-0.12371134020618556,0
rcbw_BTCUSDT_036370,BTCUSDT,2021,20,-0.003100542047319985,-0.08510109307318345,-0.1649484536082474,0
rcbw_BTCUSDT_036467,BTCUSDT,2021,20,0.00019829734352431712,0.02249625885448405,0.09278350515463918,1
rcbw_BTCUSDT_036605,BTCUSDT,2021,7,-0.0004743562879249959,0.004521006862573555,0.030927835051546393,0
rcbw_BTCUSDT_036741,BTCUSDT,2021,17,-0.0007962499943039592,-0.100283759300213,-0.16494845360824742,0
rcbw_BTCUSDT_036838,BTCUSDT,2021,17,-0.000383845654830902,0.033642891085606454,-0.030927835051546393,0
rcbw_BTCUSDT_037720,BTCUSDT,2021,22,-0.000967327630588002,-0.008797688807833909,-0.020618556701030938,0
rcbw_BTCUSDT_037931,BTCUSDT,2021,2,0.0004149119320242729,-0.0015185822215104602,0.030927835051546393,0
rcbw_BTCUSDT_038040,BTCUSDT,2021,6,-0.0005545330959660301,-0.022684898453884793,-0.07216494845360824,0
rcbw_BTCUSDT_038137,BTCUSDT,2021,6,0.0002407939901206812,0.027545736844248672,0.030927835051546393,0
rcbw_BTCUSDT_038234,BTCUSDT,2021,6,-0.00053633361719721,0.019470149165733537,0.010309278350515462,0
rcbw_BTCUSDT_038405,BTCUSDT,2021,1,0.0005237248263290032,0.0008528911051855215,0.030927835051546393,0
rcbw_BTCUSDT_038502,BTCUSDT,2021,1,-0.0012089815850750293,-0.007869092085097534,-0.08247422680412371,0
rcbw_BTCUSDT_038689,BTCUSDT,2021,0,-0.00015196767172845523,0.007141048183309892,0.010309278350515464,0
rcbw_BTCUSDT_038833,BTCUSDT,2021,12,0.000678495290365928,0.009045977269826467,0.030927835051546393,0
rcbw_BTCUSDT_038930,BTCUSDT,2021,12,-0.005503764393450499,-0.13987894224236117,-0.20618556701030927,0
rcbw_BTCUSDT_039027,BTCUSDT,2021,12,-0.0003681767735798304,-0.009391926765498979,0.0,0
rcbw_BTCUSDT_039124,BTCUSDT,2021,13,0.0008178323515905632,0.013425884877492925,0.0,0
rcbw_BTCUSDT_039300,BTCUSDT,2021,9,0.00020777557676998843,-0.02389108541392128,0.0,0
rcbw_BTCUSDT_039401,BTCUSDT,2021,10,0.0010710220520709587,0.01750192515367695,0.051546391752577324,0
rcbw_BTCUSDT_039498,BTCUSDT,2021,10,-0.00016913932419672286,-0.012815320038978659,-0.02061855670103093,0
rcbw_BTCUSDT_039595,BTCUSDT,2021,10,0.00033223881750225263,0.004696018689233174,0.010309278350515464,1
rcbw_BTCUSDT_039692,BTCUSDT,2021,11,0.0010024396654788985,0.05396000935899877,0.07216494845360824,1
rcbw_BTCUSDT_039849,BTCUSDT,2021,2,-7.2780099221810175e-06,0.055562473923780255,0.030927835051546386,0
rcbw_BTCUSDT_040009,BTCUSDT,2021,18,-1.4010857548338394e-05,0.002970904019889666,0.010309278350515464,0
rcbw_BTCUSDT_040106,BTCUSDT,2021,18,0.0006560298645272738,0.056222888089587655,0.05154639175257732,1
rcbw_BTCUSDT_040222,BTCUSDT,2021,23,-0.00038729988861442143,-0.02752587938516631,-0.03092783505154639,0
rcbw_BTCUSDT_040908,BTCUSDT,2021,3,0.00013873004306523508,0.050632098931608804,0.061855670103092786,0
rcbw_BTCUSDT_042874,BTCUSDT,2021,14,0.001605795225902179,0.015319872115484502,0.0,0
rcbw_BTCUSDT_042971,BTCUSDT,2021,14,0.000204603751778346,0.01398259782613491,0.020618556701030927,0
rcbw_BTCUSDT_043099,BTCUSDT,2021,22,-0.0001927125171536123,-0.018579334841615606,-0.06185567010309278,0
rcbw_BTCUSDT_043259,BTCUSDT,2021,14,0.00025808534360894936,0.00952980768027415,0.010309278350515469,0
rcbw_BTCUSDT_043413,BTCUSDT,2021,5,-0.0009237394226891734,-0.0427552631490512,-0.061855670103092786,0
rcbw_BTCUSDT_043545,BTCUSDT,2021,14,-0.0007930772697623818,-0.03043339805265325,0.0,0
rcbw_BTCUSDT_043928,BTCUSDT,2021,14,0.0008717512008841284,0.028223777061180025,0.0,0
rcbw_BTCUSDT_044204,BTCUSDT,2021,11,-0.0004627100636294362,-0.03226794472150914,-0.05154639175257732,-1
rcbw_BTCUSDT_044301,BTCUSDT,2021,11,-0.0005939451467451393,-0.02464049494744351,-0.02061855670103093,0
rcbw_BTCUSDT_044433,BTCUSDT,2021,20,0.0007653241260543921,0.17541819809437287,0.12371134020618556,0
rcbw_BTCUSDT_044674,BTCUSDT,2021,8,-0.000710402454732193,-0.0014218623980389727,-0.10309278350515463,0
rcbw_BTCUSDT_044924,BTCUSDT,2021,23,-0.00033913403263455657,-0.033586675030879795,-0.041237113402061855,0
rcbw_BTCUSDT_045351,BTCUSDT,2021,9,0.00035057530453194404,-0.008897432038247874,0.010309278350515465,0
rcbw_BTCUSDT_045448,BTCUSDT,2021,10,0.000584311573022335,0.025601218743868424,0.010309278350515464,1
rcbw_BTCUSDT_045606,BTCUSDT,2021,1,-0.00038282612820231265,-0.005410909188020861,-0.010309278350515464,0
rcbw_BTCUSDT_046268,BTCUSDT,2021,23,0.00037415139700032506,0.0207957425384553,0.030927835051546386,0
rcbw_BTCUSDT_046756,BTCUSDT,2021,1,0.0011184695957328016,0.037867467089157725,-0.010309278350515469,0
rcbw_BTCUSDT_046908,BTCUSDT,2021,15,-0.0001533141637954905,-0.006873687191681133,-0.010309278350515464,0
rcbw_BTCUSDT_047005,BTCUSDT,2021,15,-0.00011469673548789375,0.013964057287908109,0.0,0
rcbw_BTCUSDT_047449,BTCUSDT,2021,6,0.00015119788035464123,0.004429616360099094,0.020618556701030927,0
rcbw_BTCUSDT_047625,BTCUSDT,2021,2,0.0007453336335567426,0.028091867248554152,0.061855670103092786,1
rcbw_BTCUSDT_047858,BTCUSDT,2021,12,0.00010984415030342986,0.014440457209711953,0.0,0
rcbw_BTCUSDT_048322,BTCUSDT,2021,8,0.0012846793802316892,0.029364998974634286,0.09278350515463918,1
rcbw_BTCUSDT_049004,BTCUSDT,2021,11,0.00035015594638332327,0.03749249821341809,0.05154639175257732,1
rcbw_BTCUSDT_049178,BTCUSDT,2021,6,-0.00011355271875039975,-0.01479810765576342,0.041237113402061855,0
rcbw_BTCUSDT_049376,BTCUSDT,2021,8,0.001260872237188342,0.012419348270369765,0.10309278350515463,0
rcbw_BTCUSDT_049616,BTCUSDT,2021,20,0.0003024103934719795,0.015415601054280106,0.010309278350515464,1
rcbw_BTCUSDT_049742,BTCUSDT,2021,3,-0.00026777257329356745,-0.0785340271858019,-0.15463917525773196,0
rcbw_BTCUSDT_049958,BTCUSDT,2021,9,0.0005936043360985255,-0.009110713018781004,-0.010309278350515462,0
rcbw_BTCUSDT_050132,BTCUSDT,2021,5,-0.00029565345412486477,-0.016341985369610866,-0.020618556701030927,-1
rcbw_BTCUSDT_050229,BTCUSDT,2021,5,-0.0001777240166083,0.007034477402049259,-0.020618556701030927,0
rcbw_BTCUSDT_050370,BTCUSDT,2021,16,0.0007647237619421293,0.05556509185895854,0.041237113402061855,1
rcbw_BTCUSDT_050612,BTCUSDT,2021,5,0.0009982252212976227,0.06514873042825045,0.05154639175257732,0
rcbw_BTCUSDT_050773,BTCUSDT,2021,21,-0.0010025368207586278,-0.019931224166325007,-0.05154639175257732,0
rcbw_BTCUSDT_050948,BTCUSDT,2021,17,-0.0027140712535953272,-0.16471062250392007,-0.15463917525773196,0
rcbw_BTCUSDT_051045,BTCUSDT,2021,17,-0.0016039750899139804,-0.08884213681770715,-0.12371134020618557,0
rcbw_BTCUSDT_051402,BTCUSDT,2021,10,0.0006100121057730297,0.016508315977180894,0.05154639175257732,0
rcbw_BTCUSDT_051605,BTCUSDT,2021,13,0.0007403066454396714,-0.006797577559771388,0.010309278350515465,0
rcbw_BTCUSDT_051721,BTCUSDT,2021,18,0.0005172515721633304,0.029820942239636765,0.030927835051546393,0
rcbw_BTCUSDT_051983,BTCUSDT,2021,11,-0.0004402120427554517,0.007342027429827848,-0.03092783505154639,0
rcbw_BTCUSDT_052261,BTCUSDT,2021,9,-0.0014113413850534843,-0.04222432189022404,-0.12371134020618556,0
rcbw_BTCUSDT_052358,BTCUSDT,2021,9,0.0003732320765484653,0.05684892520517469,0.030927835051546393,0
rcbw_BTCUSDT_052783,BTCUSDT,2021,19,-0.0011650367071807336,-0.006512476013893764,-0.05154639175257732,0
rcbw_BTCUSDT_053271,BTCUSDT,2021,21,0.0005183303684159054,0.018236201353828682,-0.010309278350515462,0
rcbw_BTCUSDT_053696,BTCUSDT,2021,8,0.0006287044447033582,0.027410796055514868,0.030927835051546393,1
rcbw_BTCUSDT_053935,BTCUSDT,2021,19,-4.5288759845187303e-05,0.013223328413373654,0.06185567010309278,0
rcbw_BTCUSDT_054124,BTCUSDT,2021,19,-0.00014301299702467298,0.030481996073485278,0.05154639175257732,0
rcbw_BTCUSDT_054344,BTCUSDT,2021,2,0.0003929076326854553,0.0043746782835914905,0.020618556701030924,0
rcbw_BTCUSDT_054639,BTCUSDT,2021,3,0.00013609522047108467,-0.0026196441551977513,0.0,0
rcbw_BTCUSDT_054736,BTCUSDT,2021,4,-2.201955757773124e-05,0.028376008742623533,0.010309278350515465,0
rcbw_BTCUSDT_054887,BTCUSDT,2021,17,0.0001259566274760711,0.011368382197606993,0.010309278350515464,1
rcbw_BTCUSDT_054984,BTCUSDT,2021,18,-0.001033585444499969,-0.024764888508450107,-0.1134020618556701,-1
rcbw_BTCUSDT_055152,BTCUSDT,2021,12,0.0003772064456275875,0.03437889924757641,0.030927835051546393,0
rcbw_BTCUSDT_055365,BTCUSDT,2021,17,7.035607051015429e-05,-0.009234830274060128,-0.020618556701030924,0
rcbw_BTCUSDT_055497,BTCUSDT,2021,2,0.0005653983481299202,0.008119602778485231,0.030927835051546393,0
rcbw_BTCUSDT_055682,BTCUSDT,2022,0,-0.0006184902941751259,-0.033684306861816754,-0.06185567010309278,0
rcbw_BTCUSDT_055779,BTCUSDT,2022,0,-0.0003089187773678047,-0.026882372950972164,-0.041237113402061855,0
rcbw_BTCUSDT_056154,BTCUSDT,2022,22,-0.00036111648081728126,-0.04515063852560018,0.030927835051546393,0
rcbw_BTCUSDT_056321,BTCUSDT,2022,16,0.0009497072494916727,0.012510422113428427,0.051546391752577324,0
rcbw_BTCUSDT_056785,BTCUSDT,2022,12,0.0006180166706814289,0.040354046094105145,0.041237113402061855,0
rcbw_BTCUSDT_056986,BTCUSDT,2022,14,0.0007540415274022358,0.021466066056159333,0.020618556701030927,1
rcbw_BTCUSDT_057083,BTCUSDT,2022,14,0.0010044470427551485,0.014163120025801853,0.0,0
rcbw_BTCUSDT_057180,BTCUSDT,2022,15,0.0005358015677536972,0.017836348245255602,0.010309278350515464,1
rcbw_BTCUSDT_057280,BTCUSDT,2022,16,-0.0006937590405744179,-0.030522611402905395,-0.010309278350515455,0
rcbw_BTCUSDT_057451,BTCUSDT,2022,10,0.000708145248945218,0.06839516955369433,0.09278350515463918,0
rcbw_BTCUSDT_058350,BTCUSDT,2022,19,-0.0004139629661917099,-0.018873520496503732,-0.020618556701030924,0
rcbw_BTCUSDT_058454,BTCUSDT,2022,21,0.0002010266715148307,-0.05945440621599232,-0.04123711340206185,0
rcbw_BTCUSDT_058626,BTCUSDT,2022,16,-0.0002746890834743258,-0.03203636585605166,0.010309278350515465,0
rcbw_BTCUSDT_058836,BTCUSDT,2022,21,0.00046965791062494183,0.08594694478660286,0.07216494845360824,1
rcbw_BTCUSDT_059038,BTCUSDT,2022,23,-0.0006760013598690528,-0.012825908356071496,-0.010309278350515462,0
rcbw_BTCUSDT_059789,BTCUSDT,2022,19,-0.0008836400643091784,-0.03380181622534677,-0.06185567010309278,0
rcbw_BTCUSDT_060021,BTCUSDT,2022,5,-0.00018752584211823064,-0.017052849811721647,-0.030927835051546393,-1
rcbw_BTCUSDT_060118,BTCUSDT,2022,5,0.00029502554094521655,0.061911270084024264,0.07216494845360824,0
rcbw_BTCUSDT_060348,BTCUSDT,2022,15,0.00019747179269585975,0.0457642323770764,0.020618556701030927,1
rcbw_BTCUSDT_061059,BTCUSDT,2022,0,0.0011771180135842453,0.06109595053113025,0.08247422680412371,1
rcbw_BTCUSDT_061711,BTCUSDT,2022,19,-0.00020724062631827462,0.010045627501092225,0.0,0
rcbw_BTCUSDT_062016,BTCUSDT,2022,0,0.00014526561371154198,0.07499218116592986,0.020618556701030924,0
rcbw_BTCUSDT_062356,BTCUSDT,2022,13,-0.0009700880362355599,-0.02321747831010955,-0.041237113402061855,0
rcbw_BTCUSDT_062453,BTCUSDT,2022,13,0.0007500922110805187,0.013813751686576323,0.030927835051546393,0
rcbw_BTCUSDT_062860,BTCUSDT,2022,19,-0.00019650117188885208,0.026538199625495806,0.030927835051546393,1
rcbw_BTCUSDT_063039,BTCUSDT,2022,15,-0.0003971083602014038,0.00543618909754643,-0.010309278350515464,0
rcbw_BTCUSDT_063136,BTCUSDT,2022,16,0.0004612991247229202,0.020956823205948966,0.041237113402061855,1
rcbw_BTCUSDT_063233,BTCUSDT,2022,16,-0.0001371579098382947,0.005003355328251968,-0.030927835051546393,0
rcbw_BTCUSDT_063418,BTCUSDT,2022,14,0.00124757412186154,0.025233984668534437,0.0,0
rcbw_BTCUSDT_063681,BTCUSDT,2022,8,-0.0009120270304282759,-0.027577189490066354,-0.05154639175257732,-1
rcbw_BTCUSDT_063778,BTCUSDT,2022,8,0.0009838830271794246,0.039764481503626624,0.010309278350515464,0
rcbw_BTCUSDT_064014,BTCUSDT,2022,19,0.00041000347155542355,0.01569978351724235,0.020618556701030927,1
rcbw_BTCUSDT_064111,BTCUSDT,2022,19,-5.690300260939411e-06,0.025052370674906507,0.020618556701030927,1
rcbw_BTCUSDT_064388,BTCUSDT,2022,17,-8.754453603216977e-05,-0.01779607377066882,0.0,0
rcbw_BTCUSDT_064899,BTCUSDT,2022,0,0.0005763421577526387,0.02381578753264193,0.05154639175257732,1
rcbw_BTCUSDT_065067,BTCUSDT,2022,18,-0.00022809439288097653,0.0014656813831566001,0.0,0
rcbw_BTCUSDT_065164,BTCUSDT,2022,19,0.0010249745796635016,0.05149610919229984,0.041237113402061855,0
rcbw_BTCUSDT_065626,BTCUSDT,2022,14,-0.0003181449165648928,-0.013671883800808162,-0.02061855670103093,0
rcbw_BTCUSDT_065723,BTCUSDT,2022,14,0.0003454715992935605,-0.0072751981878704935,0.0,0
rcbw_BTCUSDT_065820,BTCUSDT,2022,15,0.0008594797642080536,0.030282853647137446,0.010309278350515464,0
rcbw_BTCUSDT_066102,BTCUSDT,2022,13,0.0001801627525581666,0.019077966685948,0.020618556701030927,1
rcbw_BTCUSDT_066393,BTCUSDT,2022,14,-0.0009573755857383585,-0.04150503442306061,-0.02061855670103093,0
rcbw_BTCUSDT_066490,BTCUSDT,2022,14,3.699648861652579e-05,-0.013328255756816412,0.0,0
rcbw_BTCUSDT_067063,BTCUSDT,2022,13,-0.0006134452584083804,0.0012904031655405629,0.0,0
rcbw_BTCUSDT_067350,BTCUSDT,2022,13,-0.0008548314518311477,0.01696278613178967,-0.030927835051546393,0
rcbw_BTCUSDT_067735,BTCUSDT,2022,13,0.00027411767391671924,0.02294958718073484,0.06185567010309278,0
rcbw_BTCUSDT_068883,BTCUSDT,2022,12,-0.002414294881322723,-0.046052967356278895,-0.10309278350515465,0
rcbw_BTCUSDT_068984,BTCUSDT,2022,14,-4.335682420676364e-05,-0.0008298902287041041,-0.020618556701030924,0
rcbw_BTCUSDT_069082,BTCUSDT,2022,14,-0.0015594049330995498,-0.03408172314662369,-0.051546391752577324,0
rcbw_BTCUSDT_069179,BTCUSDT,2022,14,0.00030121788331875397,-0.015055257104380444,-0.010309278350515464,0
rcbw_BTCUSDT_069276,BTCUSDT,2022,15,0.0004121045545697074,0.025278985770463218,0.041237113402061855,0
rcbw_BTCUSDT_069388,BTCUSDT,2022,19,-0.00012963293837747443,0.006150050306423127,-0.03092783505154639,0
rcbw_BTCUSDT_069485,BTCUSDT,2022,19,0.0006803036459413431,0.04458460810306312,0.05154639175257732,1
rcbw_BTCUSDT_069665,BTCUSDT,2022,16,0.0001700414621251256,-7.741050179118497e-05,0.0,0
rcbw_BTCUSDT_069762,BTCUSDT,2022,16,-0.0012150995401794165,-0.023595864426080537,-0.051546391752577324,0
rcbw_BTCUSDT_069859,BTCUSDT,2022,16,0.0006679919652462171,0.054196773400309095,0.041237113402061855,1
rcbw_BTCUSDT_070136,BTCUSDT,2022,14,-1.723697685407496e-05,0.02929206010175648,0.010309278350515469,0
rcbw_BTCUSDT_070241,BTCUSDT,2022,16,-0.0009162777941924727,-0.02919334287304061,-0.10309278350515463,0
rcbw_BTCUSDT_070404,BTCUSDT,2022,9,-0.00043920469321182226,-0.009698062160611077,0.0,0
rcbw_BTCUSDT_070501,BTCUSDT,2022,9,0.00034865266640725346,0.044212121027959725,0.010309278350515464,0
rcbw_BTCUSDT_070860,BTCUSDT,2022,3,-0.001216449848818333,0.004376321539927716,-0.02061855670103093,0
rcbw_BTCUSDT_070986,BTCUSDT,2022,10,0.00024273722636135222,-0.0035925214442071793,0.020618556701030927,0
rcbw_BTCUSDT_072189,BTCUSDT,2022,23,0.0005055810115741264,0.012760478379595284,0.010309278350515469,0
rcbw_BTCUSDT_072364,BTCUSDT,2022,19,-0.0010198252876544825,-0.014874382171818565,-0.020618556701030924,0
rcbw_BTCUSDT_072461,BTCUSDT,2022,19,0.00030098243818397737,0.014751832985335094,0.02061855670103093,0
rcbw_BTCUSDT_072558,BTCUSDT,2022,19,0.0004295753930274185,0.007678929504376555,0.020618556701030924,0
rcbw_BTCUSDT_072707,BTCUSDT,2022,8,-0.0002772232449510157,0.006219833051180318,-0.04123711340206185,0
rcbw_BTCUSDT_072829,BTCUSDT,2022,15,-0.0010277165334405562,0.03650206719898369,-0.04123711340206185,0
rcbw_BTCUSDT_073071,BTCUSDT,2022,3,-0.0004913341395957642,-0.00927223763231761,-0.041237113402061855,0
rcbw_BTCUSDT_073168,BTCUSDT,2022,4,-6.208322015916509e-05,0.014077439061092389,-0.010309278350515464,0
rcbw_BTCUSDT_073265,BTCUSDT,2022,4,0.0005325313887470005,0.04251287385134902,0.051546391752577324,0
rcbw_BTCUSDT_073521,BTCUSDT,2022,20,-0.001506071736741485,0.03709968750718122,0.010309278350515469,0
rcbw_BTCUSDT_073784,BTCUSDT,2022,14,-5.338829642011298e-05,-0.009202209701824844,-0.010309278350515469,0
rcbw_BTCUSDT_073973,BTCUSDT,2022,13,-0.0016679621128570196,-0.038224603768212836,-0.13402061855670103,0
rcbw_BTCUSDT_074135,BTCUSDT,2022,5,0.0025490812016774737,0.04684920003067463,0.07216494845360824,0
rcbw_BTCUSDT_074373,BTCUSDT,2022,17,-0.0010102882265447125,-0.04012186650188817,-0.010309278350515455,0
rcbw_BTCUSDT_075256,BTCUSDT,2022,22,0.0012227718427710536,0.02432728497620324,0.08247422680412371,1
rcbw_BTCUSDT_075455,BTCUSDT,2022,23,-0.00014755141246756585,0.0525104631862133,-0.010309278350515462,0
rcbw_BTCUSDT_075771,BTCUSDT,2022,6,-0.0001379311150197472,0.000588040315498202,-0.010309278350515469,0
rcbw_BTCUSDT_076023,BTCUSDT,2022,21,0.0005077191541504418,0.0028714881737289463,0.05154639175257732,1
rcbw_BTCUSDT_076422,BTCUSDT,2022,1,-0.0006475727540476285,-0.03268860528808287,-0.010309278350515465,0
rcbw_BTCUSDT_076519,BTCUSDT,2022,1,6.853591207615223e-06,-0.002269283242066513,-0.010309278350515464,-1
rcbw_BTCUSDT_076616,BTCUSDT,2022,2,-4.8669094641120344e-05,-0.00809419471089487,0.0,0
rcbw_BTCUSDT_076728,BTCUSDT,2022,6,-4.0111258987153564e-05,0.023730121239366787,-0.010309278350515465,0
rcbw_BTCUSDT_076846,BTCUSDT,2022,11,0.000581087976345953,0.04048678156818862,-0.020618556701030938,0
rcbw_BTCUSDT_077078,BTCUSDT,2022,21,-0.0002969328927656515,0.001412869316307512,-0.030927835051546393,-1
rcbw_BTCUSDT_077178,BTCUSDT,2022,22,0.000206222820850304,0.0028932666191999676,-0.010309278350515464,-1
rcbw_BTCUSDT_077401,BTCUSDT,2022,6,-0.0002883960982435355,-0.0300713474873354,-0.010309278350515465,0
rcbw_BTCUSDT_077606,BTCUSDT,2022,9,-0.0006748442530666284,0.06930558597615577,-0.041237113402061855,0
rcbw_BTCUSDT_077830,BTCUSDT,2022,17,-0.00010280188522644122,0.007058841151410401,-0.010309278350515462,0
rcbw_BTCUSDT_077981,BTCUSDT,2022,7,-0.0010093049246815014,-0.04301756108797995,-0.05154639175257732,0
rcbw_BTCUSDT_078171,BTCUSDT,2022,6,0.0002277287834432538,0.014036163457488211,0.010309278350515464,1
rcbw_BTCUSDT_078304,BTCUSDT,2022,16,-0.0010695807790638838,-0.009805775569378797,-0.010309278350515455,0
rcbw_BTCUSDT_078530,BTCUSDT,2022,0,-0.00021498304413734718,0.006159964146836769,0.010309278350515464,1
rcbw_BTCUSDT_078774,BTCUSDT,2022,13,0.0010883676432838587,0.02510266489506828,0.05154639175257732,1
rcbw_BTCUSDT_078967,BTCUSDT,2022,13,-4.638706159719322e-05,0.014349544313374818,0.020618556701030927,0
rcbw_BTCUSDT_079170,BTCUSDT,2022,16,-0.0005904101020233169,-0.009087160120499947,-0.010309278350515464,-1
rcbw_BTCUSDT_079267,BTCUSDT,2022,16,-0.0008550821059551696,-0.03999060083509402,-0.030927835051546393,-1
rcbw_BTCUSDT_079364,BTCUSDT,2022,17,0.00020468880178785114,0.015525922773189135,0.0,0
rcbw_BTCUSDT_079654,BTCUSDT,2022,17,-0.00021595715385847774,0.059991923344361896,0.0,0
rcbw_BTCUSDT_080530,BTCUSDT,2022,20,0.00026156063405850653,-0.0009492905835472125,0.0,0
rcbw_BTCUSDT_081215,BTCUSDT,2022,23,-0.0001484317922503301,0.004191954128669087,0.0,0
rcbw_BTCUSDT_081871,BTCUSDT,2022,19,-0.00040098384103400323,-0.020518769789442372,-0.020618556701030927,-1
rcbw_BTCUSDT_081968,BTCUSDT,2022,20,0.0001878903863787155,0.0169912382151283,0.0,0
rcbw_BTCUSDT_082332,BTCUSDT,2022,15,0.0006477846001045446,0.027198384042844664,0.030927835051546393,1
rcbw_BTCUSDT_082514,BTCUSDT,2022,12,-0.0005440511644473603,-0.01056578494984952,-0.010309278350515464,-1
rcbw_BTCUSDT_082611,BTCUSDT,2022,12,0.00034776759285766044,0.00869743555978619,0.0,0
rcbw_BTCUSDT_082708,BTCUSDT,2022,13,-0.0005097058700854803,-0.02867346296027519,-0.03092783505154639,0
rcbw_BTCUSDT_082805,BTCUSDT,2022,13,-0.00028285411345274126,-0.03970821424823303,-0.030927835051546393,-1
rcbw_BTCUSDT_082902,BTCUSDT,2022,13,-0.0003488307635848701,0.041771467175764895,0.010309278350515464,0
rcbw_BTCUSDT_083194,BTCUSDT,2022,14,-0.0015339462095754007,-0.03389170195730722,-0.05154639175257732,-1
rcbw_BTCUSDT_083291,BTCUSDT,2022,14,2.1927420534466335e-05,-0.002255428684337424,0.010309278350515464,0
rcbw_BTCUSDT_083442,BTCUSDT,2022,4,-0.00047896147415671733,-0.027449825665228515,-0.020618556701030927,-1
rcbw_BTCUSDT_083577,BTCUSDT,2022,14,-0.000771119700100269,-0.025587796800863493,-0.041237113402061855,-1
rcbw_BTCUSDT_083859,BTCUSDT,2022,12,-0.0012163942923643961,-0.025348485317493945,-0.010309278350515464,-1
rcbw_BTCUSDT_083956,BTCUSDT,2022,13,0.0003681593228304664,0.01553153502312797,0.010309278350515464,1
rcbw_BTCUSDT_084098,BTCUSDT,2022,0,0.00011998730955997054,0.025062342891536846,0.010309278350515462,0
rcbw_BTCUSDT_084617,BTCUSDT,2022,10,0.00026611805266707977,0.008973733583405094,0.0,0
rcbw_BTCUSDT_084903,BTCUSDT,2022,9,0.0006764362057132271,0.02384015204700421,0.030927835051546393,1
rcbw_BTCUSDT_085250,BTCUSDT,2022,0,-0.00031059792267112453,-0.002763391039968942,0.0,0
rcbw_BTCUSDT_085920,BTCUSDT,2022,0,3.855859039483822e-05,0.021374713587234993,0.02061855670103093,0
rcbw_BTCUSDT_086340,BTCUSDT,2022,9,0.0005828115768808768,0.017152816811514083,0.030927835051546393,1
rcbw_BTCUSDT_086465,BTCUSDT,2022,16,-0.0005031285888687288,-0.017514242582536914,-0.020618556701030927,-1
rcbw_BTCUSDT_086562,BTCUSDT,2022,16,-0.001261171333222758,-0.04060492649110585,-0.051546391752577324,0
rcbw_BTCUSDT_086659,BTCUSDT,2022,16,0.0005352498050615994,0.011393395422454593,0.010309278350515465,0
rcbw_BTCUSDT_087044,BTCUSDT,2022,17,-0.00093565816130663,-0.01953004630779232,-0.041237113402061855,-1
rcbw_BTCUSDT_087141,BTCUSDT,2022,17,0.0004647602203136752,-8.998621987167839e-05,0.0,0
rcbw_BTCUSDT_087238,BTCUSDT,2022,17,-0.00015103604669851225,-0.004280692426055258,0.0,0
rcbw_BTCUSDT_087335,BTCUSDT,2022,17,0.00046100277878403614,0.022872646382827298,0.020618556701030927,1
rcbw_BTCUSDT_087798,BTCUSDT,2022,13,-0.0012181191678136897,-0.08665515040531252,-0.07216494845360824,0
rcbw_BTCUSDT_087895,BTCUSDT,2022,13,-0.0003637923291023424,-0.005115748651892453,-0.010309278350515464,-1
rcbw_BTCUSDT_087992,BTCUSDT,2022,14,4.13893784176752e-05,0.01216088655584567,0.010309278350515464,1
rcbw_BTCUSDT_088184,BTCUSDT,2022,14,-0.0003638190511876657,-0.0016291101673367725,0.0,0
rcbw_BTCUSDT_088341,BTCUSDT,2022,5,-0.00011213112044645957,0.022008259059618247,0.010309278350515464,1
rcbw_BTCUSDT_088490,BTCUSDT,2022,18,-6.878651110970191e-05,-0.0033644694719855376,0.0,0
rcbw_BTCUSDT_088587,BTCUSDT,2022,18,-0.00020090408558368566,-0.004139374814158969,0.0,0
rcbw_BTCUSDT_088684,BTCUSDT,2022,19,-0.00023279631478448273,0.002833499184146014,0.0,0
rcbw_BTCUSDT_088782,BTCUSDT,2022,19,3.960773989436636e-05,0.043240380694360925,0.02061855670103093,0
rcbw_BTCUSDT_089274,BTCUSDT,2022,22,-0.000523315196232469,0.004621766880149664,0.0,0
rcbw_BTCUSDT_089371,BTCUSDT,2022,22,-0.00040165799710754706,-0.00445058693175817,0.0,0
rcbw_BTCUSDT_089630,BTCUSDT,2022,15,-0.0009445243972918506,-0.024744156827251944,-0.010309278350515464,-1
rcbw_BTCUSDT_089727,BTCUSDT,2022,15,-0.0005410039669655408,-0.01023919081510647,-0.010309278350515464,0
rcbw_BTCUSDT_089910,BTCUSDT,2022,13,-0.00092732976715586,-0.014102358008724555,-0.010309278350515464,-1
rcbw_BTCUSDT_090007,BTCUSDT,2022,13,-0.00039233364264803594,0.002887035565359311,0.0,0
rcbw_BTCUSDT_090104,BTCUSDT,2022,14,-0.0014533393311927031,-0.051847073986455244,-0.05154639175257732,-1
rcbw_BTCUSDT_090201,BTCUSDT,2022,14,0.0002749144730599997,0.007836191119018784,0.0,0
rcbw_BTCUSDT_090306,BTCUSDT,2022,16,0.00034015072243860926,-0.002476376646654406,0.0,0
rcbw_BTCUSDT_090403,BTCUSDT,2022,16,-0.00031183720532756607,-0.0021469301004643122,0.0,0
rcbw_BTCUSDT_090588,BTCUSDT,2022,15,-0.00040893853096609007,-0.003856074628997541,0.0,0
rcbw_BTCUSDT_090685,BTCUSDT,2023,15,-0.0005227347193664659,-0.005911371666891735,0.0,0
rcbw_BTCUSDT_090830,BTCUSDT,2023,3,-0.0006594676442772405,-0.015506682909887482,-0.010309278350515464,-1
rcbw_BTCUSDT_091084,BTCUSDT,2023,19,-0.00035865255855970066,-0.01970614274216921,-0.010309278350515464,-1
rcbw_BTCUSDT_091275,BTCUSDT,2023,18,-0.0009206877416769822,-0.02511878898355027,0.0,0
rcbw_BTCUSDT_091372,BTCUSDT,2023,19,-0.0001994558190391584,-0.0009698522155901605,-0.010309278350515464,-1
rcbw_BTCUSDT_093299,BTCUSDT,2023,20,0.0006238184212993467,0.03178036873397392,0.010309278350515464,1
rcbw_BTCUSDT_093954,BTCUSDT,2023,16,0.0002445772624786397,0.006217041945605866,0.010309278350515464,1
rcbw_BTCUSDT_094051,BTCUSDT,2023,16,0.00041248917146168343,0.006063949537980451,0.020618556701030927,1
rcbw_BTCUSDT_094241,BTCUSDT,2023,16,0.001041475481326168,0.0022463223470891858,0.020618556701030927,1
rcbw_BTCUSDT_094547,BTCUSDT,2023,20,-0.000338537902868684,-0.04928699822644275,-0.041237113402061855,-1
rcbw_BTCUSDT_094644,BTCUSDT,2023,21,-0.00015119978757443717,0.0037596589389536014,0.0,0
rcbw_BTCUSDT_094741,BTCUSDT,2023,21,0.000258923916953732,-0.01104319751397009,0.0,0
rcbw_BTCUSDT_095321,BTCUSDT,2023,22,-0.0004033327035466057,-0.020432872456524448,-0.020618556701030924,0
rcbw_BTCUSDT_095856,BTCUSDT,2023,12,0.00034037081746225587,0.019172478297808347,0.010309278350515465,0
rcbw_BTCUSDT_095968,BTCUSDT,2023,16,-0.0007069064483129653,-0.018617162305413344,-0.020618556701030927,-1
rcbw_BTCUSDT_096254,BTCUSDT,2023,15,0.00023543149793653372,0.01743204660137892,0.010309278350515464,0
rcbw_BTCUSDT_096481,BTCUSDT,2023,0,0.0018289255637129872,0.009030353642104097,-0.010309278350515462,0
rcbw_BTCUSDT_096583,BTCUSDT,2023,1,-0.0011527349049708208,-0.039658520833172596,-0.051546391752577324,0
rcbw_BTCUSDT_096680,BTCUSDT,2023,2,-8.072056334357041e-05,-0.04056640207270104,-0.010309278350515464,0
rcbw_BTCUSDT_096777,BTCUSDT,2023,2,-0.0002274490143416661,-0.01275481819986913,-0.010309278350515464,-1
rcbw_BTCUSDT_096874,BTCUSDT,2023,2,-0.0011810438205576703,-0.012572487211949354,-0.010309278350515465,0
rcbw_BTCUSDT_097032,BTCUSDT,2023,18,-0.00015443160495850756,0.00800876138584158,0.0,0
rcbw_BTCUSDT_097410,BTCUSDT,2023,16,0.0020407247043437407,0.15858443284389823,0.12371134020618557,0
rcbw_BTCUSDT_098678,BTCUSDT,2023,21,-3.420942629771945e-05,0.013106397699197709,0.0,0
rcbw_BTCUSDT_098818,BTCUSDT,2023,8,0.0003433621362735747,0.024143555345672307,0.03092783505154639,0
rcbw_BTCUSDT_098940,BTCUSDT,2023,15,9.37042354800079e-05,0.03637448628222582,0.030927835051546393,1
rcbw_BTCUSDT_099315,BTCUSDT,2023,12,-0.000518752870231172,-0.00953691973860332,-0.010309278350515464,-1
rcbw_BTCUSDT_099412,BTCUSDT,2023,13,0.0007976869092150953,0.01844082562139574,0.020618556701030927,1
rcbw_BTCUSDT_099798,BTCUSDT,2023,13,-0.00013996655260523072,-0.01433060505049813,0.0,0
rcbw_BTCUSDT_099895,BTCUSDT,2023,13,-0.0006467988401053849,-0.01182313655080191,-0.010309278350515464,-1
rcbw_BTCUSDT_099992,BTCUSDT,2023,14,-9.918471146238683e-05,0.0016006700920226623,0.0,0
rcbw_BTCUSDT_100089,BTCUSDT,2023,14,-0.00033354967209440426,0.00135499548601788,-0.010309278350515464,-1
rcbw_BTCUSDT_100186,BTCUSDT,2023,14,0.001493311582441845,0.06954331911977187,0.05154639175257732,1
rcbw_BTCUSDT_100343,BTCUSDT,2023,5,-0.0002518154685136921,-0.029813698726454816,0.0,0
rcbw_BTCUSDT_100513,BTCUSDT,2023,0,-0.0001267778377083569,6.209921857832507e-05,-0.010309278350515464,0
rcbw_BTCUSDT_100665,BTCUSDT,2023,14,-0.0013490910095266537,-0.047323041997485105,-0.030927835051546393,-1
rcbw_BTCUSDT_100762,BTCUSDT,2023,14,-0.00115330731564044,-0.011354338153157569,-0.020618556701030927,0
rcbw_BTCUSDT_101257,BTCUSDT,2023,18,-0.00037526619627634584,-0.028991764547977056,-0.06185567010309278,0
rcbw_BTCUSDT_101432,BTCUSDT,2023,14,0.0008942675054210338,0.014632376455528777,0.020618556701030927,1
rcbw_BTCUSDT_101636,BTCUSDT,2023,17,0.0007549541242261397,0.07798937410036472,0.041237113402061855,0
rcbw_BTCUSDT_101983,BTCUSDT,2023,7,-0.0009463417581606036,-0.01680336537174103,-0.010309278350515464,-1
rcbw_BTCUSDT_102080,BTCUSDT,2023,8,0.0003916774104363199,0.03391636157088351,0.041237113402061855,1
rcbw_BTCUSDT_102781,BTCUSDT,2023,15,1.6154092129885746e-05,0.029711181526657117,0.02061855670103093,0
rcbw_BTCUSDT_102973,BTCUSDT,2023,15,-6.272355861017655e-05,0.013179866974265108,0.020618556701030927,1
rcbw_BTCUSDT_103375,BTCUSDT,2023,19,-0.0005408397120940938,0.0005229785297591744,-0.010309278350515464,-1
rcbw_BTCUSDT_103472,BTCUSDT,2023,20,-0.00018966420410954587,0.011336614215107368,-0.010309278350515464,-1
rcbw_BTCUSDT_103654,BTCUSDT,2023,17,-0.0009596114767087293,-0.022254599838757397,-0.041237113402061855,-1
rcbw_BTCUSDT_103842,BTCUSDT,2023,16,-0.0002996907734297981,-0.03717201289084475,-0.010309278350515465,0
rcbw_BTCUSDT_103945,BTCUSDT,2023,18,-0.0005846616191651744,-0.014903547440500771,0.0,0
rcbw_BTCUSDT_104042,BTCUSDT,2023,18,-0.0004306615722942369,-0.0004642364254710263,0.0,0
rcbw_BTCUSDT_104139,BTCUSDT,2023,18,0.0005359943892141635,0.0169068648188819,0.010309278350515464,1
rcbw_BTCUSDT_104236,BTCUSDT,2023,19,0.0001344081226190212,0.012648368423272457,0.0,0
rcbw_BTCUSDT_104357,BTCUSDT,2023,1,-2.1711051787789114e-07,0.013434471639602465,0.041237113402061855,0
rcbw_BTCUSDT_104550,BTCUSDT,2023,1,-0.00021579012851653616,-0.023000952936767387,0.010309278350515464,1
rcbw_BTCUSDT_104664,BTCUSDT,2023,6,-3.3810351542134165e-05,0.011331128007966335,0.010309278350515464,1
rcbw_BTCUSDT_104942,BTCUSDT,2023,3,-0.00029837497077580817,-0.020915951824542766,0.0,0
rcbw_BTCUSDT_105039,BTCUSDT,2023,3,0.00043485975535802884,0.018283157975030592,0.020618556701030927,1
rcbw_BTCUSDT_105317,BTCUSDT,2023,1,-0.0006965305767335161,-0.01224424712415935,-0.010309278350515464,-1
rcbw_BTCUSDT_105414,BTCUSDT,2023,1,-0.0017107217699550573,-0.046273997295827346,-0.05154639175257732,-1
rcbw_BTCUSDT_105993,BTCUSDT,2023,2,0.0013595696061012756,0.02192069458399562,0.030927835051546393,1
rcbw_BTCUSDT_106158,BTCUSDT,2023,19,0.0007415003910752047,0.011244801047831344,0.020618556701030927,1
rcbw_BTCUSDT_106281,BTCUSDT,2023,2,-0.0002414433918420649,-0.020265281838832663,-0.030927835051546393,-1
rcbw_BTCUSDT_106418,BTCUSDT,2023,12,0.0006087455320153796,0.027363984798915417,0.030927835051546393,0
rcbw_BTCUSDT_106774,BTCUSDT,2023,5,-0.00028669537799399245,-0.03211863949225591,-0.020618556701030927,-1
rcbw_BTCUSDT_106871,BTCUSDT,2023,5,0.0003296945218709752,0.013522241089522762,0.020618556701030927,1
rcbw_BTCUSDT_108066,BTCUSDT,2023,16,-0.0004962360207813238,0.0018520893935498918,0.0,0
rcbw_BTCUSDT_108352,BTCUSDT,2023,16,-0.00022069501752632948,-0.012096524599116934,0.0,0
rcbw_BTCUSDT_108674,BTCUSDT,2023,0,-0.0006429528363735812,-0.028819627987543537,-0.010309278350515464,-1
rcbw_BTCUSDT_108771,BTCUSDT,2023,0,-0.00036751587465322225,0.0008749245485292628,0.0,0
rcbw_BTCUSDT_108868,BTCUSDT,2023,1,-0.0029672031570888878,-0.03804919657039494,-0.03092783505154639,0
rcbw_BTCUSDT_109417,BTCUSDT,2023,18,-0.0003423135037427988,-0.019086487707582804,-0.010309278350515464,-1
rcbw_BTCUSDT_109514,BTCUSDT,2023,18,-0.000583198081766378,-0.00855190750879942,-0.010309278350515464,-1
rcbw_BTCUSDT_109795,BTCUSDT,2023,16,-2.664434977628664e-05,0.002711783907528624,0.010309278350515464,1
rcbw_BTCUSDT_109978,BTCUSDT,2023,14,-0.0008138974191325699,-0.0292785182964685,-0.010309278350515464,-1
rcbw_BTCUSDT_110075,BTCUSDT,2023,14,-0.0007067968253169963,-0.01986764686253579,-0.010309278350515464,-1
rcbw_BTCUSDT_110172,BTCUSDT,2023,15,-1.413016945272052e-05,0.023091834637506796,0.0,0
rcbw_BTCUSDT_110346,BTCUSDT,2023,10,3.8184839339786393e-05,-0.003891455754004687,0.0,0
rcbw_BTCUSDT_110443,BTCUSDT,2023,10,-0.00013109659514261925,-0.006576867295168317,-0.010309278350515464,-1
rcbw_BTCUSDT_110633,BTCUSDT,2023,10,4.7381955617595674e-05,-0.002857225765279173,0.0,0
rcbw_BTCUSDT_110730,BTCUSDT,2023,10,-0.0006680650443119543,-0.009766920965645597,0.0,0
rcbw_BTCUSDT_110827,BTCUSDT,2023,10,-0.0013553343082178646,-0.036476193727304,-0.010309278350515464,0
rcbw_BTCUSDT_111315,BTCUSDT,2023,12,-0.0007521710413333249,-0.015768652044219456,-0.020618556701030927,-1
rcbw_BTCUSDT_111443,BTCUSDT,2023,20,-0.0005209305699949683,-0.007907573962665043,0.0,0
rcbw_BTCUSDT_111540,BTCUSDT,2023,21,-0.0021564745328383227,-0.0736860435071712,-0.09278350515463918,-1
rcbw_BTCUSDT_111992,BTCUSDT,2023,14,-0.0016689463608858843,-0.04353827859715983,-0.041237113402061855,-1
rcbw_BTCUSDT_112089,BTCUSDT,2023,14,-0.0006662852735157852,-0.016751208165294372,0.0,0
rcbw_BTCUSDT_112186,BTCUSDT,2023,14,-0.0015069690687560216,-0.04532763938182224,-0.05154639175257732,-1
rcbw_BTCUSDT_112390,BTCUSDT,2023,17,-0.0005340581010930719,-0.014739131353201167,-0.010309278350515464,-1
rcbw_BTCUSDT_112492,BTCUSDT,2023,19,-0.0009070659532016759,-0.03769831091363908,-0.061855670103092786,0
rcbw_BTCUSDT_112867,BTCUSDT,2023,16,-0.0005637888778931553,-0.034092815672284255,-0.010309278350515464,0
rcbw_BTCUSDT_113436,BTCUSDT,2023,15,-0.0004128065811139068,-0.0012730219471481976,0.0,0
rcbw_BTCUSDT_113533,BTCUSDT,2023,15,-0.0003445470270429335,-0.0015974136381345701,0.0,0
rcbw_BTCUSDT_113713,BTCUSDT,2023,12,0.0028484714129024835,0.07218243568168764,0.041237113402061855,1
rcbw_BTCUSDT_114129,BTCUSDT,2023,20,0.00035183388049628555,0.007809744169190206,0.0,0
rcbw_BTCUSDT_114444,BTCUSDT,2023,3,-0.00024479218031705553,0.011017683556394781,0.010309278350515464,1
rcbw_BTCUSDT_114760,BTCUSDT,2023,10,-0.001240419050073156,-0.04068449568563949,-0.020618556701030927,-1
rcbw_BTCUSDT_114857,BTCUSDT,2023,10,-0.00046911786842415096,0.007044166723018374,0.0,0
rcbw_BTCUSDT_115484,BTCUSDT,2023,23,-0.001045287208527374,-0.033067251589826555,-0.010309278350515464,-1
rcbw_BTCUSDT_115581,BTCUSDT,2023,23,9.11455272048483e-05,0.02048852947822786,0.010309278350515464,1
rcbw_BTCUSDT_116010,BTCUSDT,2023,10,-0.0006364305729391232,-0.0439894134494432,-0.010309278350515464,-1
rcbw_BTCUSDT_116107,BTCUSDT,2023,10,-0.00040782402405271196,-0.011614811487322603,0.0,0
rcbw_BTCUSDT_116204,BTCUSDT,2023,11,0.00028502088038752187,0.018399837376319436,0.010309278350515464,1
rcbw_BTCUSDT_116402,BTCUSDT,2023,12,-0.00015856056574129916,0.0032071110666415485,-0.010309278350515464,-1
rcbw_BTCUSDT_116792,BTCUSDT,2023,14,-0.000594864788894804,-0.0035085053263247696,0.0,0
rcbw_BTCUSDT_116889,BTCUSDT,2023,14,0.00041990446534318046,0.02571001265629263,0.010309278350515464,0
rcbw_BTCUSDT_117494,BTCUSDT,2023,21,-0.0010042629224944564,-0.028312278236190758,-0.020618556701030927,-1
rcbw_BTCUSDT_117591,BTCUSDT,2023,21,0.00025985673248055054,0.021663111939179903,0.0,0
rcbw_BTCUSDT_117763,BTCUSDT,2023,16,0.000525016308344547,0.024149490036056126,0.020618556701030927,1
rcbw_BTCUSDT_117949,BTCUSDT,2023,15,0.00014254643239459952,-0.009453821520792216,-0.010309278350515464,-1
rcbw_BTCUSDT_118054,BTCUSDT,2023,17,-0.0012403676262900194,-0.07262922254939869,-0.07216494845360824,0
rcbw_BTCUSDT_118156,BTCUSDT,2023,19,-0.000693623209460323,-0.015805621566257047,-0.010309278350515464,-1
rcbw_BTCUSDT_118253,BTCUSDT,2023,19,0.0022062061382571805,0.12345792106831874,0.061855670103092786,1
rcbw_BTCUSDT_118599,BTCUSDT,2023,9,0.00022764968974810663,0.024434057312565455,0.02061855670103093,0
rcbw_BTCUSDT_119565,BTCUSDT,2023,11,0.00021002825217867585,0.0024004336807622526,0.0,0
rcbw_BTCUSDT_120185,BTCUSDT,2023,22,0.0005164568583789506,0.015849125423420218,0.020618556701030927,1
rcbw_BTCUSDT_120406,BTCUSDT,2023,5,-0.0006783881669664761,-0.021574604025444366,-0.030927835051546393,0
rcbw_BTCUSDT_120952,BTCUSDT,2023,22,0.000275132184992631,0.013737104184274394,0.0,0
rcbw_BTCUSDT_121508,BTCUSDT,2023,17,-0.00022736034379398072,-0.000849649810476737,0.0,0
rcbw_BTCUSDT_121605,BTCUSDT,2023,17,0.000706344939194595,0.020792738986515583,0.020618556701030927,1
rcbw_BTCUSDT_122176,BTCUSDT,2023,16,-0.0009169555598128592,-0.012868970021476637,-0.010309278350515464,-1
rcbw_BTCUSDT_122273,BTCUSDT,2023,16,0.00012172289568667142,-0.00038037222919975675,0.0,0
rcbw_BTCUSDT_122439,BTCUSDT,2023,9,0.0001457825939031657,-0.01456215924819211,-0.02061855670103093,0
rcbw_BTCUSDT_122642,BTCUSDT,2023,12,-0.00027428459922837554,0.009417176376130418,0.0,0
rcbw_BTCUSDT_122843,BTCUSDT,2023,14,0.0007610399130024738,0.015453284459614088,0.010309278350515464,1
rcbw_BTCUSDT_122957,BTCUSDT,2023,19,0.0006410389329195277,0.03265071338762528,0.041237113402061855,0
rcbw_BTCUSDT_123545,BTCUSDT,2023,22,-0.0002730513210274499,-0.007424586168175226,0.0,0
rcbw_BTCUSDT_123642,BTCUSDT,2023,22,0.002855931834347295,0.07799345250641763,0.041237113402061855,1
rcbw_BTCUSDT_124228,BTCUSDT,2023,1,-0.0004719058241506218,-0.008476876195780636,-0.010309278350515464,0
rcbw_BTCUSDT_124826,BTCUSDT,2023,6,-0.0005803037045481157,-0.01939910499248465,0.0,0
rcbw_BTCUSDT_124923,BTCUSDT,2023,6,-3.397293719168597e-06,0.01606769170878032,0.010309278350515464,1
rcbw_BTCUSDT_125098,BTCUSDT,2023,2,0.00011356252020170592,0.016495898159729443,0.020618556701030927,1
rcbw_BTCUSDT_125425,BTCUSDT,2023,12,-0.0005434237798033602,-0.012870812949133933,-0.02061855670103093,0
rcbw_BTCUSDT_125675,BTCUSDT,2024,2,0.0005176005843981577,0.05882347985847642,0.041237113402061855,1
rcbw_BTCUSDT_126227,BTCUSDT,2024,20,-0.00032937186803161356,-0.03457844340117483,-0.05154639175257732,-1
rcbw_BTCUSDT_126324,BTCUSDT,2024,21,0.0013373319205595442,0.079850477200313,0.08247422680412371,1
rcbw_BTCUSDT_126907,BTCUSDT,2024,22,-0.0002609308739874407,0.004767983813134008,0.010309278350515464,1
rcbw_BTCUSDT_127301,BTCUSDT,2024,1,0.0005395805659777059,0.03701479105148796,0.05154639175257732,1
rcbw_BTCUSDT_127561,BTCUSDT,2024,18,-0.001065169447803437,-0.013618227507668189,0.0,0
rcbw_BTCUSDT_127658,BTCUSDT,2024,18,0.0010033539817330996,0.025853823312690857,0.030927835051546393,1
rcbw_BTCUSDT_127964,BTCUSDT,2024,23,-0.00036772712622072656,-0.0015411759889076247,-0.020618556701030927,-1
rcbw_BTCUSDT_128061,BTCUSDT,2024,23,0.0005883863334045461,0.043008962602007705,0.020618556701030927,1
rcbw_BTCUSDT_128218,BTCUSDT,2024,14,-0.0003066303127116838,-0.02079255511855099,-0.010309278350515464,-1
rcbw_BTCUSDT_128332,BTCUSDT,2024,19,8.268212188487127e-05,0.020777798599485215,0.020618556701030927,1
rcbw_BTCUSDT_128513,BTCUSDT,2024,16,0.0003581114868574755,0.0049250854547480925,0.020618556701030927,1
rcbw_BTCUSDT_128802,BTCUSDT,2024,16,-0.0008247154879581263,-0.05223117795581199,-0.030927835051546393,-1
rcbw_BTCUSDT_128899,BTCUSDT,2024,16,-0.00023779073772270008,-0.002614737342475434,0.0,0
rcbw_BTCUSDT_128996,BTCUSDT,2024,17,-0.00041412899887507243,-0.008073056139481512,-0.030927835051546393,-1
rcbw_BTCUSDT_129179,BTCUSDT,2024,14,-0.0003899861955966714,-0.029524316889027562,-0.010309278350515464,-1
rcbw_BTCUSDT_129276,BTCUSDT,2024,15,0.00014942305766105896,0.02723569138892641,-0.010309278350515464,-1
rcbw_BTCUSDT_129579,BTCUSDT,2024,18,0.0006090789482817455,0.003604920999949527,0.010309278350515464,1
rcbw_BTCUSDT_130342,BTCUSDT,2024,17,0.00030018048263394316,0.00668558238448623,0.020618556701030927,1
rcbw_BTCUSDT_130439,BTCUSDT,2024,17,6.123296125064162e-05,0.009830395426869781,0.02061855670103093,0
rcbw_BTCUSDT_130841,BTCUSDT,2024,22,-0.0005098845093532316,-0.041004566727511946,-0.030927835051546393,-1
rcbw_BTCUSDT_130980,BTCUSDT,2024,9,2.72512126337234e-05,0.0003788968893093589,0.0,0
rcbw_BTCUSDT_131614,BTCUSDT,2024,23,0.0002940009844298213,0.013871384244169324,0.010309278350515464,1
rcbw_BTCUSDT_132276,BTCUSDT,2024,21,-0.00014019516068468916,0.0033440970504591792,-0.010309278350515464,0
rcbw_BTCUSDT_133648,BTCUSDT,2024,4,0.0001963434318491223,0.023685181696227763,-0.010309278350515464,0
rcbw_BTCUSDT_133882,BTCUSDT,2024,14,-0.0003511762738113498,-0.03269367028888077,0.0,0
rcbw_BTCUSDT_134123,BTCUSDT,2024,2,8.548826948659091e-05,2.429426376530583e-05,0.010309278350515464,1
rcbw_BTCUSDT_134220,BTCUSDT,2024,3,-0.0005051412036169178,-0.039573994349673375,0.0,0
rcbw_BTCUSDT_134317,BTCUSDT,2024,3,5.5415739317762674e-05,-0.007977950591520344,-0.010309278350515464,-1
rcbw_BTCUSDT_134414,BTCUSDT,2024,3,0.0008319926829342974,0.04480707329986638,0.030927835051546393,1
rcbw_BTCUSDT_134619,BTCUSDT,2024,6,9.729729215305445e-05,-0.006683987060970904,0.010309278350515462,0
rcbw_BTCUSDT_134716,BTCUSDT,2024,7,0.0005015549671027021,0.02811399679315684,0.030927835051546393,1
rcbw_BTCUSDT_134930,BTCUSDT,2024,12,-0.0004537378463875597,0.01221831005000068,-0.010309278350515464,0
rcbw_BTCUSDT_135030,BTCUSDT,2024,13,5.078986580714026e-05,0.014622243917693248,0.0,0
rcbw_BTCUSDT_135322,BTCUSDT,2024,14,0.00026237952494973654,0.010478667190953021,0.010309278350515462,0
rcbw_BTCUSDT_135434,BTCUSDT,2024,18,0.0003006797117802171,0.06934065532066655,0.030927835051546393,1
rcbw_BTCUSDT_135626,BTCUSDT,2024,18,0.004340848296987472,0.09671561159557568,0.23711340206185566,1
rcbw_BTCUSDT_136275,BTCUSDT,2024,12,-0.0006249942800225787,-0.004386045501877024,-0.010309278350515464,0
rcbw_BTCUSDT_136372,BTCUSDT,2024,13,-9.368175330001435e-06,-0.035265265342974625,-0.041237113402061855,0
rcbw_BTCUSDT_136526,BTCUSDT,2024,3,-0.00027321582190572495,-0.01907336409341018,-0.030927835051546393,-1
rcbw_BTCUSDT_136623,BTCUSDT,2024,3,-4.531421908864422e-05,0.006737900556979086,-0.010309278350515462,0
rcbw_BTCUSDT_136885,BTCUSDT,2024,21,0.00013880736242383954,-0.0030414644164438315,0.010309278350515464,0
rcbw_BTCUSDT_136982,BTCUSDT,2024,21,-0.0001647709993137323,-0.01073373675084471,0.0,0
rcbw_BTCUSDT_137079,BTCUSDT,2024,21,-6.758884575430312e-05,-0.03564267818862396,0.0,0
rcbw_BTCUSDT_137518,BTCUSDT,2024,11,0.0007704273201262113,0.03878359669651724,0.05154639175257732,0
rcbw_BTCUSDT_137681,BTCUSDT,2024,4,-0.0004647968197845978,-0.00048509423608999666,-0.010309278350515464,-1
rcbw_BTCUSDT_137778,BTCUSDT,2024,4,0.0014100660561544923,0.03330207759675971,0.041237113402061855,1
rcbw_BTCUSDT_137898,BTCUSDT,2024,10,-0.0004975071004089679,-0.011822478848650148,-0.020618556701030927,0
rcbw_BTCUSDT_138020,BTCUSDT,2024,17,2.3859700789117914e-05,0.01167262290143721,-0.010309278350515464,0
rcbw_BTCUSDT_138298,BTCUSDT,2024,14,-0.0005790025701072387,-0.022938174111403687,-0.010309278350515464,-1
rcbw_BTCUSDT_138395,BTCUSDT,2024,14,0.0004752119044467366,0.03015157105878095,0.010309278350515464,1
rcbw_BTCUSDT_138648,BTCUSDT,2024,6,0.000228464114783479,0.03125086757801631,0.020618556701030927,0
rcbw_BTCUSDT_138967,BTCUSDT,2024,13,-0.0010913933739710381,-0.011262995907567446,-0.020618556701030927,-1
rcbw_BTCUSDT_139064,BTCUSDT,2024,14,-0.000212836638114967,-0.01927547109444138,-0.010309278350515464,0
rcbw_BTCUSDT_139354,BTCUSDT,2024,14,-0.0008072268937430564,0.00026834312042317565,-0.04123711340206185,0
rcbw_BTCUSDT_139649,BTCUSDT,2024,16,-0.00019751495195940148,-0.004621115993208878,0.0,0
rcbw_BTCUSDT_139746,BTCUSDT,2024,16,-0.0003891066703927827,0.0039379581170510755,-0.010309278350515464,0
rcbw_BTCUSDT_140090,BTCUSDT,2024,6,0.0006302688197380303,0.01917478572494793,0.010309278350515464,1
rcbw_BTCUSDT_140311,BTCUSDT,2024,13,-0.0006184268971320848,-0.009974974967429072,0.010309278350515464,1
rcbw_BTCUSDT_140408,BTCUSDT,2024,14,0.00026120839618225516,0.030807028049771736,0.0,0
rcbw_BTCUSDT_140723,BTCUSDT,2024,20,0.0002381038074068544,0.005308391354799699,0.0,0
rcbw_BTCUSDT_141000,BTCUSDT,2024,18,-0.0014188162797215726,-0.05733861551700567,-0.030927835051546393,-1
rcbw_BTCUSDT_141097,BTCUSDT,2024,18,-0.0010110820721606576,-0.035986519022701405,-0.020618556701030927,-1
rcbw_BTCUSDT_141194,BTCUSDT,2024,18,0.00042607050894785843,-0.008084088941613964,-0.010309278350515465,0
rcbw_BTCUSDT_141563,BTCUSDT,2024,14,0.0010041079325541003,0.020363218135046088,0.020618556701030927,1
rcbw_BTCUSDT_141674,BTCUSDT,2024,18,-0.00026263007265667454,-0.0007076953838536411,0.0,0
rcbw_BTCUSDT_141771,BTCUSDT,2024,18,0.0007552649703743325,0.027549723782106836,0.010309278350515464,1
rcbw_BTCUSDT_142066,BTCUSDT,2024,20,-0.0010460041541217986,-0.019188286138159504,0.0,0
rcbw_BTCUSDT_142302,BTCUSDT,2024,7,-0.0014505412420722818,-0.036197170686376075,-0.05154639175257732,-1
rcbw_BTCUSDT_142399,BTCUSDT,2024,7,-0.00042844660183253983,0.022908490988514336,0.0,0
rcbw_BTCUSDT_142899,BTCUSDT,2024,12,-0.0006015029693636595,-0.000722462055767762,-0.010309278350515464,0
rcbw_BTCUSDT_143001,BTCUSDT,2024,14,0.00015026176147676527,0.011040828242531473,0.010309278350515464,1
rcbw_BTCUSDT_143098,BTCUSDT,2024,14,0.000512021504413067,0.016759788650719098,0.010309278350515464,0
rcbw_BTCUSDT_144376,BTCUSDT,2024,22,0.000850071163994039,0.009574274283925169,0.041237113402061855,1
rcbw_BTCUSDT_145024,BTCUSDT,2024,16,-0.00035511034808274,-0.008131606742284504,-0.020618556701030927,-1
rcbw_BTCUSDT_145121,BTCUSDT,2024,16,0.0004951386352193463,0.00855094370318224,0.020618556701030927,0
rcbw_BTCUSDT_145642,BTCUSDT,2024,2,-0.0003507210355168473,-0.023271638614408764,0.010309278350515462,0
rcbw_BTCUSDT_145819,BTCUSDT,2024,22,0.00045104456474832607,0.04192196757226338,0.041237113402061855,1
rcbw_BTCUSDT_146047,BTCUSDT,2024,7,0.0003961930613225245,0.022989437334400373,0.020618556701030927,1
rcbw_BTCUSDT_147034,BTCUSDT,2024,14,-0.0009886539901711579,-0.01802574459698117,-0.020618556701030927,-1
rcbw_BTCUSDT_147328,BTCUSDT,2024,16,0.00018883950537011392,0.01859818020353593,0.09278350515463916,0
rcbw_BTCUSDT_147711,BTCUSDT,2024,15,-8.776437142478627e-05,0.0046754652198657196,0.020618556701030927,1
rcbw_BTCUSDT_147808,BTCUSDT,2024,16,-0.0005609847909779425,-0.03978975666715182,-0.04123711340206185,0
rcbw_BTCUSDT_147927,BTCUSDT,2024,21,0.0004872081758068186,0.027454803186792165,0.010309278350515465,0
rcbw_BTCUSDT_148088,BTCUSDT,2024,14,-0.00011745135617201394,-0.07097067351458661,-0.020618556701030924,0
rcbw_BTCUSDT_148208,BTCUSDT,2024,20,0.0002171500999693884,0.03806390272191218,0.041237113402061855,1
rcbw_BTCUSDT_148396,BTCUSDT,2024,19,-0.0005159556190090571,-0.0008975969704766405,-0.010309278350515464,-1
rcbw_BTCUSDT_148493,BTCUSDT,2024,19,-0.001150968213748202,-0.05200713441510519,-0.08247422680412371,-1
rcbw_BTCUSDT_148606,BTCUSDT,2024,23,0.0002411939016522995,0.04624355528982946,0.03092783505154639,0
rcbw_BTCUSDT_149048,BTCUSDT,2024,14,-0.0009271337338923708,0.0072491352550717,-0.02061855670103093,0
rcbw_BTCUSDT_149191,BTCUSDT,2024,1,-0.0004760049059076717,-0.023461739427169157,-0.02061855670103093,0
rcbw_BTCUSDT_149749,BTCUSDT,2024,21,-0.00017678731916561568,-0.032891896554936004,-0.061855670103092786,-1
rcbw_BTCUSDT_149846,BTCUSDT,2024,21,0.0008107364543736484,0.02963767989646344,0.051546391752577324,0
rcbw_BTCUSDT_150211,BTCUSDT,2024,16,-0.0005387953400815483,-0.0015612530923416884,-0.010309278350515464,0
rcbw_BTCUSDT_150398,BTCUSDT,2024,15,-0.0005732386221235257,-0.02209502915234711,0.0,0
rcbw_BTCUSDT_150495,BTCUSDT,2024,15,0.0006664436074212783,0.02994579856694582,0.05154639175257732,1
rcbw_BTCUSDT_151035,BTCUSDT,2024,6,-0.0008181972169952032,-0.01431295576458526,-0.030927835051546393,-1
rcbw_BTCUSDT_151132,BTCUSDT,2024,7,-0.00018073691109665312,0.008468863860338887,0.010309278350515464,0
rcbw_BTCUSDT_151313,BTCUSDT,2024,4,0.00015000601445672342,0.005241009922396348,0.0,0
rcbw_BTCUSDT_151512,BTCUSDT,2024,6,0.00034703518664982893,0.007279045655384245,0.0,0
rcbw_BTCUSDT_151694,BTCUSDT,2024,3,-0.0005279245546494808,-0.026423246190949663,0.0,0
rcbw_BTCUSDT_151791,BTCUSDT,2024,3,-0.0017142380667306985,-0.011215751128110935,-0.030927835051546393,-1
rcbw_BTCUSDT_152004,BTCUSDT,2024,9,0.0003026689787948441,0.02381095353878336,0.04123711340206185,0
rcbw_BTCUSDT_152411,BTCUSDT,2024,14,-0.0007370621806201753,-0.008423239339388267,-0.010309278350515464,-1
rcbw_BTCUSDT_152508,BTCUSDT,2024,15,0.0006345281931870376,0.014550553295158235,0.020618556701030927,1
rcbw_BTCUSDT_152792,BTCUSDT,2024,14,0.000794121892127443,0.024787399199237482,0.010309278350515464,1
rcbw_BTCUSDT_153093,BTCUSDT,2024,17,-0.00015514280919792572,0.003559679315369612,0.0,0
rcbw_BTCUSDT_153213,BTCUSDT,2024,23,0.00029857590431453876,0.00799959183719761,0.0,0
rcbw_BTCUSDT_153602,BTCUSDT,2024,0,0.00010078518185293846,-0.011498389214820125,-0.010309278350515464,-1
rcbw_BTCUSDT_153750,BTCUSDT,2024,13,-0.001541312891466229,-0.048917464962276315,-0.041237113402061855,-1
rcbw_BTCUSDT_153847,BTCUSDT,2024,13,0.0005257113354829395,0.030168354144533338,0.0,0
rcbw_BTCUSDT_154082,BTCUSDT,2024,0,0.00048711519828891436,0.006234196421041879,-0.010309278350515464,-1
rcbw_BTCUSDT_154462,BTCUSDT,2024,23,-0.0003606190241645722,-0.012140661270818313,-0.020618556701030927,-1
rcbw_BTCUSDT_155109,BTCUSDT,2024,17,-0.00032066874078184784,-0.0032853973184823956,-0.010309278350515464,0
rcbw_BTCUSDT_155678,BTCUSDT,2024,15,0.0003753880433346841,-0.0016763176834026783,0.0,0
rcbw_BTCUSDT_155775,BTCUSDT,2024,15,0.00017729208628306761,0.029594324840683955,0.02061855670103093,0
rcbw_BTCUSDT_157116,BTCUSDT,2024,15,-0.0001940933861411451,-0.0019300940325200078,-0.010309278350515464,-1
rcbw_BTCUSDT_157618,BTCUSDT,2024,20,0.00012712515437676751,0.01916023542015816,0.010309278350515464,1
rcbw_BTCUSDT_157794,BTCUSDT,2024,16,-0.0004187376853610888,-0.0076464058474927064,-0.010309278350515464,-1
rcbw_BTCUSDT_157891,BTCUSDT,2024,16,-0.0006744441538493245,-0.022446792417286275,0.0,0
rcbw_BTCUSDT_158171,BTCUSDT,2024,14,0.0012109569677059943,0.080667519697292,0.07216494845360824,0
rcbw_BTCUSDT_158484,BTCUSDT,2024,21,-0.00015552477680750155,0.0004371440340604979,0.0,0
rcbw_BTCUSDT_158581,BTCUSDT,2024,21,0.0010297130421358146,0.06798037545992063,0.061855670103092786,1
rcbw_BTCUSDT_158939,BTCUSDT,2024,14,0.0005197464811456257,0.005555120286189923,0.041237113402061855,1
rcbw_BTCUSDT_159138,BTCUSDT,2024,16,1.582479290985865e-05,0.014731689046903319,0.0,0
rcbw_BTCUSDT_159888,BTCUSDT,2024,12,0.00019073813584056512,0.007622951756598436,0.030927835051546393,0
rcbw_BTCUSDT_160187,BTCUSDT,2024,14,0.0002714426729701026,0.03804672330621568,0.010309278350515464,1
rcbw_BTCUSDT_160352,BTCUSDT,2024,8,0.000306105623481059,-0.0008314808566878551,0.0,0
rcbw_BTCUSDT_160474,BTCUSDT,2024,14,-0.001446699164123187,-0.011149496315631415,-0.020618556701030927,-1
rcbw_BTCUSDT_160571,BTCUSDT,2024,14,-0.00027561055255318043,-0.007139901100746186,0.0,0
rcbw_BTCUSDT_160865,BTCUSDT,2025,16,7.597207903847661e-05,0.019149216287239066,0.020618556701030927,1
rcbw_BTCUSDT_161017,BTCUSDT,2025,6,-0.0007933409293612614,0.002237674129833469,-0.010309278350515464,-1
rcbw_BTCUSDT_161144,BTCUSDT,2025,14,-6.179777428782336e-05,-0.010621686624216337,0.0,0
rcbw_BTCUSDT_161241,BTCUSDT,2025,14,-0.00038607985641070917,0.004556068438293197,-0.010309278350515464,-1
rcbw_BTCUSDT_161829,BTCUSDT,2025,17,-0.0010460339841162597,-0.016635923030918733,0.0,0
rcbw_BTCUSDT_161926,BTCUSDT,2025,17,-8.339428438326898e-05,0.022972983962518338,0.03092783505154639,0
rcbw_BTCUSDT_162177,BTCUSDT,2025,8,0.0005803532154474425,0.011264629326797684,-0.010309278350515464,0
rcbw_BTCUSDT_162294,BTCUSDT,2025,13,0.0011936652856579728,0.03178236550385831,0.041237113402061855,1
rcbw_BTCUSDT_162596,BTCUSDT,2025,17,0.0024011611633988944,0.07683839229286818,0.21649484536082475,1
rcbw_BTCUSDT_163180,BTCUSDT,2025,19,-0.0005362201518411935,-0.021705071726117707,0.0,0
rcbw_BTCUSDT_163277,BTCUSDT,2025,19,0.0006205684466310682,0.028450556808119462,0.09278350515463918,0
rcbw_BTCUSDT_163684,BTCUSDT,2025,1,0.000490826597074345,0.03619134477360308,0.020618556701030927,1
rcbw_BTCUSDT_163849,BTCUSDT,2025,18,-0.00031710841139859355,0.03218582792739923,0.0,0
rcbw_BTCUSDT_164248,BTCUSDT,2025,22,-0.0006540514497287409,-0.12312836830213894,-0.06185567010309278,0
rcbw_BTCUSDT_164513,BTCUSDT,2025,16,-0.000843241503277709,-0.019036268432911858,-0.010309278350515464,-1
rcbw_BTCUSDT_164610,BTCUSDT,2025,16,0.00028248873107635116,0.004439645214652996,0.010309278350515465,0
rcbw_BTCUSDT_164746,BTCUSDT,2025,2,-0.00021451479369350313,0.01579057700676422,0.0,0
rcbw_BTCUSDT_164885,BTCUSDT,2025,13,0.002156044358471753,0.03150023959368763,0.05154639175257732,1
rcbw_BTCUSDT_165032,BTCUSDT,2025,2,-0.00013008959132603903,-0.0034328369096244954,0.02061855670103093,0
rcbw_BTCUSDT_165129,BTCUSDT,2025,2,-0.0003068231768173543,-0.018359128201255313,0.0,0
rcbw_BTCUSDT_165226,BTCUSDT,2025,2,-0.0005837972668580388,-0.017789778402961715,-0.010309278350515464,-1
rcbw_BTCUSDT_165323,BTCUSDT,2025,2,8.497334777350435e-05,-0.00795505995481812,-0.010309278350515464,-1
rcbw_BTCUSDT_165420,BTCUSDT,2025,3,0.00031310640364341866,0.006704713022396926,0.010309278350515464,1
rcbw_BTCUSDT_165588,BTCUSDT,2025,21,0.00027093451268400334,0.008757850135140629,0.010309278350515464,1
rcbw_BTCUSDT_165698,BTCUSDT,2025,0,0.0003026826508187371,0.016945047729593044,0.030927835051546393,1
rcbw_BTCUSDT_165866,BTCUSDT,2025,18,-0.0009780758777009628,-0.013854021548341013,-0.020618556701030927,-1
rcbw_BTCUSDT_165963,BTCUSDT,2025,18,0.0001307501207762692,0.006706791094425846,0.0,0
rcbw_BTCUSDT_166579,BTCUSDT,2025,4,-0.0003088804756177254,0.02557157972368941,0.05154639175257733,0
rcbw_BTCUSDT_167219,BTCUSDT,2025,20,-0.000988166538726747,-0.04256844815282453,-0.020618556701030924,0
rcbw_BTCUSDT_167843,BTCUSDT,2025,8,-0.000616392274360982,-0.022021127721661347,0.0,0
rcbw_BTCUSDT_167940,BTCUSDT,2025,9,0.0006671968490795913,0.02645479429322171,0.010309278350515464,1
rcbw_BTCUSDT_168064,BTCUSDT,2025,16,-0.00015469687624357527,0.007188167108402865,-0.010309278350515464,0
rcbw_BTCUSDT_168196,BTCUSDT,2025,1,0.000746766900168135,0.0449631602289159,0.020618556701030927,1
rcbw_BTCUSDT_168445,BTCUSDT,2025,15,-0.0006776256550056672,-0.042737067049373474,-0.020618556701030927,-1
rcbw_BTCUSDT_168542,BTCUSDT,2025,15,-0.0009600680685836563,-0.015334171801276254,-0.020618556701030927,-1
rcbw_BTCUSDT_168639,BTCUSDT,2025,15,0.000300376876659065,0.03241602157066456,0.010309278350515464,1
rcbw_BTCUSDT_168780,BTCUSDT,2025,3,-0.00028200009933277434,-0.005343610092901588,-0.041237113402061855,-1
rcbw_BTCUSDT_168877,BTCUSDT,2025,3,0.00020132375117496814,0.009290100052730767,0.0,0
rcbw_BTCUSDT_168974,BTCUSDT,2025,3,-0.001674553940317453,-0.16490306967084414,-0.16494845360824742,-1
rcbw_BTCUSDT_169071,BTCUSDT,2025,3,-5.1763880716202684e-05,0.01737644325257258,-0.010309278350515464,-1
rcbw_BTCUSDT_169177,BTCUSDT,2025,6,-0.0006000806709972662,-0.023997604896160762,-0.010309278350515464,0
rcbw_BTCUSDT_169274,BTCUSDT,2025,6,-0.00010750576505459707,-0.0024356162595681498,0.0,0
rcbw_BTCUSDT_169385,BTCUSDT,2025,10,0.00044217397116539693,0.0023206708141572316,0.010309278350515465,0
rcbw_BTCUSDT_169911,BTCUSDT,2025,21,-0.0008230886598077022,-0.007680761116086857,-0.04123711340206186,0
rcbw_BTCUSDT_171048,BTCUSDT,2025,18,4.25966138169608e-05,-0.009349464812193764,-0.010309278350515464,-1
rcbw_BTCUSDT_171145,BTCUSDT,2025,18,-0.0005548679955462793,-0.04937073438701077,-0.030927835051546393,-1
rcbw_BTCUSDT_171242,BTCUSDT,2025,18,-0.00028118951713609246,0.0025755990848352495,0.0,0
rcbw_BTCUSDT_171339,BTCUSDT,2025,18,4.747606840350082e-05,0.023048452380838864,0.02061855670103093,0
rcbw_BTCUSDT_171884,BTCUSDT,2025,11,-0.0009387560742577083,-0.031550978895114344,-0.020618556701030927,-1
rcbw_BTCUSDT_171981,BTCUSDT,2025,11,-0.0003914868553315581,0.0018014200352338243,0.010309278350515464,1
rcbw_BTCUSDT_172198,BTCUSDT,2025,17,-0.0007592408735648262,-0.017904881553186976,0.010309278350515465,0
rcbw_BTCUSDT_172456,BTCUSDT,2025,10,-0.00043051657069657825,-0.03591748745217743,-0.020618556701030927,-1
rcbw_BTCUSDT_172553,BTCUSDT,2025,10,-0.000902596074438673,-0.02113691244997416,-0.030927835051546393,-1
rcbw_BTCUSDT_172650,BTCUSDT,2025,10,0.00023670262823201425,0.011448343940562624,0.0,0
rcbw_BTCUSDT_172808,BTCUSDT,2025,2,0.0002516589570751655,0.03047131935466387,0.0,0
rcbw_BTCUSDT_173252,BTCUSDT,2025,17,0.0008665141584532284,0.007854772848491027,0.020618556701030927,1
rcbw_BTCUSDT_173846,BTCUSDT,2025,21,-0.0003795884673261107,-0.010920683637339832,0.0,0
rcbw_BTCUSDT_173943,BTCUSDT,2025,21,-0.0004549667424571327,-0.0291733057842798,-0.030927835051546393,-1
rcbw_BTCUSDT_174817,BTCUSDT,2025,0,0.0002446925122270582,0.00895763452288098,0.010309278350515464,1
rcbw_BTCUSDT_175277,BTCUSDT,2025,19,-0.0006960693811325215,-0.020370342156808094,-0.010309278350515464,-1
rcbw_BTCUSDT_175374,BTCUSDT,2025,19,0.000139412843446761,0.006819920798671905,0.0,0
rcbw_BTCUSDT_175619,BTCUSDT,2025,8,-0.0006477875826307686,-0.02159379772109955,0.0,0
rcbw_BTCUSDT_175716,BTCUSDT,2025,9,0.0008829623166421406,0.04074243748504388,0.010309278350515464,1
rcbw_BTCUSDT_175906,BTCUSDT,2025,8,-0.00027455154060004785,-0.021484742585705294,0.0,0
rcbw_BTCUSDT_176003,BTCUSDT,2025,8,-0.0003184536582119604,-0.004786263906517025,0.0,0
rcbw_BTCUSDT_176100,BTCUSDT,2025,9,0.0009072557200566867,0.02465567400883551,0.010309278350515464,1
rcbw_BTCUSDT_176328,BTCUSDT,2025,18,0.00015432253022632262,-0.007587467944810709,-0.020618556701030927,-1
rcbw_BTCUSDT_176602,BTCUSDT,2025,14,4.789845133079023e-06,0.00525313270899644,0.0,0
rcbw_BTCUSDT_176721,BTCUSDT,2025,20,-0.000818539882622499,-0.0036219740623682287,-0.030927835051546393,-1
rcbw_BTCUSDT_177082,BTCUSDT,2025,14,-0.00016264208395813727,-0.010117197729317021,0.0,0
rcbw_BTCUSDT_177282,BTCUSDT,2025,16,0.0006463346495493038,0.03295965551117383,0.05154639175257732,1
rcbw_BTCUSDT_177592,BTCUSDT,2025,22,-0.00031382821142759477,0.0023521900857336013,-0.010309278350515464,-1
rcbw_BTCUSDT_177736,BTCUSDT,2025,10,-0.00014384828729714747,-0.012055558598920633,-0.010309278350515464,-1
rcbw_BTCUSDT_177833,BTCUSDT,2025,10,-0.0005780385655567645,-0.03212246729179949,-0.020618556701030927,-1
rcbw_BTCUSDT_177930,BTCUSDT,2025,10,-0.0005660278331312318,-0.014978034125491677,-0.010309278350515464,-1
rcbw_BTCUSDT_178027,BTCUSDT,2025,10,-4.978338695014453e-05,-0.006388763675220434,0.0,0
rcbw_BTCUSDT_178202,BTCUSDT,2025,6,0.00013223546036085672,0.0005744807661195936,0.0,0
rcbw_BTCUSDT_178612,BTCUSDT,2025,13,-0.0005477990788804885,-0.011250314789402006,0.0,0
rcbw_BTCUSDT_178709,BTCUSDT,2025,13,-1.4368016785219653e-05,-0.0007986233111860752,0.0,0
rcbw_BTCUSDT_178889,BTCUSDT,2025,10,0.0004315032503367204,-0.003930151995903375,0.0,0
rcbw_BTCUSDT_178986,BTCUSDT,2025,10,0.00036329985114148746,0.006711247300728921,0.0,0
rcbw_BTCUSDT_179297,BTCUSDT,2025,16,4.376156706975814e-05,0.01557397735156843,0.0,0
rcbw_BTCUSDT_179986,BTCUSDT,2025,20,-5.4327896192367885e-05,-0.0011217374046897672,0.0,0
rcbw_BTCUSDT_180085,BTCUSDT,2025,21,0.000533209307531018,0.009003238045191857,0.010309278350515464,1
rcbw_BTCUSDT_180658,BTCUSDT,2025,20,-0.0010802418001320613,-0.027964464439435337,-0.020618556701030927,-1
rcbw_BTCUSDT_181016,BTCUSDT,2025,14,0.0006097593905452526,0.01690653106817195,0.010309278350515464,1
