symbol,direction,entry_time,exit_time,entry_price,exit_price,qty,pnl,r_multiple,exit_reason,stop_price,target_price
BTCUSDT,long,2021-04-03 08:00:00+00:00,2021-04-03 17:15:00+00:00,59809.179444,58478.331994,3.790321121493791,-5223.6782604261125,-1.0447356520852225,stop,58490.03,62447.478332000006
BTCUSDT,short,2021-04-07 01:15:00+00:00,2021-04-07 13:15:00+00:00,57482.111278000004,56614.400616,2.9002415846195198,2384.207565968141,0.4793454596504381,time_stop,59197.1,54052.133834000015
BTCUSDT,long,2021-04-09 00:00:00+00:00,2021-04-09 12:00:00+00:00,58294.10649,58719.2538,2.190371109694195,828.709311657221,0.1662138216069109,time_stop,56017.87,62846.57946999999
BTCUSDT,long,2021-04-10 03:00:00+00:00,2021-04-10 04:15:00+00:00,59011.799999999996,61623.07291999999,3.8038925088321487,9749.448663142512,1.9538183952065895,target_2r,57700.0,61635.39999999999
BTCUSDT,long,2021-04-12 06:45:00+00:00,2021-04-12 18:45:00+00:00,60942.135989999995,60057.456106000005,3.0759076079842878,-2870.0670121826597,-0.5696054043391585,time_stop,59304.02,64218.36796999999
BTCUSDT,short,2021-05-02 03:30:00+00:00,2021-05-02 15:30:00+00:00,56878.622,56705.038739999996,3.173560626622241,406.69114595591975,0.08094414289648934,time_stop,58461.81,53712.246000000014
BTCUSDT,long,2021-07-03 07:15:00+00:00,2021-07-03 19:15:00+00:00,33918.012246000006,34618.075000000004,4.307046969128849,2897.127904076155,0.5763849706008958,time_stop,32751.0,36252.03673800002
BTCUSDT,long,2021-07-04 07:45:00+00:00,2021-07-04 19:45:00+00:00,35573.093196,35546.609256,3.812788850167375,-209.4434345549779,-0.04154912917409659,time_stop,34251.0,38217.279588000005
BTCUSDT,short,2021-07-05 04:00:00+00:00,2021-07-05 16:00:00+00:00,34188.071018,33698.998452,2.8514143764897,1317.1188794933098,0.26134270501441387,time_stop,35955.55,30653.113054
BTCUSDT,short,2021-07-07 23:00:00+00:00,2021-07-08 11:00:00+00:00,33894.839676,32304.039516,4.223917909858601,6607.561834257277,1.3093613433190492,time_stop,35089.56,31505.399028000014
BTCUSDT,long,2021-07-09 13:30:00+00:00,2021-07-10 01:30:00+00:00,33380.544774,33895.229598000005,4.492912178095589,2191.528055243893,0.431450859328109,time_stop,32250.0,35641.634322000005
BTCUSDT,long,2021-07-11 21:15:00+00:00,2021-07-12 09:15:00+00:00,34119.17247,34151.31837,6.260152692877006,30.284763619550375,0.005949392440420892,time_stop,33306.03,35745.457409999995
BTCUSDT,short,2021-07-12 11:45:00+00:00,2021-07-12 23:45:00+00:00,33518.085042,33077.484174000005,4.447271978531907,1841.0044504257296,0.3616515648982507,time_stop,34662.73,31228.79512599999
BTCUSDT,short,2021-07-13 12:30:00+00:00,2021-07-14 00:30:00+00:00,32485.391622,32487.056112000002,4.554861746576229,-125.95772853457963,-0.024698792596701137,time_stop,33605.02,30246.134866000004
BTCUSDT,short,2021-07-18 14:30:00+00:00,2021-07-19 02:30:00+00:00,31288.131122,31531.715082,4.442522795958597,-1193.75873454982,-0.23411061260995553,time_stop,32435.93,28992.533365999996
BTCUSDT,short,2021-07-19 12:30:00+00:00,2021-07-20 00:30:00+00:00,30803.828002000002,30898.87854,4.647029746580771,-556.3964026125908,-0.10924398024391149,time_stop,31899.83,28611.824006000003
BTCUSDT,short,2021-08-22 14:45:00+00:00,2021-08-23 01:30:00+00:00,48280.351998000006,49842.9666,3.2785099381494667,-5251.7268122295545,-1.0316980586557958,stop,49833.0,45175.05599400002
BTCUSDT,short,2021-08-24 01:00:00+00:00,2021-08-24 13:00:00+00:00,48978.662308,49168.521738,3.123416729242204,-715.6319424973179,-0.14131436328712943,time_stop,50600.0,45735.986924
BTCUSDT,long,2021-08-29 00:45:00+00:00,2021-08-29 03:15:00+00:00,49630.744163999996,48385.970870000005,4.097286877983565,-5260.834323703289,-1.0395806388196949,stop,48395.65,52100.932491999985
BTCUSDT,long,2021-09-05 14:15:00+00:00,2021-09-06 02:15:00+00:00,50469.061794,51739.65,4.539179842681281,5581.850883295075,1.1087792654431654,time_stop,49360.0,52687.185382
BTCUSDT,long,2021-09-06 22:00:00+00:00,2021-09-07 09:30:00+00:00,52312.700447999996,51029.792,3.9774796983722247,-5267.15937306664,-1.040500494095213,stop,51040.0,54858.10134399999
BTCUSDT,long,2021-09-12 08:45:00+00:00,2021-09-12 20:45:00+00:00,46141.366428,45106.806834,3.610267190283106,-3866.8086730512323,-0.7678631591070098,time_stop,44746.51,48931.079284
BTCUSDT,short,2021-09-17 18:00:00+00:00,2021-09-18 04:30:00+00:00,46891.829758,48159.63,3.9871157227692793,-5206.458746078205,-1.0378729223697514,stop,48150.0,44375.489274
BTCUSDT,short,2021-09-19 11:45:00+00:00,2021-09-19 23:45:00+00:00,47334.691168000005,47266.361382,3.692247982105576,112.574296323093,0.022557998910731628,time_stop,48686.29,44631.49350400001
BTCUSDT,short,2021-10-03 00:45:00+00:00,2021-10-03 12:45:00+00:00,47246.29885,47957.099502000005,4.568918945140942,-3421.5812092902597,-0.6855501043210097,time_stop,48338.68,45061.53655
BTCUSDT,short,2021-10-26 14:00:00+00:00,2021-10-27 02:00:00+00:00,62097.657984000005,60666.620897999994,2.9287102084551955,4047.2765237280664,0.8137039745277685,time_stop,63795.98,58701.01395200001
BTCUSDT,short,2021-11-03 12:30:00+00:00,2021-11-04 00:30:00+00:00,62587.82993,62890.5756,2.834803038897113,-1000.5069714538963,-0.20033661318962895,time_stop,64349.55,59064.389789999994
BTCUSDT,short,2021-11-06 07:15:00+00:00,2021-11-06 19:15:00+00:00,60620.793416,60919.091382,2.6856666330238013,-931.6951392584818,-0.18674512854166028,time_stop,62478.48,56905.420247999995
BTCUSDT,long,2021-11-07 00:45:00+00:00,2021-11-07 12:45:00+00:00,62011.579836,61824.98253,2.60751254208589,-615.7169715296869,-0.12352710909553473,time_stop,60100.0,65834.739508
BTCUSDT,long,2021-11-14 00:15:00+00:00,2021-11-14 12:15:00+00:00,65224.792349999996,64426.672088,2.775484065079451,-2359.1082986227807,-0.47358435844613667,time_stop,63430.01,68814.35704999999
BTCUSDT,short,2021-12-23 00:00:00+00:00,2021-12-23 12:00:00+00:00,48372.543556000004,48433.354734,4.051994096920197,-403.3093056500031,-0.08115537881751032,time_stop,49599.0,45919.63066800001
BTCUSDT,long,2021-12-24 18:45:00+00:00,2021-12-25 06:45:00+00:00,51592.416419999994,50936.880586,4.094720759489447,-2852.167724431538,-0.5741566378027494,time_stop,50379.25,54018.74925999998
BTCUSDT,short,2021-12-25 17:15:00+00:00,2021-12-26 05:15:00+00:00,50298.328322,49918.941792,3.287588768272656,1115.4776262164548,0.2251981150961833,time_stop,51805.0,47284.984966
BTCUSDT,long,2021-12-26 22:30:00+00:00,2021-12-27 10:30:00+00:00,51104.028761999994,50747.14854,2.8271453590898474,-1124.131496669108,-0.2266899503218031,time_stop,49350.0,54612.08628599998
BTCUSDT,long,2021-12-27 13:15:00+00:00,2021-12-28 01:15:00+00:00,51356.449236,50149.977998,3.0332183722658717,-3782.647188707641,-0.7636661088018487,time_stop,49723.44,54622.467708
BTCUSDT,short,2022-01-08 17:00:00+00:00,2022-01-08 21:30:00+00:00,41165.7652,41952.898902,4.562115480558445,-3742.6736248527027,-0.7584921521819445,rv_exit,42247.36,39002.575600000004
BTCUSDT,long,2022-01-15 20:00:00+00:00,2022-01-16 08:00:00+00:00,43660.450344,43184.871298000005,4.3508603357655735,-2220.3187538741877,-0.4516839285167607,time_stop,42530.64,45920.07103199999
BTCUSDT,short,2022-01-16 13:15:00+00:00,2022-01-17 01:15:00+00:00,42587.090878,42893.22693,4.043621512871999,-1376.1583465391038,-0.2805883581467492,time_stop,43800.0,40161.27263400001
BTCUSDT,short,2022-01-17 05:00:00+00:00,2022-01-17 17:00:00+00:00,42376.413022,42087.205758,4.500301596119279,1149.4752084246509,0.23469863617319037,time_stop,43464.71,40199.819066000004
BTCUSDT,short,2022-02-14 01:30:00+00:00,2022-02-14 13:30:00+00:00,41668.76458,42377.883882,4.510106289929378,-3349.827151410906,-0.6831624895549181,time_stop,42755.97,39494.353740000006
BTCUSDT,short,2022-02-16 13:45:00+00:00,2022-02-17 01:45:00+00:00,43630.17222,44010.70038,4.26102589477755,-1770.8163544878619,-0.3623774347705475,time_stop,44777.0,41336.51666
BTCUSDT,short,2022-02-17 09:15:00+00:00,2022-02-17 18:15:00+00:00,43229.152440000005,40941.64401146401,4.249526640678518,9577.753591085298,1.9635360900670615,target_2r,44377.0,40933.457320000016
BTCUSDT,short,2022-02-20 04:30:00+00:00,2022-02-20 16:30:00+00:00,39592.17998,38254.549380000004,5.818760852948591,7602.163970454097,1.5433679976712218,time_stop,40438.7,37899.13994000001
BTCUSDT,long,2022-03-06 00:45:00+00:00,2022-03-06 10:00:00+00:00,39632.4249,38539.89048,4.575584846425915,-5142.057561015812,-1.035930633738216,stop,38547.6,41802.0747
BTCUSDT,short,2022-03-13 12:15:00+00:00,2022-03-14 00:15:00+00:00,38452.90788,37761.0507,4.387412402017009,2901.709945124229,0.5876288112687963,time_stop,39578.4,36201.92363999999
BTCUSDT,long,2022-03-19 20:30:00+00:00,2022-03-20 08:30:00+00:00,42243.34698,41880.022320000004,6.662442666258005,-2644.816566429152,-0.5340359460665292,time_stop,41500.0,43730.040940000006
BTCUSDT,short,2022-03-20 12:00:00+00:00,2022-03-21 00:00:00+00:00,41393.619620000005,41355.06936,4.690764088647059,25.56834375602068,0.00517652988748342,time_stop,42446.6,39287.65886000002
BTCUSDT,short,2022-03-21 02:30:00+00:00,2022-03-21 14:30:00+00:00,40705.05736,40826.46366,3.820285789532535,-588.3962471104046,-0.11912276975257174,time_stop,41998.0,38119.17208
BTCUSDT,long,2022-03-26 20:15:00+00:00,2022-03-27 08:15:00+00:00,44691.736560000005,44584.18138,7.585970600817472,-1086.8082289871875,-0.22015905664805732,time_stop,44041.0,45993.209680000014
BTCUSDT,short,2022-03-30 01:30:00+00:00,2022-03-30 13:30:00+00:00,46746.74878,47045.80728,3.643842546760979,-1226.4282088068721,-0.2487162157696038,time_stop,48100.0,44040.246340000005
BTCUSDT,short,2022-04-08 13:00:00+00:00,2022-04-08 19:00:00+00:00,42983.601559999996,43110.72042,5.0024479783311255,-808.178430988625,-0.16410040100419238,rv_exit,43968.1,41014.60467999999
BTCUSDT,long,2022-04-09 23:30:00+00:00,2022-04-10 11:30:00+00:00,42683.93508,42506.79694000001,8.431400899845189,-1780.833558837624,-0.36189468393160235,time_stop,42100.3,43851.20524
BTCUSDT,long,2022-04-10 17:15:00+00:00,2022-04-10 22:15:00+00:00,43027.1037,42356.527,7.418712764932492,-5228.190576552439,-1.064380326344647,stop,42365.0,44351.3111
BTCUSDT,short,2022-04-16 15:00:00+00:00,2022-04-17 03:00:00+00:00,40151.56808,40169.732339999995,8.908701408218988,-448.0433615058894,-0.09170286836695697,time_stop,40700.0,39054.70423999999
BTCUSDT,short,2022-04-17 18:00:00+00:00,2022-04-18 06:00:00+00:00,39919.91442,38891.7768,6.282051181356782,6260.773519145027,1.282005955798664,time_stop,40697.3,38365.14326
BTCUSDT,long,2022-04-23 16:00:00+00:00,2022-04-24 04:00:00+00:00,39920.78256,39776.24316,6.601739426648873,-1164.6670544371311,-0.23696755272279615,time_stop,39176.3,41409.74767999999
BTCUSDT,short,2022-04-30 23:00:00+00:00,2022-05-01 11:00:00+00:00,37786.24124,37972.593,4.926996911767303,-1067.459962958219,-0.2174470706675964,time_stop,38782.6,35793.52372000001
BTCUSDT,short,2022-05-03 18:00:00+00:00,2022-05-04 06:00:00+00:00,37783.34182,38287.85604,4.346274036069918,-2325.007564074717,-0.4741314608895622,time_stop,38911.6,35526.82546000001
BTCUSDT,short,2022-05-07 21:00:00+00:00,2022-05-08 04:45:00+00:00,35435.01158,34398.3783,6.958996843642322,7019.5395876322955,1.4348741676968162,rv_exit,36138.0,34029.034739999996
BTCUSDT,long,2022-05-29 12:00:00+00:00,2022-05-30 00:00:00+00:00,29418.28248,29330.03282,7.792706661483427,-870.8270685513532,-0.17673902038215739,time_stop,28786.0,30682.847440000005
BTCUSDT,long,2022-05-30 01:30:00+00:00,2022-05-30 13:30:00+00:00,29665.83198,30386.52148,5.854722317403441,4078.800957962385,0.8285466956382905,time_stop,28825.0,31347.495939999997
BTCUSDT,long,2022-06-05 16:00:00+00:00,2022-06-06 02:30:00+00:00,30045.70794,31082.905995236,9.475093983201269,9595.869307715006,1.9412137175100406,target_2r,29524.0,31089.12382
BTCUSDT,long,2022-07-03 19:45:00+00:00,2022-07-04 07:45:00+00:00,19487.196659999998,19111.37696,7.0587394795796525,-2761.7962637805376,-0.5533318873942874,time_stop,18780.1,20901.389979999996
BTCUSDT,short,2022-08-06 23:30:00+00:00,2022-08-07 11:30:00+00:00,22960.20704,22974.0939,13.043747265416078,-420.79885706016876,-0.08454186465074949,time_stop,23341.8,22197.021120000005
BTCUSDT,long,2022-08-07 21:00:00+00:00,2022-08-08 09:00:00+00:00,23361.87144,24093.88026,9.370180313684529,6681.18705446729,1.342871698184004,time_stop,22830.9,24423.814319999994
BTCUSDT,short,2022-08-18 23:15:00+00:00,2022-08-19 06:30:00+00:00,23179.863100000002,22354.059217860005,12.065186374637056,9743.727643264585,1.9453590206335725,target_2r,23595.0,22349.589300000007
BTCUSDT,short,2022-08-26 05:15:00+00:00,2022-08-26 13:00:00+00:00,21344.2303,21815.26218,10.83726393143874,-5291.789128142887,-1.046341078051564,stop,21810.9,20410.890899999995
BTCUSDT,short,2022-08-28 23:15:00+00:00,2022-08-29 11:15:00+00:00,19699.95922,19804.26006,11.056072297662318,-1327.8622295158627,-0.2639379435662888,time_stop,20155.0,18789.877660000002
BTCUSDT,short,2022-09-03 19:00:00+00:00,2022-09-04 07:00:00+00:00,19678.46352,19687.536719999996,13.523098595640144,-335.6378992025036,-0.06680259256371096,time_stop,20050.0,18935.390560000003
BTCUSDT,short,2022-09-04 07:45:00+00:00,2022-09-04 12:00:00+00:00,19614.5763,19897.9788,17.975018802703797,-5378.260834579413,-1.0708022334540728,stop,19894.0,19055.728900000002
BTCUSDT,long,2022-09-06 00:30:00+00:00,2022-09-06 12:30:00+00:00,20005.5003,19891.82084,12.965873520597235,-1680.8749481345408,-0.33646064759357763,time_stop,19620.2,20776.100899999998
BTCUSDT,short,2022-09-25 21:30:00+00:00,2022-09-26 08:45:00+00:00,18792.2408,19199.8392,12.352289638248442,-5222.489163334432,-1.0471469925638808,stop,19196.0,17984.7224
BTCUSDT,short,2022-10-02 10:15:00+00:00,2022-10-02 22:15:00+00:00,19091.88086,19207.140659999997,16.286692086028577,-2126.706620774143,-0.42866449103623844,time_stop,19396.5,18482.642580000003
BTCUSDT,short,2022-10-08 21:30:00+00:00,2022-10-09 09:30:00+00:00,19323.034620000002,19407.180659999998,16.69313054540285,-1663.2722464868616,-0.3359735587208366,time_stop,19619.6,18729.90386000001
BTCUSDT,short,2022-10-10 08:00:00+00:00,2022-10-10 20:00:00+00:00,19282.94264,19234.8462,18.50646708390485,604.9639071881231,0.12240563025112394,time_stop,19550.0,18748.827920000003
BTCUSDT,long,2022-10-12 22:00:00+00:00,2022-10-13 10:00:00+00:00,19199.23908,18969.605320000002,17.986941186718333,-4405.02523936006,-0.8907474985367555,time_stop,18924.3,19749.11724
BTCUSDT,short,2022-10-13 10:15:00+00:00,2022-10-13 12:30:00+00:00,18758.04764,18323.1639,10.21529998461602,4290.949582662127,0.8715617771515876,rv_exit,19240.0,17794.142920000002
BTCUSDT,long,2022-10-16 19:30:00+00:00,2022-10-17 07:30:00+00:00,19330.66536,19257.547720000002,13.559672033578872,-1200.7486237599073,-0.24283338903370746,time_stop,18966.0,20059.996079999997
BTCUSDT,long,2022-10-18 06:30:00+00:00,2022-10-18 18:30:00+00:00,19677.63474,19263.44654,10.62929332509262,-4568.09433972069,-0.9249515705863908,time_stop,19213.0,20606.904220000004
BTCUSDT,short,2022-10-20 00:45:00+00:00,2022-10-20 12:45:00+00:00,18959.607320000003,19130.42532,13.678348899008165,-2544.911704640529,-0.5176900460409964,time_stop,19319.0,18240.82196000001
BTCUSDT,short,2022-10-23 12:15:00+00:00,2022-10-23 17:45:00+00:00,19111.07702,19253.85,35.294188983466775,-5580.680131684965,-1.1381770734258554,stop,19250.0,18833.231060000002
BTCUSDT,long,2022-10-25 13:45:00+00:00,2022-10-25 17:00:00+00:00,19473.29388,20123.856063672003,14.89569713191066,9454.64639231346,1.9393070340775425,target_2r,19146.0,20127.881640000003
BTCUSDT,short,2022-11-06 01:45:00+00:00,2022-11-06 13:45:00+00:00,21180.36308,21214.7421,16.781193930751947,-861.4971944652875,-0.17501057170710063,time_stop,21473.7,20593.689239999996
BTCUSDT,long,2022-11-19 22:15:00+00:00,2022-11-20 10:15:00+00:00,16782.45582,16637.6718,20.60807172268906,-3259.2092232489827,-0.6626784590796871,time_stop,16543.8,17259.76746
BTCUSDT,short,2022-11-20 11:30:00+00:00,2022-11-20 23:30:00+00:00,16529.29348,16266.55266,17.18733572248253,4290.345394175943,0.87523413400227,time_stop,16814.5,15958.88044
BTCUSDT,long,2022-11-26 01:15:00+00:00,2022-11-26 13:15:00+00:00,16667.93292,16588.28168,14.642801592574056,-1361.1029647656328,-0.27645635008017544,time_stop,16331.7,17340.398759999996
BTCUSDT,short,2022-11-27 23:30:00+00:00,2022-11-28 02:00:00+00:00,16414.51644,16058.360349863997,27.362472235233653,9389.895851931418,1.9098404963707,target_2r,16594.2,16055.149319999997
BTCUSDT,long,2022-12-04 05:00:00+00:00,2022-12-04 17:00:00+00:00,17055.51042,16970.6052,24.163992756003466,-2380.5318455694523,-0.4796040349267424,time_stop,16850.1,17466.33126
BTCUSDT,long,2022-12-05 00:30:00+00:00,2022-12-05 12:30:00+00:00,17247.24876,17234.35244,13.938495497239188,-372.0039554764723,-0.07512752607496768,time_stop,16892.0,17957.746279999996
BTCUSDT,short,2022-12-07 07:00:00+00:00,2022-12-07 19:00:00+00:00,16769.74538,16803.36,13.739652310031186,-646.3663092895194,-0.1305850349733206,time_stop,17130.0,16049.23614
BTCUSDT,long,2022-12-08 14:45:00+00:00,2022-12-08 18:45:00+00:00,16893.97812,17257.682133127997,26.945157681841394,9431.973235005516,1.906781423770705,target_2r,16710.4,17261.134359999996
BTCUSDT,long,2022-12-11 18:45:00+00:00,2022-12-11 23:00:00+00:00,17200.539419999997,17077.5838,41.774514687381746,-5709.192138349912,-1.1432786714876153,stop,17081.0,17439.618259999992
BTCUSDT,short,2022-12-12 00:00:00+00:00,2022-12-12 12:00:00+00:00,16976.1041,16996.49862,17.186658916998276,-584.0638732043966,-0.11763254891467156,time_stop,17265.0,16398.3123
BTCUSDT,short,2022-12-19 17:30:00+00:00,2022-12-20 02:30:00+00:00,16555.38826,16875.3744,15.672934226801594,-5224.704983436939,-1.0528935062989155,stop,16872.0,15922.16478
BTCUSDT,short,2022-12-22 14:30:00+00:00,2022-12-23 02:30:00+00:00,16679.96334,16800.959519999997,20.21036257020539,-2716.0413034840703,-0.5502390556110496,time_stop,16924.2,16191.490019999994
BTCUSDT,long,2022-12-26 04:00:00+00:00,2022-12-26 16:00:00+00:00,16900.17936,16813.93654,24.590603371989246,-2452.3831611555197,-0.49819555003073424,time_stop,16700.0,17300.538079999995
BTCUSDT,long,2022-12-27 00:00:00+00:00,2022-12-27 12:00:00+00:00,16954.390199999998,16823.33466,28.33552808648639,-4096.371803146828,-0.8342458485476849,time_stop,16781.1,17300.970599999997
BTCUSDT,short,2022-12-30 07:15:00+00:00,2022-12-30 19:15:00+00:00,16454.30848,16560.01134,23.88856885813876,-2840.555990542105,-0.5809160434589623,time_stop,16659.0,16044.925439999999
BTCUSDT,long,2023-01-01 19:00:00+00:00,2023-01-02 07:00:00+00:00,16602.3198,16688.76158,34.6967807401115,2537.214146947637,0.5203917700423457,time_stop,16461.8,16883.359400000005
BTCUSDT,short,2023-01-06 13:15:00+00:00,2023-01-06 19:30:00+00:00,16679.76338,16876.17456,25.323022963099696,-5313.619936150673,-1.087014242043817,stop,16872.8,16293.690140000002
BTCUSDT,long,2023-01-08 15:45:00+00:00,2023-01-08 23:45:00+00:00,16994.3982,17169.75996108,54.382556486577904,8793.447173114313,1.808717600752229,target_2r,16905.0,17173.1946
BTCUSDT,short,2023-04-16 01:00:00+00:00,2023-04-16 13:00:00+00:00,30162.9662,30235.345859999998,16.296076710203053,-1573.206702217011,-0.32069151312576316,time_stop,30464.0,29560.898599999997
BTCUSDT,long,2023-05-20 17:30:00+00:00,2023-05-21 05:30:00+00:00,27022.803480000002,27096.079700000002,18.866480001164952,974.0512083106173,0.19887509492553573,time_stop,26763.2,27542.010440000005
BTCUSDT,short,2023-06-03 21:00:00+00:00,2023-06-04 09:00:00+00:00,26991.6006,27197.9385,14.063920132089788,-3206.7666857819727,-0.6540852211449566,time_stop,27340.2,26294.401800000003
BTCUSDT,short,2023-07-08 19:15:00+00:00,2023-07-09 01:00:00+00:00,30093.08018,30386.076,17.031379311005818,-5402.140326683643,-1.1054917100951795,stop,30380.0,29519.240540000003
BTCUSDT,short,2023-07-09 22:00:00+00:00,2023-07-10 10:00:00+00:00,30066.4855,30157.23024,12.89318820218391,-1480.5792916865294,-0.3046691658081637,time_stop,30443.4,29312.656499999994
BTCUSDT,short,2023-07-16 02:15:00+00:00,2023-07-16 14:15:00+00:00,30098.57908,30366.072,18.560973192863216,-5413.842024525398,-1.115743837302692,stop,30360.0,29575.73724
BTCUSDT,short,2023-07-22 23:15:00+00:00,2023-07-23 11:15:00+00:00,29676.86344,29896.278059999997,15.608498322071762,-3796.671639765267,-0.7868492701089664,time_stop,29986.0,29058.590320000003
BTCUSDT,long,2023-07-23 17:45:00+00:00,2023-07-24 05:45:00+00:00,30116.12202,29780.34274,9.351952111046366,-3364.2512944642162,-0.6999853127600957,time_stop,29602.2,31143.966059999995
BTCUSDT,long,2023-07-28 14:15:00+00:00,2023-07-29 02:15:00+00:00,29436.78618,29351.82846,12.899356672472658,-1399.2340557688078,-0.2921551398869701,time_stop,29065.5,30179.358539999997
BTCUSDT,long,2023-07-30 14:45:00+00:00,2023-07-30 19:45:00+00:00,29383.07544,29205.357760000003,27.824549529013773,-5596.9930939016485,-1.1703420411898184,stop,29211.2,29726.82632
BTCUSDT,short,2023-08-04 18:30:00+00:00,2023-08-05 06:30:00+00:00,29020.49474,29073.41352,14.3244844255601,-1090.9003535657557,-0.2294520529864433,time_stop,29352.4,28356.684219999992
BTCUSDT,short,2023-08-06 14:00:00+00:00,2023-08-06 20:45:00+00:00,28981.00264,29137.826399999998,31.45033281286278,-5663.302051365245,-1.1925459598498798,stop,29132.0,28679.007919999996
BTCUSDT,short,2023-08-07 15:15:00+00:00,2023-08-07 21:15:00+00:00,28921.91446,29226.54414,15.79929442237015,-5180.415851163793,-1.0974060640284031,stop,29220.7,28324.34338
BTCUSDT,short,2023-08-11 16:30:00+00:00,2023-08-12 04:30:00+00:00,29281.542520000003,29415.98202,16.556426712323425,-2614.5662342878777,-0.5569188646196146,time_stop,29565.1,28714.42756000001
BTCUSDT,long,2023-08-12 16:15:00+00:00,2023-08-13 04:15:00+00:00,29471.993219999997,29374.32396,18.578380026175584,-2251.844326639621,-0.480996222326921,time_stop,29220.0,29975.97965999999
BTCUSDT,short,2023-08-13 16:00:00+00:00,2023-08-14 04:00:00+00:00,29314.33596,29405.57994,30.00286118455116,-3442.2866600724283,-0.7370484946940831,time_stop,29470.0,29003.00788
BTCUSDT,long,2023-08-20 20:30:00+00:00,2023-08-21 08:30:00+00:00,26255.25,26035.09194,15.169209943752394,-3656.905102916644,-0.785897952000005,time_stop,25948.5,26868.75
BTCUSDT,short,2023-08-27 01:30:00+00:00,2023-08-27 13:30:00+00:00,25962.50646,26064.91194,27.771420180382282,-3421.8957327685503,-0.7382936892584372,time_stop,26129.4,25628.71938
BTCUSDT,short,2023-08-28 05:30:00+00:00,2023-08-28 12:15:00+00:00,25927.8134,26178.83472,18.787684707252676,-5107.694725370505,-1.1060976442491184,stop,26173.6,25436.2402
BTCUSDT,long,2023-09-03 12:30:00+00:00,2023-09-04 00:30:00+00:00,26019.80292,25931.01276,17.077622929646218,-1871.2034487711394,-0.4074722813422708,time_stop,25750.9,26557.608759999992
BTCUSDT,short,2023-09-10 04:15:00+00:00,2023-09-10 16:15:00+00:00,25762.14654,25753.649699999998,25.68101876644471,-310.9837445075464,-0.06785790814028918,time_stop,25940.6,25405.239620000008
BTCUSDT,long,2023-09-24 17:45:00+00:00,2023-09-24 18:15:00+00:00,26666.63226,26524.29408,33.43235918662055,-5470.020421676993,-1.1939856391188386,stop,26529.6,26940.69678
BTCUSDT,long,2023-10-01 07:00:00+00:00,2023-10-01 19:00:00+00:00,27140.026919999997,27055.88774,18.2430710372346,-1930.4370061827512,-0.4239027820557188,time_stop,26890.4,27639.280759999987
BTCUSDT,long,2023-10-08 02:15:00+00:00,2023-10-08 09:45:00+00:00,28045.00788,27826.23364,21.3139844987673,-5139.286270363315,-1.1309278841288628,stop,27831.8,28471.423640000005
BTCUSDT,long,2023-10-15 17:15:00+00:00,2023-10-15 20:30:00+00:00,26985.49602,27404.806002388,21.274471235304954,8457.748192647801,1.8717575855660797,target_2r,26773.1,27410.28806
BTCUSDT,short,2023-11-26 12:15:00+00:00,2023-11-26 23:00:00+00:00,37557.487,37387.476,13.862375526032443,1941.1902372000395,0.4256154461981716,rv_exit,37886.5,36899.461
BTCUSDT,short,2024-02-04 06:15:00+00:00,2024-02-04 18:15:00+00:00,42804.4374,42812.26074,9.939072475414383,-418.13697042741666,-0.09148388944000954,time_stop,43264.3,41884.7122
BTCUSDT,short,2024-03-30 23:15:00+00:00,2024-03-31 05:45:00+00:00,69584.0804,70402.0776,5.682803386408786,-4966.722783325996,-1.0871630237650691,stop,70388.0,67976.24120000002
BTCUSDT,long,2024-03-31 12:00:00+00:00,2024-04-01 00:00:00+00:00,70646.52647999999,71215.754,4.249107729347336,2177.5938099931154,0.47925738059719636,time_stop,69577.2,72785.17943999996
BTCUSDT,long,2024-05-12 15:30:00+00:00,2024-05-13 03:30:00+00:00,61427.282999999996,60912.815,5.235241815545515,-2949.5563850670505,-0.6476035039765123,time_stop,60557.3,63167.24899999998
BTCUSDT,long,2024-05-19 10:30:00+00:00,2024-05-19 17:00:00+00:00,67558.30896,66489.89936,4.302705948481729,-4827.760350663694,-1.0634246564715,stop,66503.2,69668.52687999999
BTCUSDT,short,2024-05-26 21:00:00+00:00,2024-05-27 09:00:00+00:00,68582.28080000001,68601.2175,4.479760699731775,-330.65158217699525,-0.07322291015884565,time_stop,69590.3,66566.24240000002
BTCUSDT,short,2024-06-02 09:30:00+00:00,2024-06-02 11:45:00+00:00,67449.90732,67965.29033999999,8.995809860805801,-5123.555401572936,-1.1350287115866164,stop,67951.7,66446.32196
BTCUSDT,long,2024-06-09 12:30:00+00:00,2024-06-10 00:30:00+00:00,69577.4127,69507.19578000001,10.752940104161384,-1353.2657208170726,-0.301501998841893,time_stop,69160.0,70412.2381
BTCUSDT,long,2024-06-10 15:15:00+00:00,2024-06-11 01:45:00+00:00,69920.4813,69187.35975999999,6.230729803780792,-4914.579577564576,-1.0966011161752778,stop,69201.2,71359.0439
BTCUSDT,long,2024-06-16 10:30:00+00:00,2024-06-16 22:30:00+00:00,66600.01733999999,66632.37086,5.578195005535717,-116.80425329761093,-0.02620648417967503,time_stop,65801.0,68198.05201999997
BTCUSDT,short,2024-06-17 06:45:00+00:00,2024-06-17 18:00:00+00:00,66094.47846,66973.69206,5.147123637115651,-4799.3884329660505,-1.0769434867698002,stop,66960.3,64362.83537999999
BTCUSDT,short,2024-06-23 16:45:00+00:00,2024-06-24 02:45:00+00:00,63887.31998,62674.492331987996,7.234597876870651,8408.070799859584,1.8969166369864796,target_2r,64500.0,62661.95994
BTCUSDT,long,2024-08-18 02:45:00+00:00,2024-08-18 14:45:00+00:00,60114.0204,59765.14458,3.9030480667409213,-1548.83675203074,-0.3461448226078323,time_stop,58967.6,62406.86120000001
BTCUSDT,long,2024-08-25 22:00:00+00:00,2024-08-26 06:45:00+00:00,64570.71156,63573.582740000005,4.5375226415791055,-4757.077652031218,-1.0649880398803906,stop,63586.3,66539.53468000001
BTCUSDT,short,2024-09-01 02:00:00+00:00,2024-09-01 14:00:00+00:00,58573.38298,57487.89528,5.936535694861736,6168.43570891069,1.3883478875133064,time_stop,59321.8,57076.54894
BTCUSDT,short,2024-09-15 21:00:00+00:00,2024-09-16 09:00:00+00:00,59502.69708,59015.500739999996,5.161914687464756,2270.1536127015197,0.5074276903001556,time_stop,60369.4,57769.29123999999
BTCUSDT,long,2024-09-21 17:00:00+00:00,2024-09-22 05:00:00+00:00,63315.760619999994,62938.4098,4.504292708904419,-1927.1728429417021,-0.42967403969841167,time_stop,62320.0,65307.28185999998
BTCUSDT,short,2024-09-22 09:15:00+00:00,2024-09-22 21:15:00+00:00,62758.4458,63198.83723999999,5.676374653423632,-2785.819099145634,-0.6224513145037365,time_stop,63546.9,61181.5374
BTCUSDT,short,2024-09-30 00:15:00+00:00,2024-09-30 10:00:00+00:00,65192.75884,63472.368455304,5.148782939254352,8592.929136661987,1.9259608323485515,target_2r,66059.3,63459.67652
BTCUSDT,long,2024-10-06 14:15:00+00:00,2024-10-07 01:00:00+00:00,62386.9749,63804.36127506,6.29947574226559,8610.815382660676,1.911561768690212,target_2r,61671.9,63817.1247
BTCUSDT,short,2024-10-13 11:15:00+00:00,2024-10-13 23:15:00+00:00,62583.18086,62676.132719999994,5.171198642965972,-739.7688492546288,-0.16267053891048364,time_stop,63462.6,60824.342580000004
BTCUSDT,short,2024-10-19 16:45:00+00:00,2024-10-20 04:45:00+00:00,68014.3944,68237.54478,4.61031493644115,-1280.0592701147311,-0.2817061466290301,time_stop,69000.0,66043.18320000001
BTCUSDT,long,2024-10-20 08:15:00+00:00,2024-10-20 20:15:00+00:00,68473.79202000001,68620.2732,9.577096555508406,877.6791645050487,0.19342570166544046,time_stop,68000.0,69421.37606000002
BTCUSDT,long,2024-10-27 13:00:00+00:00,2024-10-28 01:00:00+00:00,67592.31576,67845.4282,5.136106947355528,1021.7634664712486,0.22496188738737133,time_stop,66708.0,69360.94728
BTCUSDT,short,2024-11-03 02:00:00+00:00,2024-11-03 14:00:00+00:00,68669.56334000001,68068.51097999999,3.6565461093236573,1997.7800389973786,0.4393574776251606,time_stop,69913.1,66182.49002000001
BTCUSDT,long,2024-11-09 23:15:00+00:00,2024-11-10 04:45:00+00:00,76838.66466,79133.764061204,3.9439008339028945,8805.588525618734,1.9323052508724288,target_2r,75683.2,79149.59397999999
BTCUSDT,short,2024-12-01 02:30:00+00:00,2024-12-01 13:15:00+00:00,95918.41248000001,97319.45999999999,3.330274710897399,-4923.28720458455,-1.0700318637736341,stop,97300.0,93155.23744000004
BTCUSDT,short,2024-12-08 08:45:00+00:00,2024-12-08 13:45:00+00:00,99014.6931,100517.5995,3.086342222122448,-4884.813453949334,-1.0673805989437983,stop,100497.5,96049.07930000001
BTCUSDT,long,2024-12-15 04:15:00+00:00,2024-12-15 16:15:00+00:00,102620.52,103091.07766,2.2089490447293842,857.6753186907501,0.18841619479404823,time_stop,100559.8,106741.96
BTCUSDT,short,2024-12-29 14:30:00+00:00,2024-12-30 02:30:00+00:00,94187.6587,93597.31572,3.0127550256335613,1552.258729673567,0.3406830126453607,time_stop,95700.0,91162.9761
BTCUSDT,short,2025-01-05 14:15:00+00:00,2025-01-05 23:00:00+00:00,97419.21226,98780.65217999999,3.40174170906308,-4898.235465118696,-1.073215341280525,stop,98760.9,94735.83678000001
BTCUSDT,long,2025-01-06 02:00:00+00:00,2025-01-06 14:00:00+00:00,99019.8,99216.75268,2.5321195718267298,297.9242737947369,0.0656281006961189,time_stop,97227.0,102605.40000000001
BTCUSDT,short,2025-01-12 09:30:00+00:00,2025-01-12 15:15:00+00:00,93737.34878000001,95006.9976,3.6309672250109792,-4884.183066938579,-1.075556907506158,stop,94988.0,91236.04634000004
BTCUSDT,long,2025-01-26 04:15:00+00:00,2025-01-26 16:15:00+00:00,105358.66752,104891.91742,3.42672329442217,-1887.6116711758077,-0.41792269790246106,time_stop,104040.6,107994.80256
BTCUSDT,short,2025-02-01 20:00:00+00:00,2025-02-02 08:00:00+00:00,101239.64802,99390.67416,3.014351210589514,5331.548491421662,1.1828920842679622,time_stop,102734.9,98249.14405999999
BTCUSDT,long,2025-02-09 01:45:00+00:00,2025-02-09 13:45:00+00:00,96953.98692000001,95816.33290000001,3.348534828169864,-4067.6733602793465,-0.8971742119399444,time_stop,95600.0,99661.96076000003
BTCUSDT,short,2025-02-16 07:45:00+00:00,2025-02-16 19:45:00+00:00,97187.95852,97040.9043,6.340644818429328,439.80408501957953,0.09744118152823181,time_stop,97899.8,95764.27556
BTCUSDT,short,2025-02-23 10:30:00+00:00,2025-02-23 22:30:00+00:00,96062.38368000001,95798.1558,4.8786229397189596,914.6621050278147,0.20255008490777596,time_stop,96988.0,94211.15104000004
BTCUSDT,short,2025-03-16 11:00:00+00:00,2025-03-16 16:00:00+00:00,83191.15844,84470.29067999999,3.581173735600448,-4820.964693472241,-1.0665128310685612,stop,84453.4,80666.67532000001
BTCUSDT,short,2025-03-22 20:45:00+00:00,2025-03-23 08:45:00+00:00,83879.12082,84315.45972,6.701954142008005,-3375.2162444595738,-0.7506817132348625,time_stop,84550.0,82537.36245999999
BTCUSDT,long,2025-03-23 10:30:00+00:00,2025-03-23 22:30:00+00:00,84487.69416,85284.23974,4.987034671841625,3633.7370168962625,0.8112241638712127,time_stop,83589.5,86284.08248
BTCUSDT,short,2025-04-06 13:45:00+00:00,2025-04-06 18:30:00+00:00,82239.74876,79154.073929256,2.900203454327173,8761.854834225984,1.9481637181655915,target_2r,83790.5,79138.24628
BTCUSDT,short,2025-04-18 15:15:00+00:00,2025-04-19 03:15:00+00:00,84305.83546,84856.968,3.9988070572506196,-2474.452455352484,-0.544877153057885,time_stop,85441.5,82034.50638
BTCUSDT,long,2025-04-19 04:15:00+00:00,2025-04-19 16:15:00+00:00,85062.80916,85062.88402,5.641354559213653,-383.4734301418853,-0.08467195027023146,time_stop,84260.0,86668.42748000001
BTCUSDT,short,2025-04-20 09:15:00+00:00,2025-04-20 21:15:00+00:00,84521.69228,84977.89218,4.198257755025449,-2199.8859459899168,-0.48594638067136703,time_stop,85600.0,82365.07684000001
BTCUSDT,long,2025-04-21 00:00:00+00:00,2025-04-21 12:00:00+00:00,85312.45907999999,87269.84254,3.1972709029304363,6037.568234003183,1.3369240681663006,time_stop,83900.0,88137.37723999996
BTCUSDT,short,2025-04-27 05:15:00+00:00,2025-04-27 17:15:00+00:00,93728.05064,94028.90202000001,2.928406089351519,-1100.9464545768808,-0.24216838935345864,time_stop,95280.5,90623.15192
BTCUSDT,short,2025-04-28 01:15:00+00:00,2025-04-28 07:30:00+00:00,92976.70094000001,94728.14184,2.6208945977500346,-4787.123836453872,-1.0542706078651494,stop,94709.2,89511.70282000003
BTCUSDT,short,2025-05-04 01:30:00+00:00,2025-05-04 13:30:00+00:00,95613.07356,95225.74134,4.325462021224743,1345.2043887965197,0.2978249564720959,time_stop,96657.3,93524.62068
BTCUSDT,long,2025-05-18 07:45:00+00:00,2025-05-18 19:45:00+00:00,103913.77859999999,103813.2332,3.4196862798677916,-627.9782097679365,-0.1388261079518443,time_stop,102591.0,106559.33579999997
