condition,condition_desc,action,action_family,sample_size,train_samples,validation_samples,test_samples,baseline_mode,delta_adverse_mean,delta_adverse_ci_low,delta_adverse_ci_high,delta_opportunity_mean,delta_opportunity_ci_low,delta_opportunity_ci_high,delta_exposure_mean,gate_a_ci_separated,gate_b_time_stable,gate_b_year_signs,gate_c_regime_stable,gate_c_stable_splits,gate_c_required_splits,gate_d_friction_floor,opportunity_forward_mean,opportunity_tail_mean,opportunity_composite_mean,opportunity_cost_mean,net_benefit_mean,gate_f_exposure_guard,gate_g_net_benefit,gate_e_simplicity,validation_delta_adverse_mean,test_delta_adverse_mean,test_t_stat,test_p_value,test_p_value_adj_bh,gate_oos_validation_test,gate_multiplicity,gate_pass,gate_all,fail_reasons
all,all events,no_action,baseline,147,88,29,30,matched_controls_excess,0.0,0.0,0.0,0.0,0.0,0.0,0.0,False,False,all_zero,False,0,2,False,0.01558532353902998,0.008318242229498346,0.011951782884264163,0.0,-0.0,True,True,True,0.0,0.0,,,1.0,False,False,False,False,"gate_a_ci,gate_b_time,gate_c_regime,gate_d_friction,gate_oos_validation_test,gate_multiplicity"
all,all events,entry_gate_skip,entry_gating,147,88,29,30,matched_controls_excess,-0.43257336903324217,-0.45884209451032426,-0.4034409296256385,-0.008318242229498346,-0.01170923946630604,-0.005403760443292247,-1.0,True,True,"-1,-1,-1,-1,-1,-1",True,3,2,True,0.01558532353902998,0.008318242229498346,0.011951782884264163,0.008318242229498346,0.42425512680374383,False,True,True,-0.4438806173505321,-0.42961821060579763,-13.893646041833714,0.0,0.0,True,True,False,False,gate_f_exposure_guard
all,all events,risk_throttle_0.5,risk_throttle,147,88,29,30,matched_controls_excess,-0.21628668451662109,-0.2299316424170335,-0.20222890617980083,-0.004159121114749173,-0.006028667016840421,-0.002740442472791519,-0.5,True,True,"-1,-1,-1,-1,-1,-1",True,3,2,True,0.01558532353902998,0.008318242229498346,0.011951782884264163,0.004159121114749173,0.21212756340187192,True,True,True,-0.22194030867526604,-0.21480910530289882,-13.893646041833714,0.0,0.0,True,True,True,True,
all,all events,risk_throttle_0,risk_throttle,147,88,29,30,matched_controls_excess,-0.43257336903324217,-0.4582376344707999,-0.4060811481319679,-0.008318242229498346,-0.01190128870621309,-0.005368562679278379,-1.0,True,True,"-1,-1,-1,-1,-1,-1",True,3,2,True,0.01558532353902998,0.008318242229498346,0.011951782884264163,0.008318242229498346,0.42425512680374383,False,True,True,-0.4438806173505321,-0.42961821060579763,-13.893646041833714,0.0,0.0,True,True,False,False,gate_f_exposure_guard
all,all events,delay_0,timing,147,88,29,30,matched_controls_excess,0.0,0.0,0.0,0.0,0.0,0.0,0.0,False,False,all_zero,False,0,2,False,0.01558532353902998,0.008318242229498346,0.011951782884264163,0.0,-0.0,True,True,True,0.0,0.0,,,1.0,False,False,False,False,"gate_a_ci,gate_b_time,gate_c_regime,gate_d_friction,gate_oos_validation_test,gate_multiplicity"
all,all events,delay_8,timing,147,88,29,30,matched_controls_excess,-0.2607838323704655,-0.30240167300683013,-0.2191605093963239,-0.0006931868524581954,-0.0009793562260489981,-0.0004447417745973276,-0.08333333333333333,True,True,"-1,-1,-1,-1,-1,-1",True,3,2,True,0.01558532353902998,0.008318242229498346,0.011951782884264163,0.0006931868524581954,0.2600906455180073,True,True,True,-0.2430550628393681,-0.3112876390324971,-7.021161751540462,2.2004620348070603e-12,5.134411414549807e-12,True,True,True,True,
all,all events,delay_30,timing,147,88,29,30,matched_controls_excess,-0.39821198834888966,-0.4302309297412,-0.3671948783279707,-0.002599450696718233,-0.003652625212558966,-0.001672533909503463,-0.3125,True,True,"-1,-1,-1,-1,-1,-1",True,3,2,True,0.01558532353902998,0.008318242229498346,0.011951782884264163,0.002599450696718233,0.3956125376521714,True,True,True,-0.3766958342590366,-0.3608044304274856,-8.80663309338514,0.0,0.0,True,True,True,True,
all,all events,reenable_at_half_life,timing,147,88,29,30,matched_controls_excess,-0.3871766504476698,-0.4221798953933744,-0.3525041053180505,-0.0013024161622397325,-0.0020441066964219075,-0.0007163208089794068,-0.12634637188208617,True,True,"-1,-1,-1,-1,-1,-1",True,3,2,True,0.01558532353902998,0.008318242229498346,0.011951782884264163,0.0013024161622397325,0.38587423428543005,True,True,True,-0.3766958342590366,-0.34277246137483813,-8.125343810372737,4.440892098500626e-16,1.3088945132422897e-15,True,True,True,True,
symbol_BTCUSDT,symbol == BTCUSDT,no_action,baseline,147,88,29,30,matched_controls_excess,0.0,0.0,0.0,0.0,0.0,0.0,0.0,False,False,all_zero,False,0,2,False,0.01558532353902998,0.008318242229498346,0.011951782884264163,0.0,-0.0,True,True,True,0.0,0.0,,,1.0,False,False,False,False,"gate_a_ci,gate_b_time,gate_c_regime,gate_d_friction,gate_oos_validation_test,gate_multiplicity"
symbol_BTCUSDT,symbol == BTCUSDT,entry_gate_skip,entry_gating,147,88,29,30,matched_controls_excess,-0.43257336903324217,-0.46146213738785435,-0.4037055810429445,-0.008318242229498346,-0.011584715011155025,-0.0055073040724530195,-1.0,True,True,"-1,-1,-1,-1,-1,-1",True,2,2,True,0.01558532353902998,0.008318242229498346,0.011951782884264163,0.008318242229498346,0.42425512680374383,False,True,True,-0.4438806173505321,-0.42961821060579763,-13.893646041833714,0.0,0.0,True,True,False,False,gate_f_exposure_guard
symbol_BTCUSDT,symbol == BTCUSDT,risk_throttle_0.5,risk_throttle,147,88,29,30,matched_controls_excess,-0.21628668451662109,-0.23109115874086691,-0.20281227721487669,-0.004159121114749173,-0.005899008747502742,-0.0027680609721823075,-0.5,True,True,"-1,-1,-1,-1,-1,-1",True,2,2,True,0.01558532353902998,0.008318242229498346,0.011951782884264163,0.004159121114749173,0.21212756340187192,True,True,True,-0.22194030867526604,-0.21480910530289882,-13.893646041833714,0.0,0.0,True,True,True,True,
symbol_BTCUSDT,symbol == BTCUSDT,risk_throttle_0,risk_throttle,147,88,29,30,matched_controls_excess,-0.43257336903324217,-0.46145080433382357,-0.4041794325573671,-0.008318242229498346,-0.01178603775182011,-0.0054092980220075484,-1.0,True,True,"-1,-1,-1,-1,-1,-1",True,2,2,True,0.01558532353902998,0.008318242229498346,0.011951782884264163,0.008318242229498346,0.42425512680374383,False,True,True,-0.4438806173505321,-0.42961821060579763,-13.893646041833714,0.0,0.0,True,True,False,False,gate_f_exposure_guard
symbol_BTCUSDT,symbol == BTCUSDT,delay_0,timing,147,88,29,30,matched_controls_excess,0.0,0.0,0.0,0.0,0.0,0.0,0.0,False,False,all_zero,False,0,2,False,0.01558532353902998,0.008318242229498346,0.011951782884264163,0.0,-0.0,True,True,True,0.0,0.0,,,1.0,False,False,False,False,"gate_a_ci,gate_b_time,gate_c_regime,gate_d_friction,gate_oos_validation_test,gate_multiplicity"
symbol_BTCUSDT,symbol == BTCUSDT,delay_8,timing,147,88,29,30,matched_controls_excess,-0.2607838323704655,-0.302013733592978,-0.22247196747530368,-0.0006931868524581954,-0.000992829148588101,-0.0004709901029280756,-0.08333333333333333,True,True,"-1,-1,-1,-1,-1,-1",True,2,2,True,0.01558532353902998,0.008318242229498346,0.011951782884264163,0.0006931868524581954,0.2600906455180073,True,True,True,-0.2430550628393681,-0.3112876390324971,-7.021161751540462,2.2004620348070603e-12,5.134411414549807e-12,True,True,True,True,
symbol_BTCUSDT,symbol == BTCUSDT,delay_30,timing,147,88,29,30,matched_controls_excess,-0.39821198834888966,-0.429945908090625,-0.36532783229019,-0.002599450696718233,-0.003675081542138807,-0.0017677389391901814,-0.3125,True,True,"-1,-1,-1,-1,-1,-1",True,2,2,True,0.01558532353902998,0.008318242229498346,0.011951782884264163,0.002599450696718233,0.3956125376521714,True,True,True,-0.3766958342590366,-0.3608044304274856,-8.80663309338514,0.0,0.0,True,True,True,True,
symbol_BTCUSDT,symbol == BTCUSDT,reenable_at_half_life,timing,147,88,29,30,matched_controls_excess,-0.3871766504476698,-0.4199967877365243,-0.3539694491094852,-0.0013024161622397325,-0.0020143736100764515,-0.0007597840860962187,-0.12634637188208617,True,True,"-1,-1,-1,-1,-1,-1",True,2,2,True,0.01558532353902998,0.008318242229498346,0.011951782884264163,0.0013024161622397325,0.38587423428543005,True,True,True,-0.3766958342590366,-0.34277246137483813,-8.125343810372737,4.440892098500626e-16,1.3088945132422897e-15,True,True,True,True,
bull_bear_bear,bull_bear == bear,no_action,baseline,75,42,14,19,matched_controls_excess,0.0,0.0,0.0,0.0,0.0,0.0,0.0,False,False,all_zero,False,0,2,False,0.01738802501827949,0.010575897074169623,0.013981961046224557,0.0,-0.0,True,True,True,0.0,0.0,,,1.0,False,False,False,False,"gate_a_ci,gate_b_time,gate_c_regime,gate_d_friction,gate_oos_validation_test,gate_multiplicity"
bull_bear_bear,bull_bear == bear,entry_gate_skip,entry_gating,75,42,14,19,matched_controls_excess,-0.47170455291107394,-0.499549311233682,-0.44029911312983716,-0.010575897074169623,-0.017299352989059057,-0.0061114170401927286,-1.0,True,True,"-1,-1,-1,-1,-1,-1",True,2,2,True,0.01738802501827949,0.010575897074169623,0.013981961046224557,0.010575897074169623,0.4611286558369043,False,True,True,-0.4672528119726202,-0.469918028195913,-18.177729138508298,0.0,0.0,True,True,False,False,gate_f_exposure_guard
bull_bear_bear,bull_bear == bear,risk_throttle_0.5,risk_throttle,75,42,14,19,matched_controls_excess,-0.23585227645553697,-0.24986650053850148,-0.21920812690961375,-0.005287948537084811,-0.008488228413554138,-0.003061088651994547,-0.5,True,True,"-1,-1,-1,-1,-1,-1",True,2,2,True,0.01738802501827949,0.010575897074169623,0.013981961046224557,0.005287948537084811,0.23056432791845216,True,True,True,-0.2336264059863101,-0.2349590140979565,-18.177729138508298,0.0,0.0,True,True,True,True,
bull_bear_bear,bull_bear == bear,risk_throttle_0,risk_throttle,75,42,14,19,matched_controls_excess,-0.47170455291107394,-0.49950282210747393,-0.4414309039731636,-0.010575897074169623,-0.017038274185466454,-0.005927693039051838,-1.0,True,True,"-1,-1,-1,-1,-1,-1",True,2,2,True,0.01738802501827949,0.010575897074169623,0.013981961046224557,0.010575897074169623,0.4611286558369043,False,True,True,-0.4672528119726202,-0.469918028195913,-18.177729138508298,0.0,0.0,True,True,False,False,gate_f_exposure_guard
bull_bear_bear,bull_bear == bear,delay_0,timing,75,42,14,19,matched_controls_excess,0.0,0.0,0.0,0.0,0.0,0.0,0.0,False,False,all_zero,False,0,2,False,0.01738802501827949,0.010575897074169623,0.013981961046224557,0.0,-0.0,True,True,True,0.0,0.0,,,1.0,False,False,False,False,"gate_a_ci,gate_b_time,gate_c_regime,gate_d_friction,gate_oos_validation_test,gate_multiplicity"
bull_bear_bear,bull_bear == bear,delay_8,timing,75,42,14,19,matched_controls_excess,-0.2883596079216881,-0.344079057885292,-0.22789279139301682,-0.0008813247561808016,-0.0014018824237803072,-0.0005234434323809033,-0.08333333333333331,True,True,"-1,-1,-1,-1,-1,-1",True,2,2,True,0.01738802501827949,0.010575897074169623,0.013981961046224557,0.0008813247561808016,0.2874782831655073,True,True,True,-0.3250405371703396,-0.30561155692247527,-5.489385764641052,4.0333387074653615e-08,8.523281796907933e-08,True,True,True,True,
bull_bear_bear,bull_bear == bear,delay_30,timing,75,42,14,19,matched_controls_excess,-0.43198489128650513,-0.4697572486543746,-0.3860567927872245,-0.0033049678356780075,-0.0052016740377974924,-0.0018910074557286177,-0.3125,True,True,"-1,-1,-1,-1,-1,-1",True,2,2,True,0.01738802501827949,0.010575897074169623,0.013981961046224557,0.0033049678356780075,0.4286799234508271,True,True,True,-0.42770188446444657,-0.36263611363050324,-6.9806096393385,2.9389823907877144e-12,6.7176740360862044e-12,True,True,True,True,
bull_bear_bear,bull_bear == bear,reenable_at_half_life,timing,75,42,14,19,matched_controls_excess,-0.4172033004518985,-0.4595117373342373,-0.371858740918036,-0.0015741321295636437,-0.002763237498817288,-0.0007390407942022783,-0.12430555555555554,True,True,"-1,-1,-1,-1,-1,-1",True,2,2,True,0.01738802501827949,0.010575897074169623,0.013981961046224557,0.0015741321295636437,0.4156291683223349,True,True,True,-0.42770188446444657,-0.33416458354737566,-6.1574721883122825,7.391522949262708e-10,1.5920203275335063e-09,True,True,True,True,
bull_bear_bull,bull_bear == bull,no_action,baseline,72,46,15,11,matched_controls_excess,0.0,0.0,0.0,0.0,0.0,0.0,0.0,False,False,all_zero,False,0,2,False,0.01370750949814508,0.005966518432965766,0.009837013965555422,0.0,-0.0,True,True,True,0.0,0.0,,,1.0,False,False,False,False,"gate_a_ci,gate_b_time,gate_c_regime,gate_d_friction,gate_oos_validation_test,gate_multiplicity"
bull_bear_bull,bull_bear == bull,entry_gate_skip,entry_gating,72,46,15,11,matched_controls_excess,-0.39181171916050084,-0.4345499066980832,-0.34520010621019437,-0.005966518432965766,-0.009489903260082456,-0.0028345505868332854,-1.0,True,True,"-1,-1,-1,-1,-1,-1",True,2,2,True,0.01370750949814508,0.005966518432965766,0.009837013965555422,0.005966518432965766,0.3858452007275351,False,True,True,-0.4220665690365833,-0.3600094347683256,-5.240382870087185,1.6024377380574606e-07,3.041915706142976e-07,True,True,False,False,gate_f_exposure_guard
bull_bear_bull,bull_bear == bull,risk_throttle_0.5,risk_throttle,72,46,15,11,matched_controls_excess,-0.19590585958025042,-0.219734272589861,-0.17289012631792913,-0.002983259216482883,-0.004800813939099247,-0.001489265785440936,-0.5,True,True,"-1,-1,-1,-1,-1,-1",True,2,2,True,0.01370750949814508,0.005966518432965766,0.009837013965555422,0.002983259216482883,0.19292260036376754,True,True,True,-0.21103328451829165,-0.1800047173841628,-5.240382870087185,1.6024377380574606e-07,3.041915706142976e-07,True,True,True,True,
bull_bear_bull,bull_bear == bull,risk_throttle_0,risk_throttle,72,46,15,11,matched_controls_excess,-0.39181171916050084,-0.4392662582901096,-0.3473638935419765,-0.005966518432965766,-0.00955349476122898,-0.0029026918126889454,-1.0,True,True,"-1,-1,-1,-1,-1,-1",True,2,2,True,0.01370750949814508,0.005966518432965766,0.009837013965555422,0.005966518432965766,0.3858452007275351,False,True,True,-0.4220665690365833,-0.3600094347683256,-5.240382870087185,1.6024377380574606e-07,3.041915706142976e-07,True,True,False,False,gate_f_exposure_guard
bull_bear_bull,bull_bear == bull,delay_0,timing,72,46,15,11,matched_controls_excess,0.0,0.0,0.0,0.0,0.0,0.0,0.0,False,False,all_zero,False,0,2,False,0.01370750949814508,0.005966518432965766,0.009837013965555422,0.0,-0.0,True,True,True,0.0,0.0,,,1.0,False,False,False,False,"gate_a_ci,gate_b_time,gate_c_regime,gate_d_friction,gate_oos_validation_test,gate_multiplicity"
bull_bear_bull,bull_bear == bull,delay_8,timing,72,46,15,11,matched_controls_excess,-0.23205906617127528,-0.29083598426022983,-0.1765785809026635,-0.0004972098694138137,-0.0008007548521664282,-0.0002546525901608185,-0.08333333333333333,True,True,"-1,-1,-1,-1,-1,-1",True,2,2,True,0.01370750949814508,0.005966518432965766,0.009837013965555422,0.0004972098694138137,0.23156185630186146,True,True,True,-0.16653528679712803,-0.32109178085889833,-4.182145881529751,2.887705771259519e-05,4.900349187591911e-05,True,True,True,True,
bull_bear_bull,bull_bear == bull,delay_30,timing,72,46,15,11,matched_controls_excess,-0.363031881122207,-0.4161244422389803,-0.3090769217221207,-0.001864537010301802,-0.003097792494504135,-0.0009629002546176822,-0.3125,True,True,"-1,-1,-1,-1,-1,-1",True,2,2,True,0.01370750949814508,0.005966518432965766,0.009837013965555422,0.001864537010301802,0.3611673441119052,True,True,True,-0.32909018740065377,-0.3576406139859097,-5.117834063657033,3.0906432679778106e-07,5.674623705139587e-07,True,True,True,True,
bull_bear_bull,bull_bear == bull,reenable_at_half_life,timing,72,46,15,11,matched_controls_excess,-0.35589889002659825,-0.40642249772561595,-0.3022226347497974,-0.0010193786962773245,-0.0018898985395739637,-0.0004228309844301043,-0.1284722222222222,True,True,"-1,-1,-1,-1,-1,-1",True,2,2,True,0.01370750949814508,0.005966518432965766,0.009837013965555422,0.0010193786962773245,0.3548795113303209,True,True,True,-0.32909018740065377,-0.3576406139859097,-5.117834063657033,3.0906432679778106e-07,5.674623705139587e-07,True,True,True,True,
vol_regime_high,vol_regime == high,no_action,baseline,41,31,4,6,matched_controls_excess,0.0,0.0,0.0,0.0,0.0,0.0,0.0,False,False,all_zero,False,0,2,False,0.026511302112293782,0.016089159268581427,0.021300230690437606,0.0,-0.0,True,True,True,0.0,0.0,,,1.0,False,False,False,False,"gate_a_ci,gate_b_time,gate_c_regime,gate_d_friction,gate_oos_validation_test,gate_multiplicity"
vol_regime_high,vol_regime == high,entry_gate_skip,entry_gating,41,31,4,6,matched_controls_excess,-0.43718675135075996,-0.4874454173290495,-0.37527250983049054,-0.016089159268581427,-0.02709656206741432,-0.007821673007883936,-1.0,True,True,"-1,-1,-1,-1,-1,-1",True,2,2,True,0.026511302112293782,0.016089159268581427,0.021300230690437606,0.016089159268581427,0.42109759208217856,False,True,True,-0.49257109443859104,-0.44443935090820036,-5.296142251643951,1.1827471357861441e-07,2.3654942715722882e-07,True,True,False,False,gate_f_exposure_guard
vol_regime_high,vol_regime == high,risk_throttle_0.5,risk_throttle,41,31,4,6,matched_controls_excess,-0.21859337567537998,-0.24448343556216096,-0.18682752939071384,-0.008044579634290713,-0.013595390131359391,-0.003888749605638046,-0.5,True,True,"-1,-1,-1,-1,-1,-1",True,2,2,True,0.026511302112293782,0.016089159268581427,0.021300230690437606,0.008044579634290713,0.21054879604108928,True,True,True,-0.24628554721929552,-0.22221967545410018,-5.296142251643951,1.1827471357861441e-07,2.3654942715722882e-07,True,True,True,True,
vol_regime_high,vol_regime == high,risk_throttle_0,risk_throttle,41,31,4,6,matched_controls_excess,-0.43718675135075996,-0.4889859832096737,-0.37440794682518963,-0.016089159268581427,-0.026277969625547213,-0.008219884246119503,-1.0,True,True,"-1,-1,-1,-1,-1,-1",True,2,2,True,0.026511302112293782,0.016089159268581427,0.021300230690437606,0.016089159268581427,0.42109759208217856,False,True,True,-0.49257109443859104,-0.44443935090820036,-5.296142251643951,1.1827471357861441e-07,2.3654942715722882e-07,True,True,False,False,gate_f_exposure_guard
vol_regime_high,vol_regime == high,delay_0,timing,41,31,4,6,matched_controls_excess,0.0,0.0,0.0,0.0,0.0,0.0,0.0,False,False,all_zero,False,0,2,False,0.026511302112293782,0.016089159268581427,0.021300230690437606,0.0,-0.0,True,True,True,0.0,0.0,,,1.0,False,False,False,False,"gate_a_ci,gate_b_time,gate_c_regime,gate_d_friction,gate_oos_validation_test,gate_multiplicity"
vol_regime_high,vol_regime == high,delay_8,timing,41,31,4,6,matched_controls_excess,-0.2512985313422754,-0.3277956691834165,-0.174513650845711,-0.0013407632723817858,-0.0022469931887529686,-0.0006786851970487219,-0.08333333333333333,True,True,"-1,-1,-1,-1,-1,-1",True,2,2,True,0.026511302112293782,0.016089159268581427,0.021300230690437606,0.0013407632723817858,0.24995776806989364,True,True,True,-0.26022205554008787,-0.25840753929976024,-2.2353949189628213,0.025391433395700602,0.03599798152301858,True,True,True,True,
vol_regime_high,vol_regime == high,delay_30,timing,41,31,4,6,matched_controls_excess,-0.42066689749835673,-0.4749138649074947,-0.3542493088861017,-0.005027862271431697,-0.008605053151789341,-0.00257450052331604,-0.3125,True,True,"-1,-1,-1,-1,-1,-1",True,2,2,True,0.026511302112293782,0.016089159268581427,0.021300230690437606,0.005027862271431697,0.415639035226925,True,True,True,-0.49257109443859104,-0.34882545694527795,-3.159092914386092,0.0015826102590290603,0.0024965119579049965,True,True,True,True,
vol_regime_high,vol_regime == high,reenable_at_half_life,timing,41,31,4,6,matched_controls_excess,-0.40682152576625746,-0.47399067023311436,-0.3367399618105948,-0.00254933931680872,-0.004485040172253557,-0.0010771640872412227,-0.1265243902439024,True,True,"-1,-1,-1,-1,-1,-1",True,2,2,True,0.026511302112293782,0.016089159268581427,0.021300230690437606,0.00254933931680872,0.40427218644944873,True,True,True,-0.49257109443859104,-0.34882545694527795,-3.159092914386092,0.0015826102590290603,0.0024965119579049965,True,True,True,True,
vol_regime_low,vol_regime == low,no_action,baseline,106,57,25,24,matched_controls_excess,0.0,0.0,0.0,0.0,0.0,0.0,0.0,False,False,all_zero,False,0,2,False,0.01135923748710719,0.0053125101672114915,0.008335873827159342,0.0,-0.0,True,True,True,0.0,0.0,,,1.0,False,False,False,False,"gate_a_ci,gate_b_time,gate_c_regime,gate_d_friction,gate_oos_validation_test,gate_multiplicity"
vol_regime_low,vol_regime == low,entry_gate_skip,entry_gating,106,57,25,24,matched_controls_excess,-0.4307889475708061,-0.4605450831203426,-0.396640793339804,-0.0053125101672114915,-0.0075292190621327,-0.0034088292697296457,-1.0,True,True,"-1,-1,-1,-1,-1,-1",True,2,2,True,0.01135923748710719,0.0053125101672114915,0.008335873827159342,0.0053125101672114915,0.4254764374035946,False,True,True,-0.4360901410164428,-0.42591292553019694,-12.719266514067453,0.0,0.0,True,True,False,False,gate_f_exposure_guard
vol_regime_low,vol_regime == low,risk_throttle_0.5,risk_throttle,106,57,25,24,matched_controls_excess,-0.21539447378540305,-0.23110261871981447,-0.19885656800967721,-0.0026562550836057458,-0.003896815806610726,-0.0016639619015127362,-0.5,True,True,"-1,-1,-1,-1,-1,-1",True,2,2,True,0.01135923748710719,0.0053125101672114915,0.008335873827159342,0.0026562550836057458,0.2127382187017973,True,True,True,-0.2180450705082214,-0.21295646276509847,-12.719266514067453,0.0,0.0,True,True,True,True,
vol_regime_low,vol_regime == low,risk_throttle_0,risk_throttle,106,57,25,24,matched_controls_excess,-0.4307889475708061,-0.46157771480790927,-0.3974656759722823,-0.0053125101672114915,-0.007769572656941774,-0.0033161648350139325,-1.0,True,True,"-1,-1,-1,-1,-1,-1",True,2,2,True,0.01135923748710719,0.0053125101672114915,0.008335873827159342,0.0053125101672114915,0.4254764374035946,False,True,True,-0.4360901410164428,-0.42591292553019694,-12.719266514067453,0.0,0.0,True,True,False,False,gate_f_exposure_guard
vol_regime_low,vol_regime == low,delay_0,timing,106,57,25,24,matched_controls_excess,0.0,0.0,0.0,0.0,0.0,0.0,0.0,False,False,all_zero,False,0,2,False,0.01135923748710719,0.0053125101672114915,0.008335873827159342,0.0,-0.0,True,True,True,0.0,0.0,,,1.0,False,False,False,False,"gate_a_ci,gate_b_time,gate_c_regime,gate_d_friction,gate_oos_validation_test,gate_multiplicity"
vol_regime_low,vol_regime == low,delay_8,timing,106,57,25,24,matched_controls_excess,-0.26445267522099186,-0.3123617914643918,-0.21648349082285062,-0.0004427091806009577,-0.0006544501494008011,-0.00027574162112199864,-0.08333333333333334,True,True,"-1,0,-1,-1,-1,-1",True,2,2,True,0.01135923748710719,0.0053125101672114915,0.008335873827159342,0.0004427091806009577,0.2640099660403909,True,True,True,-0.24030834400725293,-0.32450766396568126,-6.717285573301665,1.851407915864911e-11,4.147153731537401e-11,True,True,True,True,
vol_regime_low,vol_regime == low,delay_30,timing,106,57,25,24,matched_controls_excess,-0.3895265989608883,-0.42687038561816365,-0.3488462499211101,-0.0016601594272535915,-0.0023498721523065058,-0.0009942044765169412,-0.3125,True,True,"-1,-1,-1,-1,-1,-1",True,2,2,True,0.01135923748710719,0.0053125101672114915,0.008335873827159342,0.0016601594272535915,0.3878664395336347,True,True,True,-0.35815579263030783,-0.3637991737980375,-8.173933427857682,4.440892098500626e-16,1.3088945132422897e-15,True,True,True,True,
vol_regime_low,vol_regime == low,reenable_at_half_life,timing,106,57,25,24,matched_controls_excess,-0.37957816093765,-0.41717835275848447,-0.33893994045423337,-0.0008201156967932373,-0.0013756743629695885,-0.0004249158508603357,-0.12627751572327042,True,True,"-1,-1,-1,-1,-1,-1",True,2,2,True,0.01135923748710719,0.0053125101672114915,0.008335873827159342,0.0008201156967932373,0.37875804524085677,True,True,True,-0.35815579263030783,-0.3412592124822282,-7.374013883986173,1.6564527527407336e-13,4.122726851265826e-13,True,True,True,True,
session_asia,"enter hour in [0,7]",no_action,baseline,42,24,8,10,matched_controls_excess,0.0,0.0,0.0,0.0,0.0,0.0,0.0,False,False,all_zero,False,0,2,False,0.012063913022214398,0.006555761901807594,0.009309837462010997,0.0,-0.0,True,True,True,0.0,0.0,,,1.0,False,False,False,False,"gate_a_ci,gate_b_time,gate_c_regime,gate_d_friction,gate_oos_validation_test,gate_multiplicity"
session_asia,"enter hour in [0,7]",entry_gate_skip,entry_gating,42,24,8,10,matched_controls_excess,-0.444930895004051,-0.49354467501970933,-0.3887530309255643,-0.006555761901807594,-0.010071651123763214,-0.0034482693790937767,-1.0,True,True,"-1,-1,-1,-1,-1,-1",True,3,2,True,0.012063913022214398,0.006555761901807594,0.009309837462010997,0.006555761901807594,0.4383751331022434,False,True,True,-0.5089425747930574,-0.36786625237281634,-4.90222220272437,9.475856337370914e-07,1.65827485903991e-06,True,True,False,False,gate_f_exposure_guard
session_asia,"enter hour in [0,7]",risk_throttle_0.5,risk_throttle,42,24,8,10,matched_controls_excess,-0.2224654475020255,-0.2485248281582352,-0.19310461083369437,-0.003277880950903797,-0.004897345996634668,-0.0017486482873523572,-0.5,True,True,"-1,-1,-1,-1,-1,-1",True,3,2,True,0.012063913022214398,0.006555761901807594,0.009309837462010997,0.003277880950903797,0.2191875665511217,True,True,True,-0.2544712873965287,-0.18393312618640817,-4.90222220272437,9.475856337370914e-07,1.65827485903991e-06,True,True,True,True,
session_asia,"enter hour in [0,7]",risk_throttle_0,risk_throttle,42,24,8,10,matched_controls_excess,-0.444930895004051,-0.4970619448009851,-0.38650922226852813,-0.006555761901807594,-0.01028123681813713,-0.0032702579523441497,-1.0,True,True,"-1,-1,-1,-1,-1,-1",True,3,2,True,0.012063913022214398,0.006555761901807594,0.009309837462010997,0.006555761901807594,0.4383751331022434,False,True,True,-0.5089425747930574,-0.36786625237281634,-4.90222220272437,9.475856337370914e-07,1.65827485903991e-06,True,True,False,False,gate_f_exposure_guard
session_asia,"enter hour in [0,7]",delay_0,timing,42,24,8,10,matched_controls_excess,0.0,0.0,0.0,0.0,0.0,0.0,0.0,False,False,all_zero,False,0,2,False,0.012063913022214398,0.006555761901807594,0.009309837462010997,0.0,-0.0,True,True,True,0.0,0.0,,,1.0,False,False,False,False,"gate_a_ci,gate_b_time,gate_c_regime,gate_d_friction,gate_oos_validation_test,gate_multiplicity"
session_asia,"enter hour in [0,7]",delay_8,timing,42,24,8,10,matched_controls_excess,-0.27072617127455484,-0.3476188632552436,-0.19618220345064002,-0.0005463134918172994,-0.0008432868994820458,-0.0002813421134978828,-0.08333333333333333,True,True,"-1,-1,-1,-1,-1,-1",True,3,2,True,0.012063913022214398,0.006555761901807594,0.009309837462010997,0.0005463134918172994,0.27017985778273756,True,True,True,-0.4398584809465659,-0.2025055935083791,-2.4489208581596267,0.014328492749140498,0.020574245998765842,True,True,True,True,
session_asia,"enter hour in [0,7]",delay_30,timing,42,24,8,10,matched_controls_excess,-0.3843410913792187,-0.4533790919648703,-0.3076490074331607,-0.0020486755943148736,-0.0031156882520262594,-0.0010806665148317377,-0.3125,True,True,"-1,-1,-1,-1,-1,-1",True,3,2,True,0.012063913022214398,0.006555761901807594,0.009309837462010997,0.0020486755943148736,0.3822924157849038,True,True,True,-0.4398584809465659,-0.2025055935083791,-2.4489208581596267,0.014328492749140498,0.020574245998765842,True,True,True,True,
session_asia,"enter hour in [0,7]",reenable_at_half_life,timing,42,24,8,10,matched_controls_excess,-0.37082537135502663,-0.43849084640819547,-0.2964909432597101,-0.0007740427734775236,-0.0012696003937148666,-0.0003421382928221256,-0.11334325396825395,True,True,"-1,-1,-1,-1,-1,-1",True,3,2,True,0.012063913022214398,0.006555761901807594,0.009309837462010997,0.0007740427734775236,0.3700513285815491,True,True,True,-0.4398584809465659,-0.2025055935083791,-2.4489208581596267,0.014328492749140498,0.020574245998765842,True,True,True,True,
session_eu,"enter hour in [8,15]",no_action,baseline,51,33,9,9,matched_controls_excess,0.0,0.0,0.0,0.0,0.0,0.0,0.0,False,False,all_zero,False,0,2,False,0.020515525800544204,0.011546744416054425,0.016031135108299316,0.0,-0.0,True,True,True,0.0,0.0,,,1.0,False,False,False,False,"gate_a_ci,gate_b_time,gate_c_regime,gate_d_friction,gate_oos_validation_test,gate_multiplicity"
session_eu,"enter hour in [8,15]",entry_gate_skip,entry_gating,51,33,9,9,matched_controls_excess,-0.43592308078086084,-0.47641537672184503,-0.38405066626127626,-0.011546744416054425,-0.020296022778378706,-0.0051636586764357275,-1.0,True,True,"-1,-1,-1,-1,-1,-1",True,3,2,True,0.020515525800544204,0.011546744416054425,0.016031135108299316,0.011546744416054425,0.42437633636480643,False,True,True,-0.3916390531688574,-0.4202204345974872,-7.595938857657766,3.064215547965432e-14,7.799821394821099e-14,True,True,False,False,gate_f_exposure_guard
session_eu,"enter hour in [8,15]",risk_throttle_0.5,risk_throttle,51,33,9,9,matched_controls_excess,-0.21796154039043042,-0.23972860295026882,-0.19532941183353675,-0.005773372208027212,-0.01019287548671446,-0.002440675171344935,-0.5,True,True,"-1,-1,-1,-1,-1,-1",True,3,2,True,0.020515525800544204,0.011546744416054425,0.016031135108299316,0.005773372208027212,0.21218816818240321,True,True,True,-0.1958195265844287,-0.2101102172987436,-7.595938857657766,3.064215547965432e-14,7.799821394821099e-14,True,True,True,True,
session_eu,"enter hour in [8,15]",risk_throttle_0,risk_throttle,51,33,9,9,matched_controls_excess,-0.43592308078086084,-0.48041494354243786,-0.38781604310008067,-0.011546744416054425,-0.020026725208573803,-0.005039872273971039,-1.0,True,True,"-1,-1,-1,-1,-1,-1",True,3,2,True,0.020515525800544204,0.011546744416054425,0.016031135108299316,0.011546744416054425,0.42437633636480643,False,True,True,-0.3916390531688574,-0.4202204345974872,-7.595938857657766,3.064215547965432e-14,7.799821394821099e-14,True,True,False,False,gate_f_exposure_guard
session_eu,"enter hour in [8,15]",delay_0,timing,51,33,9,9,matched_controls_excess,0.0,0.0,0.0,0.0,0.0,0.0,0.0,False,False,all_zero,False,0,2,False,0.020515525800544204,0.011546744416054425,0.016031135108299316,0.0,-0.0,True,True,True,0.0,0.0,,,1.0,False,False,False,False,"gate_a_ci,gate_b_time,gate_c_regime,gate_d_friction,gate_oos_validation_test,gate_multiplicity"
session_eu,"enter hour in [8,15]",delay_8,timing,51,33,9,9,matched_controls_excess,-0.26256811928838414,-0.3413064323048704,-0.19960077950241015,-0.0009622287013378686,-0.001709177438500543,-0.00039524370987418297,-0.08333333333333331,True,True,"-1,-1,-1,-1,-1,-1",True,3,2,True,0.020515525800544204,0.011546744416054425,0.016031135108299316,0.0009622287013378686,0.26160589058704625,True,True,True,-0.11560924819022565,-0.4202204345974872,-7.595938857657766,3.064215547965432e-14,7.799821394821099e-14,True,True,True,True,
session_eu,"enter hour in [8,15]",delay_30,timing,51,33,9,9,matched_controls_excess,-0.4236289323444485,-0.4673738886461476,-0.3690708034700038,-0.0036083576300170073,-0.0064140805658808265,-0.0016787219366127795,-0.3125,True,True,"-1,-1,-1,-1,-1,-1",True,3,2,True,0.020515525800544204,0.011546744416054425,0.016031135108299316,0.0036083576300170073,0.4200205747144315,True,True,True,-0.3297940609402015,-0.4202204345974872,-7.595938857657766,3.064215547965432e-14,7.799821394821099e-14,True,True,True,True,
session_eu,"enter hour in [8,15]",reenable_at_half_life,timing,51,33,9,9,matched_controls_excess,-0.413558827268295,-0.46145938322488017,-0.36251067864526376,-0.0019485097950435308,-0.003628144177327271,-0.0007064414265269927,-0.13419117647058823,True,True,"-1,-1,-1,-1,-1,-1",True,3,2,True,0.020515525800544204,0.011546744416054425,0.016031135108299316,0.0019485097950435308,0.4116103174732515,True,True,True,-0.3297940609402015,-0.4202204345974872,-7.595938857657766,3.064215547965432e-14,7.799821394821099e-14,True,True,True,True,
session_us,"enter hour in [16,23]",no_action,baseline,54,31,12,11,matched_controls_excess,0.0,0.0,0.0,0.0,0.0,0.0,0.0,False,False,all_zero,False,0,2,False,0.013667896249567565,0.006639919308177078,0.010153907778872321,0.0,-0.0,True,True,True,0.0,0.0,,,1.0,False,False,False,False,"gate_a_ci,gate_b_time,gate_c_regime,gate_d_friction,gate_oos_validation_test,gate_multiplicity"
session_us,"enter hour in [16,23]",entry_gate_skip,entry_gating,54,31,12,11,matched_controls_excess,-0.41979834329430676,-0.466830290962676,-0.36908746995563835,-0.006639919308177078,-0.01099960367719649,-0.0032044221571483384,-1.0,True,True,"-1,-1,-1,-1,-1,-1",True,3,2,True,0.013667896249567565,0.006639919308177078,0.010153907778872321,0.006639919308177078,0.4131584239861297,False,True,True,-0.4396871521917715,-0.49344544391530737,-35.740716394849784,0.0,0.0,True,True,False,False,gate_f_exposure_guard
session_us,"enter hour in [16,23]",risk_throttle_0.5,risk_throttle,54,31,12,11,matched_controls_excess,-0.20989917164715338,-0.23274167460716677,-0.18529513335274173,-0.003319959654088539,-0.005303957957043231,-0.0017745968742105885,-0.5,True,True,"-1,-1,-1,-1,-1,-1",True,3,2,True,0.013667896249567565,0.006639919308177078,0.010153907778872321,0.003319959654088539,0.20657921199306484,True,True,True,-0.21984357609588576,-0.24672272195765368,-35.740716394849784,0.0,0.0,True,True,True,True,
session_us,"enter hour in [16,23]",risk_throttle_0,risk_throttle,54,31,12,11,matched_controls_excess,-0.41979834329430676,-0.46615415803489335,-0.36741020227089083,-0.006639919308177078,-0.01073332811162244,-0.003524183799307289,-1.0,True,True,"-1,-1,-1,-1,-1,-1",True,3,2,True,0.013667896249567565,0.006639919308177078,0.010153907778872321,0.006639919308177078,0.4131584239861297,False,True,True,-0.4396871521917715,-0.49344544391530737,-35.740716394849784,0.0,0.0,True,True,False,False,gate_f_exposure_guard
session_us,"enter hour in [16,23]",delay_0,timing,54,31,12,11,matched_controls_excess,0.0,0.0,0.0,0.0,0.0,0.0,0.0,False,False,all_zero,False,0,2,False,0.013667896249567565,0.006639919308177078,0.010153907778872321,0.0,-0.0,True,True,True,0.0,0.0,,,1.0,False,False,False,False,"gate_a_ci,gate_b_time,gate_c_regime,gate_d_friction,gate_oos_validation_test,gate_multiplicity"
session_us,"enter hour in [16,23]",delay_8,timing,54,31,12,11,matched_controls_excess,-0.2513657422448062,-0.31839329164854824,-0.1782826576496386,-0.0005533266090147565,-0.0008926048702170001,-0.00026433314130201155,-0.0833333333333333,True,True,"-1,-1,-1,-1,-1,-1",True,3,2,True,0.013667896249567565,0.006639919308177078,0.010153907778872321,0.0005533266090147565,0.25081241563579143,True,True,True,-0.20743714508809308,-0.3210535749557942,-4.182458600252506,2.8837354102417834e-05,4.900349187591911e-05,True,True,True,True,
session_us,"enter hour in [16,23]",delay_30,timing,54,31,12,11,matched_controls_excess,-0.3849955722183837,-0.43734705741124,-0.3298195024451013,-0.002074974783805337,-0.0033763410612496253,-0.0009714149569107635,-0.3125,True,True,"-1,-1,-1,-1,-1,-1",True,3,2,True,0.013667896249567565,0.006639919308177078,0.010153907778872321,0.002074974783805337,0.38292059743457835,True,True,True,-0.36976373312314315,-0.4560993696693993,-9.71835763655008,0.0,0.0,True,True,True,True,
session_us,"enter hour in [16,23]",reenable_at_half_life,timing,54,31,12,11,matched_controls_excess,-0.37497781163357957,-0.4299208047079901,-0.3190127610272788,-0.001103173700295641,-0.0020990652286136204,-0.0004259334166505193,-0.1290509259259259,True,True,"-1,-1,-1,-1,-1,-1",True,3,2,True,0.013667896249567565,0.006639919308177078,0.010153907778872321,0.001103173700295641,0.3738746379332839,True,True,True,-0.36976373312314315,-0.406921272253088,-6.612957123554987,3.767164358237096e-11,8.272988394559897e-11,True,True,True,True,
age_bucket_0_8,"t_rv_peak in [0,8]",no_action,baseline,97,59,16,22,matched_controls_excess,0.0,0.0,0.0,0.0,0.0,0.0,0.0,False,False,all_zero,False,0,2,False,0.013591628871709857,0.006403619946312999,0.009997624409011427,0.0,-0.0,True,True,True,0.0,0.0,,,1.0,False,False,False,False,"gate_a_ci,gate_b_time,gate_c_regime,gate_d_friction,gate_oos_validation_test,gate_multiplicity"
age_bucket_0_8,"t_rv_peak in [0,8]",entry_gate_skip,entry_gating,97,59,16,22,matched_controls_excess,-0.44291779158931194,-0.4754829973974474,-0.4064493527706708,-0.006403619946312999,-0.010864218809396236,-0.0029017276950085483,-1.0,True,True,"-1,-1,-1,-1,-1,-1",True,3,2,True,0.013591628871709857,0.006403619946312999,0.009997624409011427,0.006403619946312999,0.43651417164299894,False,True,True,-0.47165774855019305,-0.42670629815750677,-11.706908811778222,0.0,0.0,True,True,False,False,gate_f_exposure_guard
age_bucket_0_8,"t_rv_peak in [0,8]",risk_throttle_0.5,risk_throttle,97,59,16,22,matched_controls_excess,-0.22145889579465597,-0.23604928024374122,-0.20248405027272165,-0.0032018099731564993,-0.005557018688153123,-0.0015227107325024713,-0.5,True,True,"-1,-1,-1,-1,-1,-1",True,3,2,True,0.013591628871709857,0.006403619946312999,0.009997624409011427,0.0032018099731564993,0.21825708582149947,True,True,True,-0.23582887427509652,-0.21335314907875338,-11.706908811778222,0.0,0.0,True,True,True,True,
age_bucket_0_8,"t_rv_peak in [0,8]",risk_throttle_0,risk_throttle,97,59,16,22,matched_controls_excess,-0.44291779158931194,-0.47437780029631466,-0.4085200929659634,-0.006403619946312999,-0.010534559211065565,-0.002849034189928533,-1.0,True,True,"-1,-1,-1,-1,-1,-1",True,3,2,True,0.013591628871709857,0.006403619946312999,0.009997624409011427,0.006403619946312999,0.43651417164299894,False,True,True,-0.47165774855019305,-0.42670629815750677,-11.706908811778222,0.0,0.0,True,True,False,False,gate_f_exposure_guard
age_bucket_0_8,"t_rv_peak in [0,8]",delay_0,timing,97,59,16,22,matched_controls_excess,0.0,0.0,0.0,0.0,0.0,0.0,0.0,False,False,all_zero,False,0,2,False,0.013591628871709857,0.006403619946312999,0.009997624409011427,0.0,-0.0,True,True,True,0.0,0.0,,,1.0,False,False,False,False,"gate_a_ci,gate_b_time,gate_c_regime,gate_d_friction,gate_oos_validation_test,gate_multiplicity"
age_bucket_0_8,"t_rv_peak in [0,8]",delay_8,timing,97,59,16,22,matched_controls_excess,-0.3952084882315302,-0.4330118324379499,-0.3513303019166961,-0.0005336349955260832,-0.0009164651826424247,-0.0002594098731011235,-0.08333333333333334,True,True,"-1,-1,-1,-1,-1,-1",True,3,2,True,0.013591628871709857,0.006403619946312999,0.009997624409011427,0.0005336349955260832,0.39467485323600415,True,True,True,-0.4405373013963547,-0.42448314413522326,-11.290603782784522,0.0,0.0,True,True,True,True,
age_bucket_0_8,"t_rv_peak in [0,8]",delay_30,timing,97,59,16,22,matched_controls_excess,-0.4416741774683423,-0.47359363171922886,-0.4034816782852399,-0.0020011312332228123,-0.0035993487380735303,-0.0009611664473950357,-0.3125,True,True,"-1,-1,-1,-1,-1,-1",True,3,2,True,0.013591628871709857,0.006403619946312999,0.009997624409011427,0.0020011312332228123,0.4396730462351195,True,True,True,-0.47165774855019305,-0.42448314413522326,-11.290603782784522,0.0,0.0,True,True,True,True,
age_bucket_0_8,"t_rv_peak in [0,8]",reenable_at_half_life,timing,97,59,16,22,matched_controls_excess,-0.4416741774683423,-0.4740181269887592,-0.40391948048138027,-0.0009566736173874803,-0.0018901855853994485,-0.0003630112698960513,-0.1219931271477663,True,True,"-1,-1,-1,-1,-1,-1",True,3,2,True,0.013591628871709857,0.006403619946312999,0.009997624409011427,0.0009566736173874803,0.4407175038509548,True,True,True,-0.47165774855019305,-0.42448314413522326,-11.290603782784522,0.0,0.0,True,True,True,True,
age_bucket_9_30,"t_rv_peak in [9,30]",no_action,baseline,41,27,10,4,matched_controls_excess,0.0,0.0,0.0,0.0,0.0,0.0,0.0,False,False,all_zero,False,0,2,False,0.02019056634444284,0.012433504593508725,0.01631203546897578,0.0,-0.0,True,True,True,0.0,0.0,,,1.0,False,False,False,False,"gate_a_ci,gate_b_time,gate_c_regime,gate_d_friction,gate_oos_validation_test,gate_multiplicity"
age_bucket_9_30,"t_rv_peak in [9,30]",entry_gate_skip,entry_gating,41,27,10,4,matched_controls_excess,-0.39383159001162454,-0.45144906826426934,-0.3317520621118079,-0.012433504593508725,-0.017905028772079203,-0.007291768823862325,-1.0,True,True,"-1,-1,-1,-1,-1,-1",True,3,2,True,0.02019056634444284,0.012433504593508725,0.01631203546897578,0.012433504593508725,0.3813980854181158,False,True,True,-0.36852021937914714,-0.3778901926140577,-3.102223583682619,0.0019207283042605994,0.0029070482442863127,True,True,False,False,gate_f_exposure_guard
age_bucket_9_30,"t_rv_peak in [9,30]",risk_throttle_0.5,risk_throttle,41,27,10,4,matched_controls_excess,-0.19691579500581227,-0.22468177770022063,-0.16544284024825914,-0.006216752296754362,-0.009089608478974616,-0.00383086097972076,-0.5,True,True,"-1,-1,-1,-1,-1,-1",True,3,2,True,0.02019056634444284,0.012433504593508725,0.01631203546897578,0.006216752296754362,0.1906990427090579,True,True,True,-0.18426010968957357,-0.18894509630702885,-3.102223583682619,0.0019207283042605994,0.0029070482442863127,True,True,True,True,
age_bucket_9_30,"t_rv_peak in [9,30]",risk_throttle_0,risk_throttle,41,27,10,4,matched_controls_excess,-0.39383159001162454,-0.4530812503554648,-0.3320653912602222,-0.012433504593508725,-0.01838008447547458,-0.0071747598666344805,-1.0,True,True,"-1,-1,-1,-1,-1,-1",True,3,2,True,0.02019056634444284,0.012433504593508725,0.01631203546897578,0.012433504593508725,0.3813980854181158,False,True,True,-0.36852021937914714,-0.3778901926140577,-3.102223583682619,0.0019207283042605994,0.0029070482442863127,True,True,False,False,gate_f_exposure_guard
age_bucket_9_30,"t_rv_peak in [9,30]",delay_0,timing,41,27,10,4,matched_controls_excess,0.0,0.0,0.0,0.0,0.0,0.0,0.0,False,False,all_zero,False,0,2,False,0.02019056634444284,0.012433504593508725,0.01631203546897578,0.0,-0.0,True,True,True,0.0,0.0,,,1.0,False,False,False,False,"gate_a_ci,gate_b_time,gate_c_regime,gate_d_friction,gate_oos_validation_test,gate_multiplicity"
age_bucket_9_30,"t_rv_peak in [9,30]",delay_8,timing,41,27,10,4,matched_controls_excess,0.0,0.0,0.0,-0.0010361253827923934,-0.0015554590783902192,-0.0006648520613099867,-0.08333333333333333,False,False,all_zero,False,0,2,False,0.02019056634444284,0.012433504593508725,0.01631203546897578,0.0010361253827923934,-0.0010361253827923934,True,False,True,0.0,0.0,,,1.0,False,False,False,False,"gate_a_ci,gate_b_time,gate_c_regime,gate_d_friction,gate_g_net_benefit,gate_oos_validation_test,gate_multiplicity"
age_bucket_9_30,"t_rv_peak in [9,30]",delay_30,timing,41,27,10,4,matched_controls_excess,-0.38279919689896535,-0.4414731351892985,-0.3182584751335898,-0.003885470185471476,-0.005629099708345095,-0.002389866691069974,-0.3125,True,True,"-1,-1,-1,-1,-1,0",True,3,2,True,0.02019056634444284,0.012433504593508725,0.01631203546897578,0.003885470185471476,0.3789137267134939,True,True,True,-0.3377655216708971,-0.371375935462414,-2.899188108590266,0.0037413036072944106,0.0055870133868929864,True,True,True,True,
age_bucket_9_30,"t_rv_peak in [9,30]",reenable_at_half_life,timing,41,27,10,4,matched_controls_excess,-0.34323347320434777,-0.40851026625134684,-0.2658342739108109,-0.0021875444578284328,-0.003632517669107161,-0.0010956795036094708,-0.14557926829268292,True,True,"-1,-1,-1,-1,-1,0",True,3,2,True,0.02019056634444284,0.012433504593508725,0.01631203546897578,0.0021875444578284328,0.34104592874651934,True,True,True,-0.3377655216708971,-0.2361361675675578,-1.6949689770859213,0.09008130602802455,0.12611382843923438,True,False,True,False,gate_multiplicity
near_half_life,rv_decay_half_life <= 30,no_action,baseline,146,87,29,30,matched_controls_excess,0.0,0.0,0.0,0.0,0.0,0.0,0.0,False,False,all_zero,False,0,2,False,0.015474215668652242,0.008221882426347629,0.011848049047499936,0.0,-0.0,True,True,True,0.0,0.0,,,1.0,False,False,False,False,"gate_a_ci,gate_b_time,gate_c_regime,gate_d_friction,gate_oos_validation_test,gate_multiplicity"
near_half_life,rv_decay_half_life <= 30,entry_gate_skip,entry_gating,146,87,29,30,matched_controls_excess,-0.4333584401326131,-0.46178418682248384,-0.4051546007360146,-0.008221882426347629,-0.011925390214794804,-0.00524352697480401,-1.0,True,True,"-1,-1,-1,-1,-1,-1",True,3,2,True,0.015474215668652242,0.008221882426347629,0.011848049047499936,0.008221882426347629,0.42513655770626546,False,True,True,-0.4438806173505321,-0.42961821060579763,-13.893646041833714,0.0,0.0,True,True,False,False,gate_f_exposure_guard
near_half_life,rv_decay_half_life <= 30,risk_throttle_0.5,risk_throttle,146,87,29,30,matched_controls_excess,-0.21667922006630655,-0.23071976605558892,-0.202725690451575,-0.0041109412131738144,-0.005850150788800288,-0.002665878546697656,-0.5,True,True,"-1,-1,-1,-1,-1,-1",True,3,2,True,0.015474215668652242,0.008221882426347629,0.011848049047499936,0.0041109412131738144,0.21256827885313273,True,True,True,-0.22194030867526604,-0.21480910530289882,-13.893646041833714,0.0,0.0,True,True,True,True,
near_half_life,rv_decay_half_life <= 30,risk_throttle_0,risk_throttle,146,87,29,30,matched_controls_excess,-0.4333584401326131,-0.4577531499285758,-0.4034736902627991,-0.008221882426347629,-0.011596374097847202,-0.005169871368130096,-1.0,True,True,"-1,-1,-1,-1,-1,-1",True,3,2,True,0.015474215668652242,0.008221882426347629,0.011848049047499936,0.008221882426347629,0.42513655770626546,False,True,True,-0.4438806173505321,-0.42961821060579763,-13.893646041833714,0.0,0.0,True,True,False,False,gate_f_exposure_guard
near_half_life,rv_decay_half_life <= 30,delay_0,timing,146,87,29,30,matched_controls_excess,0.0,0.0,0.0,0.0,0.0,0.0,0.0,False,False,all_zero,False,0,2,False,0.015474215668652242,0.008221882426347629,0.011848049047499936,0.0,-0.0,True,True,True,0.0,0.0,,,1.0,False,False,False,False,"gate_a_ci,gate_b_time,gate_c_regime,gate_d_friction,gate_oos_validation_test,gate_multiplicity"
near_half_life,rv_decay_half_life <= 30,delay_8,timing,146,87,29,30,matched_controls_excess,-0.2625700230031399,-0.3009205999731421,-0.22321649428293647,-0.0006851568688623024,-0.0009710804732281965,-0.0004515569875218222,-0.08333333333333333,True,True,"-1,-1,-1,-1,-1,-1",True,3,2,True,0.015474215668652242,0.008221882426347629,0.011848049047499936,0.0006851568688623024,0.26188486613427764,True,True,True,-0.2430550628393681,-0.3112876390324971,-7.021161751540462,2.2004620348070603e-12,5.134411414549807e-12,True,True,True,True,
near_half_life,rv_decay_half_life <= 30,delay_30,timing,146,87,29,30,matched_controls_excess,-0.398761707525765,-0.4309694090266634,-0.36674816683993083,-0.002569338258233634,-0.003662747481749055,-0.001661459189249239,-0.3125,True,True,"-1,-1,-1,-1,-1,-1",True,3,2,True,0.015474215668652242,0.008221882426347629,0.011848049047499936,0.002569338258233634,0.3961923692675314,True,True,True,-0.3766958342590366,-0.3608044304274856,-8.80663309338514,0.0,0.0,True,True,True,True,
near_half_life,rv_decay_half_life <= 30,reenable_at_half_life,timing,146,87,29,30,matched_controls_excess,-0.3876507851183724,-0.42050931791663787,-0.35482012914886685,-0.0012554337763552015,-0.002014134559643428,-0.0007106114724950329,-0.12471461187214611,True,True,"-1,-1,-1,-1,-1,-1",True,3,2,True,0.015474215668652242,0.008221882426347629,0.011848049047499936,0.0012554337763552015,0.38639535134201725,True,True,True,-0.3766958342590366,-0.34277246137483813,-8.125343810372737,4.440892098500626e-16,1.3088945132422897e-15,True,True,True,True,
fractional_age_0_33,t_rv_peak / duration_bars <= 0.33,no_action,baseline,117,70,23,24,matched_controls_excess,0.0,0.0,0.0,0.0,0.0,0.0,0.0,False,False,all_zero,False,0,2,False,0.01586550990767916,0.008556151278787266,0.012210830593233213,0.0,-0.0,True,True,True,0.0,0.0,,,1.0,False,False,False,False,"gate_a_ci,gate_b_time,gate_c_regime,gate_d_friction,gate_oos_validation_test,gate_multiplicity"
fractional_age_0_33,t_rv_peak / duration_bars <= 0.33,entry_gate_skip,entry_gating,117,70,23,24,matched_controls_excess,-0.44171261337069395,-0.46942434306629544,-0.4132447372575382,-0.008556151278787266,-0.012263224546425183,-0.005231330349942661,-1.0,True,True,"-1,-1,-1,-1,-1,-1",True,3,2,True,0.01586550990767916,0.008556151278787266,0.012210830593233213,0.008556151278787266,0.43315646209190667,False,True,True,-0.44319805609607815,-0.4304389498100707,-12.77051952558598,0.0,0.0,True,True,False,False,gate_f_exposure_guard
fractional_age_0_33,t_rv_peak / duration_bars <= 0.33,risk_throttle_0.5,risk_throttle,117,70,23,24,matched_controls_excess,-0.22085630668534698,-0.23442296527391063,-0.20563181736576344,-0.004278075639393633,-0.006400426418826651,-0.002749764339078045,-0.5,True,True,"-1,-1,-1,-1,-1,-1",True,3,2,True,0.01586550990767916,0.008556151278787266,0.012210830593233213,0.004278075639393633,0.21657823104595333,True,True,True,-0.22159902804803908,-0.21521947490503535,-12.77051952558598,0.0,0.0,True,True,True,True,
fractional_age_0_33,t_rv_peak / duration_bars <= 0.33,risk_throttle_0,risk_throttle,117,70,23,24,matched_controls_excess,-0.44171261337069395,-0.4697414543199814,-0.4114521952609393,-0.008556151278787266,-0.012584593647291798,-0.005352892540067682,-1.0,True,True,"-1,-1,-1,-1,-1,-1",True,3,2,True,0.01586550990767916,0.008556151278787266,0.012210830593233213,0.008556151278787266,0.43315646209190667,False,True,True,-0.44319805609607815,-0.4304389498100707,-12.77051952558598,0.0,0.0,True,True,False,False,gate_f_exposure_guard
fractional_age_0_33,t_rv_peak / duration_bars <= 0.33,delay_0,timing,117,70,23,24,matched_controls_excess,0.0,0.0,0.0,0.0,0.0,0.0,0.0,False,False,all_zero,False,0,2,False,0.01586550990767916,0.008556151278787266,0.012210830593233213,0.0,-0.0,True,True,True,0.0,0.0,,,1.0,False,False,False,False,"gate_a_ci,gate_b_time,gate_c_regime,gate_d_friction,gate_oos_validation_test,gate_multiplicity"
fractional_age_0_33,t_rv_peak / duration_bars <= 0.33,delay_8,timing,117,70,23,24,matched_controls_excess,-0.31009899543105746,-0.35659380149042513,-0.2668297093161987,-0.0007130126065656053,-0.001082514028307819,-0.00043635848203713674,-0.08333333333333334,True,True,"-1,-1,-1,-1,-1,-1",True,3,2,True,0.01586550990767916,0.008556151278787266,0.012210830593233213,0.0007130126065656053,0.30938598282449187,True,True,True,-0.28405561812948554,-0.3891095487906213,-9.219009840475776,0.0,0.0,True,True,True,True,
fractional_age_0_33,t_rv_peak / duration_bars <= 0.33,delay_30,timing,117,70,23,24,matched_controls_excess,-0.4330929214109429,-0.4636939820074252,-0.3988576808627647,-0.0026737972746210207,-0.004107248463891277,-0.001646949314742015,-0.3125,True,True,"-1,-1,-1,-1,-1,-1",True,3,2,True,0.01586550990767916,0.008556151278787266,0.012210830593233213,0.0026737972746210207,0.4304191241363219,True,True,True,-0.4298264483968391,-0.4284010586229776,-12.326695083157661,0.0,0.0,True,True,True,True,
fractional_age_0_33,t_rv_peak / duration_bars <= 0.33,reenable_at_half_life,timing,117,70,23,24,matched_controls_excess,-0.4284693396025718,-0.4596369637724659,-0.3947668393226573,-0.0014158350014453235,-0.00229131363214348,-0.0007302084280905559,-0.13025284900284903,True,True,"-1,-1,-1,-1,-1,-1",True,3,2,True,0.01586550990767916,0.008556151278787266,0.012210830593233213,0.0014158350014453235,0.42705350460112645,True,True,True,-0.4298264483968391,-0.4058610973071682,-10.49584312467992,0.0,0.0,True,True,True,True,
fractional_age_34_66,"t_rv_peak / duration_bars in (0.33, 0.66]",no_action,baseline,29,18,6,5,matched_controls_excess,0.0,0.0,0.0,0.0,0.0,0.0,0.0,False,False,all_zero,False,0,2,False,0.014838278823541273,0.0076088020028506325,0.011223540413195954,0.0,-0.0,True,True,True,0.0,0.0,,,1.0,False,False,False,False,"gate_a_ci,gate_b_time,gate_c_regime,gate_d_friction,gate_oos_validation_test,gate_multiplicity"
fractional_age_34_66,"t_rv_peak / duration_bars in (0.33, 0.66]",entry_gate_skip,entry_gating,29,18,6,5,matched_controls_excess,-0.3930808773933404,-0.4663097941472096,-0.3059270001747225,-0.0076088020028506325,-0.01239142504083571,-0.003383233174601693,-1.0,True,True,"-1,-1,-1,-1,-1,-1",True,3,2,True,0.014838278823541273,0.0076088020028506325,0.011223540413195954,0.0076088020028506325,0.3854720753904898,False,True,True,-0.44649710215927224,-0.4098894967247383,-4.1346383724664415,3.555139986444189e-05,5.770662006981872e-05,True,True,False,False,gate_f_exposure_guard
fractional_age_34_66,"t_rv_peak / duration_bars in (0.33, 0.66]",risk_throttle_0.5,risk_throttle,29,18,6,5,matched_controls_excess,-0.1965404386966702,-0.23278805742619674,-0.1558572784342511,-0.0038044010014253163,-0.006009980134823464,-0.001689827461215113,-0.5,True,True,"-1,-1,-1,-1,-1,-1",True,3,2,True,0.014838278823541273,0.0076088020028506325,0.011223540413195954,0.0038044010014253163,0.1927360376952449,True,True,True,-0.22324855107963612,-0.20494474836236914,-4.1346383724664415,3.555139986444189e-05,5.770662006981872e-05,True,True,True,True,
fractional_age_34_66,"t_rv_peak / duration_bars in (0.33, 0.66]",risk_throttle_0,risk_throttle,29,18,6,5,matched_controls_excess,-0.3930808773933404,-0.46770927843137305,-0.3106108498614584,-0.0076088020028506325,-0.01233331959668104,-0.003216532944666266,-1.0,True,True,"-1,-1,-1,-1,-1,-1",True,3,2,True,0.014838278823541273,0.0076088020028506325,0.011223540413195954,0.0076088020028506325,0.3854720753904898,False,True,True,-0.44649710215927224,-0.4098894967247383,-4.1346383724664415,3.555139986444189e-05,5.770662006981872e-05,True,True,False,False,gate_f_exposure_guard
fractional_age_34_66,"t_rv_peak / duration_bars in (0.33, 0.66]",delay_0,timing,29,18,6,5,matched_controls_excess,0.0,0.0,0.0,0.0,0.0,0.0,0.0,False,False,all_zero,False,0,2,False,0.014838278823541273,0.0076088020028506325,0.011223540413195954,0.0,-0.0,True,True,True,0.0,0.0,,,1.0,False,False,False,False,"gate_a_ci,gate_b_time,gate_c_regime,gate_d_friction,gate_oos_validation_test,gate_multiplicity"
fractional_age_34_66,"t_rv_peak / duration_bars in (0.33, 0.66]",delay_8,timing,29,18,6,5,matched_controls_excess,-0.07081520320774837,-0.14143543927937305,-0.017616622448746917,-0.0006340668335708862,-0.0010606413532314308,-0.0002738083450602355,-0.08333333333333336,True,True,"0,-1,-1,-1,0,0",True,3,2,True,0.014838278823541273,0.0076088020028506325,0.011223540413195954,0.0006340668335708862,0.07018113637417749,True,True,True,-0.0858862675605846,0.0,,,1.0,False,False,False,False,"gate_oos_validation_test,gate_multiplicity"
fractional_age_34_66,"t_rv_peak / duration_bars in (0.33, 0.66]",delay_30,timing,29,18,6,5,matched_controls_excess,-0.2712169131795329,-0.36349960675048215,-0.17987247948528196,-0.002377750625890823,-0.0038565456992371637,-0.0010433468390538953,-0.3125,True,True,"-1,-1,-1,-1,-1,0",True,3,2,True,0.014838278823541273,0.0076088020028506325,0.011223540413195954,0.002377750625890823,0.26883916255364204,True,True,True,-0.17302848006412677,-0.10850150117462123,-1.0000000000000002,0.3173105078629139,0.43339971805666294,True,False,True,False,gate_multiplicity
fractional_age_34_66,"t_rv_peak / duration_bars in (0.33, 0.66]",reenable_at_half_life,timing,29,18,6,5,matched_controls_excess,-0.23393292697608825,-0.32574338065719705,-0.1436933949284483,-0.0008851861870932085,-0.0015505101446185849,-0.00028348585418667635,-0.11063218390804598,True,True,"-1,-1,-1,-1,-1,0",True,3,2,True,0.014838278823541273,0.0076088020028506325,0.011223540413195954,0.0008851861870932085,0.23304774078899504,True,True,True,-0.17302848006412677,-0.10850150117462123,-1.0000000000000002,0.3173105078629139,0.43339971805666294,True,False,True,False,gate_multiplicity
