event_id,control_idx,relaxed_within_96,auc_excess_rv,rv_decay_half_life,secondary_shock_within_h,time_to_secondary_shock,range_pct_96,time_to_range_expansion
vsr_v1_BTCUSDT_000001,165987,1,0.13668540054472336,8.0,0,,0.05841850099373821,56.0
vsr_v1_BTCUSDT_000001,89378,1,0.044269170526847326,9.0,0,,0.0355990721581863,88.0
vsr_v1_BTCUSDT_000001,109922,1,0.008881667711132291,0.0,0,,0.01175211524654949,
vsr_v1_BTCUSDT_000001,111744,1,0.06108227977767588,4.0,0,,0.026427121600993097,67.0
vsr_v1_BTCUSDT_000001,115395,1,0.007271649746002802,3.0,0,,0.013054486986836568,
vsr_v1_BTCUSDT_000002,104234,1,0.03919711427047017,6.0,0,,0.027701232777374962,35.0
vsr_v1_BTCUSDT_000002,90794,1,0.025536480586279473,0.0,0,,0.011895283193946442,
vsr_v1_BTCUSDT_000002,11498,1,0.025929659443288153,0.0,0,,0.023974661196597483,21.0
vsr_v1_BTCUSDT_000002,178154,1,0.049293875663331495,3.0,0,,0.020246951811004794,82.0
vsr_v1_BTCUSDT_000002,178344,1,0.045306924007626884,4.0,0,,0.01836763321209871,
vsr_v1_BTCUSDT_000003,100291,1,0.09124426871705989,3.0,0,,0.03134723370624587,14.0
vsr_v1_BTCUSDT_000003,129089,1,0.04737252831528973,14.0,0,,0.0249466520018425,92.0
vsr_v1_BTCUSDT_000003,11779,1,0.11775207076985408,11.0,0,,0.027472261068715288,45.0
vsr_v1_BTCUSDT_000003,3712,1,0.029126494020742896,9.0,0,,0.014503638101554719,
vsr_v1_BTCUSDT_000003,121792,1,0.12831328175758447,18.0,0,,0.05190883853196634,5.0
vsr_v1_BTCUSDT_000004,90978,1,0.028307728681534045,0.0,0,,0.014500757103411246,
vsr_v1_BTCUSDT_000004,13024,1,0.02593243946318334,5.0,0,,0.01616116344849128,
vsr_v1_BTCUSDT_000004,104801,1,0.08572258645075649,0.0,0,,0.04558401421219935,8.0
vsr_v1_BTCUSDT_000004,154528,1,0.03726507982078646,0.0,0,,0.025943017094281883,81.0
vsr_v1_BTCUSDT_000004,91169,1,0.022304199525185878,5.0,0,,0.013590788729880185,
vsr_v1_BTCUSDT_000005,165821,1,0.0,0.0,0,,0.009188806212454608,
vsr_v1_BTCUSDT_000005,125021,1,0.05970761740407663,0.0,0,,0.03002100568171296,89.0
vsr_v1_BTCUSDT_000005,111295,1,0.007371726224633792,0.0,0,,0.01862226727302611,
vsr_v1_BTCUSDT_000005,12988,1,0.04880155313920618,0.0,0,,0.023648088365754757,35.0
vsr_v1_BTCUSDT_000005,87965,1,0.045742957934125486,0.0,0,,0.031654320697101106,69.0
vsr_v1_BTCUSDT_000006,100746,1,0.03707310878131347,0.0,0,,0.027939714426325937,56.0
vsr_v1_BTCUSDT_000006,5128,1,0.03796934678292562,0.0,0,,0.015499349520028636,
vsr_v1_BTCUSDT_000006,104779,1,0.0750643871861579,0.0,0,,0.05000385974069892,30.0
vsr_v1_BTCUSDT_000006,172650,1,0.026094065990909243,0.0,0,,0.023625025407196097,60.0
vsr_v1_BTCUSDT_000006,84904,1,0.06488235527148223,0.0,0,,0.03656898597045069,32.0
vsr_v1_BTCUSDT_000007,93282,0,0.02617055788814753,0.0,0,,0.03235558567128399,35.0
vsr_v1_BTCUSDT_000007,7842,0,0.03703043500362063,0.0,0,,0.03345411091906199,19.0
vsr_v1_BTCUSDT_000007,118433,0,0.03939532374566711,0.0,0,,0.034157981541916745,50.0
vsr_v1_BTCUSDT_000007,127171,0,0.037346414226652316,4.0,0,,0.030656789164342987,57.0
vsr_v1_BTCUSDT_000007,7843,0,0.03716655104819289,0.0,0,,0.03359219856028541,18.0
vsr_v1_BTCUSDT_000008,127987,1,0.0,0.0,0,,0.01914171426854964,
vsr_v1_BTCUSDT_000008,64819,1,0.0029699766351582568,0.0,0,,0.02056242378417754,43.0
vsr_v1_BTCUSDT_000008,163600,1,0.010324339623963319,0.0,0,,0.024493732654243802,89.0
vsr_v1_BTCUSDT_000008,9810,1,0.0,0.0,0,,0.0180720536522339,
vsr_v1_BTCUSDT_000008,51184,1,0.2729891229339582,17.0,0,,0.05229857383444191,3.0
vsr_v1_BTCUSDT_000009,67240,1,0.05002087467735229,0.0,0,,0.030680684165332296,14.0
vsr_v1_BTCUSDT_000009,160939,1,0.02342622525676281,0.0,0,,0.019769602839475823,
vsr_v1_BTCUSDT_000009,82121,1,0.07263550521010304,4.0,0,,0.03198122460417535,15.0
vsr_v1_BTCUSDT_000009,64266,1,0.09614016456029548,0.0,0,,0.05670201437572104,14.0
vsr_v1_BTCUSDT_000009,118793,1,0.03112522831655136,0.0,0,,0.025804457316806834,31.0
vsr_v1_BTCUSDT_000010,175251,1,0.0,0.0,0,,0.011109380078896574,
vsr_v1_BTCUSDT_000010,168337,1,0.040808845096748855,0.0,0,,0.03370687766081481,13.0
vsr_v1_BTCUSDT_000010,43826,1,0.0444512441401226,19.0,0,,0.03657668476856747,9.0
vsr_v1_BTCUSDT_000010,173139,1,0.015728582925365185,0.0,0,,0.01793700174995139,
vsr_v1_BTCUSDT_000010,129649,1,0.019432447009105243,0.0,0,,0.02366452637850003,74.0
vsr_v1_BTCUSDT_000011,50173,1,0.009461511888434347,0.0,0,,0.025304236067445876,79.0
vsr_v1_BTCUSDT_000011,45373,1,0.031689915046120176,12.0,0,,0.02491747767685367,12.0
vsr_v1_BTCUSDT_000011,131677,1,0.10282037924437576,1.0,0,,0.07006931539792044,36.0
vsr_v1_BTCUSDT_000011,170559,1,0.01165220446400497,4.0,0,,0.03117773533347223,39.0
vsr_v1_BTCUSDT_000011,50653,1,0.15898949823811412,5.0,0,,0.09422517879274092,17.0
vsr_v1_BTCUSDT_000012,120362,1,0.012986024978222118,0.0,0,,0.02718088151116191,94.0
vsr_v1_BTCUSDT_000012,178920,1,0.017742029365552536,8.0,0,,0.013432110537559482,
vsr_v1_BTCUSDT_000012,4586,1,0.010873323188249462,0.0,0,,0.010562621254580776,
vsr_v1_BTCUSDT_000012,175947,1,9.97920747104297e-05,0.0,0,,0.013001208621754488,
vsr_v1_BTCUSDT_000012,116906,1,0.16774275944421463,0.0,0,,0.0590160059680767,15.0
vsr_v1_BTCUSDT_000013,3515,1,0.014958624647583097,0.0,0,,0.029040518638573792,92.0
vsr_v1_BTCUSDT_000013,178424,1,0.019786583203972537,10.0,0,,0.0266769423105094,95.0
vsr_v1_BTCUSDT_000013,12251,1,0.047157731114616824,0.0,0,,0.022722541954284893,17.0
vsr_v1_BTCUSDT_000013,174873,1,0.031460716623203794,12.0,0,,0.026411378895557343,80.0
vsr_v1_BTCUSDT_000013,161434,1,0.14048062524401564,0.0,1,11.0,0.06291671922472973,2.0
vsr_v1_BTCUSDT_000014,113001,1,0.07165607717042144,0.0,0,,0.034436953884426975,76.0
vsr_v1_BTCUSDT_000014,122697,1,0.033420502179844366,8.0,0,,0.030024692662185933,28.0
vsr_v1_BTCUSDT_000014,10665,1,0.031582866394803844,7.0,0,,0.021717616161283853,56.0
vsr_v1_BTCUSDT_000014,90153,1,0.04892493277815704,4.0,0,,0.0182476346207395,
vsr_v1_BTCUSDT_000014,105322,1,0.0028950134491837454,0.0,0,,0.016225640345154266,
vsr_v1_BTCUSDT_000015,135034,1,0.05574025636133355,0.0,0,,0.057666886741837314,21.0
vsr_v1_BTCUSDT_000015,177659,1,0.00364067847053752,0.0,0,,0.014409725611825236,
vsr_v1_BTCUSDT_000015,173720,1,0.03299385228669774,0.0,0,,0.031050350887677762,8.0
vsr_v1_BTCUSDT_000015,121593,1,0.03815434998760076,0.0,0,,0.03130072384294798,35.0
vsr_v1_BTCUSDT_000015,98746,1,0.014029497331790337,8.0,0,,0.03303558259255393,94.0
vsr_v1_BTCUSDT_000016,18742,1,0.031345412760544825,0.0,0,,0.03148634637525364,9.0
vsr_v1_BTCUSDT_000016,65396,1,0.04100951084676374,0.0,0,,0.04941446085712649,35.0
vsr_v1_BTCUSDT_000016,156694,1,0.06150896761606357,0.0,0,,0.03244977620655625,34.0
vsr_v1_BTCUSDT_000016,164086,1,0.1001899817006354,0.0,0,,0.04704042238725388,36.0
vsr_v1_BTCUSDT_000016,32182,1,0.02251984113052836,4.0,0,,0.04004598182361025,26.0
vsr_v1_BTCUSDT_000017,21938,1,0.11031958960767019,0.0,0,,0.09362043955886219,7.0
vsr_v1_BTCUSDT_000017,53523,1,0.19791193954876085,0.0,0,,0.07060297472203697,3.0
vsr_v1_BTCUSDT_000017,24433,1,0.06371888596081188,0.0,0,,0.06336029714033138,1.0
vsr_v1_BTCUSDT_000017,71859,1,0.16555324680410324,2.0,0,,0.10026630814178969,4.0
vsr_v1_BTCUSDT_000017,26259,1,0.0,0.0,0,,0.054169848562617494,7.0
vsr_v1_BTCUSDT_000018,92985,1,0.11452322737359408,0.0,0,,0.06694653409166475,23.0
vsr_v1_BTCUSDT_000018,153275,1,0.08448251427733727,10.0,0,,0.04326989469722601,59.0
vsr_v1_BTCUSDT_000018,168154,1,0.028691553866941576,8.0,0,,0.03867204387330331,39.0
vsr_v1_BTCUSDT_000018,79449,1,0.11583936915736807,0.0,0,,0.06966056966056973,11.0
vsr_v1_BTCUSDT_000018,67160,1,0.07296846571216523,0.0,0,,0.042116200628182776,7.0
vsr_v1_BTCUSDT_000019,39780,1,0.09319136908789552,0.0,0,,0.057763531636522245,20.0
vsr_v1_BTCUSDT_000019,47268,1,0.17610295422728592,0.0,1,24.0,0.11836796231788367,6.0
vsr_v1_BTCUSDT_000019,163526,1,0.05032538532914475,0.0,0,,0.040962019785060345,40.0
vsr_v1_BTCUSDT_000019,79046,1,0.02648861047608546,0.0,0,,0.03646692777192393,15.0
vsr_v1_BTCUSDT_000019,58788,1,0.09090745210844421,0.0,0,,0.05391148262931839,4.0
vsr_v1_BTCUSDT_000020,9360,1,0.0,0.0,0,,0.03583687360501634,38.0
vsr_v1_BTCUSDT_000020,32114,1,0.01488667953902749,0.0,0,,0.03411485542474539,60.0
vsr_v1_BTCUSDT_000020,49587,1,0.0,0.0,0,,0.03749884886319567,6.0
vsr_v1_BTCUSDT_000020,9555,1,0.047900115028306746,0.0,0,,0.044552620721828556,6.0
vsr_v1_BTCUSDT_000020,31634,1,0.04960571632611148,0.0,0,,0.050199524517540735,15.0
vsr_v1_BTCUSDT_000021,167130,1,0.02902637649912041,8.0,0,,0.020379894603044367,12.0
vsr_v1_BTCUSDT_000021,135739,1,0.11546851937604102,9.0,0,,0.07094147068327329,30.0
vsr_v1_BTCUSDT_000021,27737,1,0.09181179140650518,0.0,0,,0.08552812634325321,12.0
vsr_v1_BTCUSDT_000021,25145,1,0.004785166068878461,0.0,0,,0.032351822629411595,36.0
vsr_v1_BTCUSDT_000021,36664,1,0.07190266677450392,0.0,0,,0.08221423256278057,16.0
vsr_v1_BTCUSDT_000022,69752,1,0.0,0.0,0,,0.024146590501421202,88.0
vsr_v1_BTCUSDT_000022,68603,1,0.03215541497294099,2.0,0,,0.059101582647881235,7.0
vsr_v1_BTCUSDT_000022,52090,1,0.07527408281554962,2.0,0,,0.1015158565098599,49.0
vsr_v1_BTCUSDT_000022,20025,1,0.24652618818711983,0.0,0,,0.1316389140673035,6.0
vsr_v1_BTCUSDT_000022,71674,1,0.10197864662161094,0.0,0,,0.10230834578316782,6.0
vsr_v1_BTCUSDT_000023,167650,1,0.014875759608125469,0.0,0,,0.04994015555924002,16.0
vsr_v1_BTCUSDT_000023,30944,1,0.11614748953907236,0.0,0,,0.07353050290560523,8.0
vsr_v1_BTCUSDT_000023,75011,1,0.025279672456470757,0.0,0,,0.05366142644950245,13.0
vsr_v1_BTCUSDT_000023,80864,1,0.2529138427717629,0.0,1,50.0,0.10964956427303786,15.0
vsr_v1_BTCUSDT_000023,166976,1,0.1625689638073508,0.0,0,,0.07707917188842496,19.0
vsr_v1_BTCUSDT_000024,71763,1,0.2857055801174588,0.0,0,,0.13092185321167996,16.0
vsr_v1_BTCUSDT_000024,133299,1,0.08258218666804332,0.0,0,,0.09728557611306975,9.0
vsr_v1_BTCUSDT_000024,22897,1,0.10477157404591336,0.0,0,,0.11214729039844012,1.0
vsr_v1_BTCUSDT_000024,6099,1,0.023232774488280775,0.0,0,,0.03685337189608722,13.0
vsr_v1_BTCUSDT_000024,61970,1,0.08766875489578702,0.0,0,,0.11716290703479242,12.0
vsr_v1_BTCUSDT_000025,119343,1,0.003790600522101758,0.0,0,,0.026471105380377533,53.0
vsr_v1_BTCUSDT_000025,123181,1,0.026960102945207134,0.0,0,,0.02220979212566073,28.0
vsr_v1_BTCUSDT_000025,51182,1,0.2723299211406956,0.0,0,,0.05215611398673517,5.0
vsr_v1_BTCUSDT_000025,125486,1,0.007245088034511605,0.0,0,,0.026312780493382468,49.0
vsr_v1_BTCUSDT_000025,49644,1,0.023655733363932414,0.0,0,,0.03164095947271433,23.0
vsr_v1_BTCUSDT_000026,80350,1,0.0283632251293572,0.0,0,,0.029330275136248772,57.0
vsr_v1_BTCUSDT_000026,35420,1,0.14061541183192297,0.0,0,,0.0847308526238637,1.0
vsr_v1_BTCUSDT_000026,74781,1,0.08388799294777886,0.0,0,,0.05847366842353338,5.0
vsr_v1_BTCUSDT_000026,26972,1,0.03882101273118897,0.0,0,,0.06336221198797137,9.0
vsr_v1_BTCUSDT_000026,25628,1,0.8368054019491381,0.0,0,,0.17668523877240097,4.0
vsr_v1_BTCUSDT_000027,136182,1,0.014620038200294701,5.0,0,,0.03262649532321188,11.0
vsr_v1_BTCUSDT_000027,46804,1,0.04218681016368266,1.0,0,,0.03587016315075857,13.0
vsr_v1_BTCUSDT_000027,44695,1,0.026230909273449378,8.0,0,,0.03792967139208934,26.0
vsr_v1_BTCUSDT_000027,26838,1,0.015719596200108585,0.0,0,,0.05042575211940559,3.0
vsr_v1_BTCUSDT_000027,167479,1,0.097047941886837,0.0,0,,0.06753058526589677,2.0
vsr_v1_BTCUSDT_000028,52135,0,0.11527884334085406,0.0,0,,0.08992198629325342,14.0
vsr_v1_BTCUSDT_000028,79109,0,0.0,0.0,0,,0.016977180024253077,
vsr_v1_BTCUSDT_000028,76230,0,0.05250659287846941,0.0,0,,0.036274032139146,43.0
vsr_v1_BTCUSDT_000028,71237,0,0.6040612599096197,0.0,0,,0.19648741027247946,2.0
vsr_v1_BTCUSDT_000028,74309,0,0.048075036867422906,0.0,0,,0.04056126323422067,4.0
vsr_v1_BTCUSDT_000029,93657,0,0.09838427764852083,0.0,0,,0.06645761507943389,21.0
vsr_v1_BTCUSDT_000029,6681,0,0.1852221344929335,0.0,1,91.0,0.06160714439556769,40.0
vsr_v1_BTCUSDT_000029,120923,0,0.007211915188499918,0.0,0,,0.024705474052930002,84.0
vsr_v1_BTCUSDT_000029,62555,0,0.12387500747037815,0.0,0,,0.04898084447968075,32.0
vsr_v1_BTCUSDT_000029,65336,0,0.07967993991778535,0.0,0,,0.0357388179311306,18.0
vsr_v1_BTCUSDT_000030,159995,1,0.07471703699352172,11.0,0,,0.05297308751854213,21.0
vsr_v1_BTCUSDT_000030,29242,1,0.01889490167566464,0.0,0,,0.040585648957894814,15.0
vsr_v1_BTCUSDT_000030,107288,1,0.06041341352990752,0.0,0,,0.05008052815823451,5.0
vsr_v1_BTCUSDT_000030,162971,1,0.17110248493294666,13.0,0,,0.044484190488144205,1.0
vsr_v1_BTCUSDT_000030,150970,1,0.02483136986484058,11.0,0,,0.01838148095441393,
vsr_v1_BTCUSDT_000031,40131,1,0.0232644502577878,3.0,0,,0.03189918189032763,42.0
vsr_v1_BTCUSDT_000031,30434,1,0.12030720410794465,0.0,0,,0.056384169977154265,17.0
vsr_v1_BTCUSDT_000031,86114,1,0.045087194273407766,6.0,0,,0.03676714143756211,12.0
vsr_v1_BTCUSDT_000031,45314,1,0.04018990855552758,0.0,0,,0.030278829046239564,15.0
vsr_v1_BTCUSDT_000031,52514,1,0.1602762825392358,0.0,0,,0.05757060991613016,20.0
vsr_v1_BTCUSDT_000032,146356,1,0.019547993300186535,0.0,0,,0.03788478501798114,11.0
vsr_v1_BTCUSDT_000032,75703,1,0.10261714539765691,0.0,0,,0.04642525533890436,2.0
vsr_v1_BTCUSDT_000032,75415,1,0.0123033156616844,0.0,0,,0.03762277899542078,30.0
vsr_v1_BTCUSDT_000032,60438,1,0.09842840407401715,0.0,0,,0.06110867247758206,37.0
vsr_v1_BTCUSDT_000032,135029,1,0.0473835232245357,0.0,0,,0.057756193977601004,26.0
vsr_v1_BTCUSDT_000033,31568,1,0.1482198094348215,0.0,0,,0.15027374649251568,3.0
vsr_v1_BTCUSDT_000033,19952,1,0.009125820768372988,0.0,0,,0.07461224516473232,12.0
vsr_v1_BTCUSDT_000033,30514,1,0.01850446632749977,7.0,0,,0.024684671449494516,14.0
vsr_v1_BTCUSDT_000033,35217,1,0.02239499430424688,0.0,0,,0.0615990392052785,25.0
vsr_v1_BTCUSDT_000033,26097,1,0.06292969328433431,0.0,0,,0.09388728830964549,8.0
vsr_v1_BTCUSDT_000034,120820,1,0.004209247797325043,0.0,0,,0.019127140655479793,
vsr_v1_BTCUSDT_000034,157589,1,0.0,0.0,0,,0.029374830176763043,51.0
vsr_v1_BTCUSDT_000034,47093,1,0.10221925638492146,0.0,0,,0.07277363717161973,6.0
vsr_v1_BTCUSDT_000034,155573,1,0.005755772912626552,0.0,0,,0.031967070709770534,10.0
vsr_v1_BTCUSDT_000034,50358,1,0.049080661034717726,0.0,0,,0.0765255313923876,32.0
vsr_v1_BTCUSDT_000035,131926,1,0.08102330826844015,11.0,0,,0.047122914538644874,10.0
vsr_v1_BTCUSDT_000035,68566,1,0.07969057871585883,0.0,0,,0.047598224560249904,2.0
vsr_v1_BTCUSDT_000035,97751,1,0.051813878201827646,0.0,0,,0.0640295748613678,15.0
vsr_v1_BTCUSDT_000035,23061,1,0.2335962593603838,0.0,0,,0.0846026074568297,13.0
vsr_v1_BTCUSDT_000035,54452,1,0.019270356750048994,0.0,0,,0.06964877043662329,9.0
vsr_v1_BTCUSDT_000036,55355,1,0.09189073142273903,7.0,0,,0.04518093080247609,19.0
vsr_v1_BTCUSDT_000036,124665,1,0.012839723152810486,0.0,0,,0.025039687608342673,45.0
vsr_v1_BTCUSDT_000036,169786,1,0.06322036531781605,18.0,0,,0.03384348633870472,2.0
vsr_v1_BTCUSDT_000036,149625,1,0.09510550683440652,11.0,0,,0.05151793928242859,4.0
vsr_v1_BTCUSDT_000036,146169,1,0.1277976262105277,0.0,0,,0.05265372400273029,4.0
vsr_v1_BTCUSDT_000037,146681,1,0.009498567809892826,0.0,0,,0.056743057042907066,6.0
vsr_v1_BTCUSDT_000037,71706,1,0.17484230085697208,0.0,0,,0.15550603619266845,8.0
vsr_v1_BTCUSDT_000037,162810,1,0.0042051743764304535,1.0,0,,0.03051347277181079,60.0
vsr_v1_BTCUSDT_000037,48570,1,0.051457522030623384,1.0,0,,0.056747407548057384,60.0
vsr_v1_BTCUSDT_000037,23032,1,0.21124659469507598,0.0,0,,0.11572413362862223,3.0
vsr_v1_BTCUSDT_000038,50505,1,0.05919283031885519,0.0,0,,0.03502399608819382,6.0
vsr_v1_BTCUSDT_000038,148905,1,0.04535189406245141,0.0,0,,0.04039176581936184,41.0
vsr_v1_BTCUSDT_000038,39755,1,0.08701726476310329,0.0,0,,0.0362155727360461,2.0
vsr_v1_BTCUSDT_000038,74120,1,0.23860567945070754,0.0,0,,0.07879720853858778,22.0
vsr_v1_BTCUSDT_000038,79785,1,0.019267203710269434,0.0,0,,0.0336007693105431,12.0
vsr_v1_BTCUSDT_000039,138513,1,0.08225678323072935,0.0,0,,0.03462172878667726,39.0
vsr_v1_BTCUSDT_000039,164626,1,0.10108709680098353,0.0,0,,0.03815043171945076,5.0
vsr_v1_BTCUSDT_000039,3152,1,0.018444012568437772,0.0,0,,0.01686969100900599,
vsr_v1_BTCUSDT_000039,113168,1,0.05969757299944859,19.0,0,,0.033121258893950206,73.0
vsr_v1_BTCUSDT_000039,175859,1,0.004190152138607903,1.0,0,,0.01990048798424965,
vsr_v1_BTCUSDT_000040,97073,1,0.1549552290676273,0.0,1,68.0,0.09536088407965926,51.0
vsr_v1_BTCUSDT_000040,180688,1,0.010914339037699674,0.0,0,,0.016839635854934407,
vsr_v1_BTCUSDT_000040,96691,1,0.02766903969559823,3.0,0,,0.014040109503045285,
vsr_v1_BTCUSDT_000040,94771,1,0.04882991743283674,0.0,0,,0.02519699468572476,22.0
vsr_v1_BTCUSDT_000040,179059,1,0.10136618944442387,0.0,1,70.0,0.06361261091795382,47.0
vsr_v1_BTCUSDT_000041,150302,1,0.028037453946860337,11.0,0,,0.02683737950400904,22.0
vsr_v1_BTCUSDT_000041,173342,1,0.06589344147396443,3.0,0,,0.033653080452315264,62.0
vsr_v1_BTCUSDT_000041,101055,1,0.05348864648441283,0.0,0,,0.036146184854297256,30.0
vsr_v1_BTCUSDT_000041,180351,1,0.02223342512429799,9.0,0,,0.020414068893369643,93.0
vsr_v1_BTCUSDT_000041,160958,1,0.02379271732153855,0.0,0,,0.018728162849978424,
vsr_v1_BTCUSDT_000042,125553,1,0.001281525976321312,0.0,0,,0.022400958289415664,53.0
vsr_v1_BTCUSDT_000042,149649,1,0.03352403429649095,14.0,0,,0.043212879661092954,2.0
vsr_v1_BTCUSDT_000042,65073,1,0.001995186914314589,0.0,0,,0.02432274190476418,85.0
vsr_v1_BTCUSDT_000042,59312,1,0.12765451207458692,0.0,0,,0.041013025070255914,2.0
vsr_v1_BTCUSDT_000042,148978,1,0.004598087185856463,5.0,0,,0.012520626711804433,
vsr_v1_BTCUSDT_000043,157253,1,0.12026657673417337,5.0,0,,0.06519308807088989,32.0
vsr_v1_BTCUSDT_000043,154756,1,0.04552115036134122,2.0,0,,0.021357616353055622,80.0
vsr_v1_BTCUSDT_000043,169927,1,0.0925747496769102,0.0,0,,0.07660992967330764,61.0
vsr_v1_BTCUSDT_000043,103973,1,0.0034704061490861355,0.0,0,,0.017389685347235152,
vsr_v1_BTCUSDT_000043,59237,1,0.22430637540343318,0.0,0,,0.06731884882265954,18.0
vsr_v1_BTCUSDT_000044,33502,1,0.19117038165592234,0.0,0,,0.1274158662654636,1.0
vsr_v1_BTCUSDT_000044,25437,1,0.06811639083043611,9.0,0,,0.05426869682186841,11.0
vsr_v1_BTCUSDT_000044,135836,1,0.10971833597957031,0.0,0,,0.04465032338531755,20.0
vsr_v1_BTCUSDT_000044,27356,1,0.060766450912020945,0.0,0,,0.10143038829311184,5.0
vsr_v1_BTCUSDT_000044,131422,1,0.004911150520110308,2.0,0,,0.038316308926257904,36.0
vsr_v1_BTCUSDT_000045,157009,1,0.015898289339227857,0.0,0,,0.024905771931121187,19.0
vsr_v1_BTCUSDT_000045,170835,1,0.019384154728077287,0.0,0,,0.039391208757902266,12.0
vsr_v1_BTCUSDT_000045,101906,1,0.02246658157525617,0.0,0,,0.02024085698689954,5.0
vsr_v1_BTCUSDT_000045,82225,1,0.0397261126039087,0.0,0,,0.036853476299548965,15.0
vsr_v1_BTCUSDT_000045,43633,1,0.019362607400048536,0.0,0,,0.03900802920402257,39.0
vsr_v1_BTCUSDT_000046,129746,1,0.08752275093225236,0.0,0,,0.054025496726771656,9.0
vsr_v1_BTCUSDT_000046,70707,1,0.211308878480361,0.0,0,,0.0743086756752175,8.0
vsr_v1_BTCUSDT_000046,179666,1,0.028928020386808254,0.0,0,,0.022594366711145727,53.0
vsr_v1_BTCUSDT_000046,29426,1,0.05908478722866796,0.0,0,,0.05160231453863841,19.0
vsr_v1_BTCUSDT_000046,66099,1,0.04548351745084052,2.0,0,,0.04658215333133696,9.0
vsr_v1_BTCUSDT_000047,140664,1,0.045182548446326735,0.0,0,,0.019754089229029097,
vsr_v1_BTCUSDT_000047,151418,1,0.009271112735425576,0.0,0,,0.020901618835539298,76.0
vsr_v1_BTCUSDT_000047,117147,1,0.01422684215708881,0.0,0,,0.020902274841746227,72.0
vsr_v1_BTCUSDT_000047,180506,1,0.033412389388511966,5.0,0,,0.026640372738108164,52.0
vsr_v1_BTCUSDT_000047,698,1,0.06778077788413756,0.0,0,,0.03496302847681431,70.0
vsr_v1_BTCUSDT_000048,171141,1,0.0,0.0,0,,0.015506852236975486,
vsr_v1_BTCUSDT_000048,81956,1,0.04166964284102454,0.0,0,,0.030950023450935508,24.0
vsr_v1_BTCUSDT_000048,179975,1,0.0,0.0,0,,0.01367474201203034,
vsr_v1_BTCUSDT_000048,124196,1,0.010909265082770117,7.0,0,,0.026421631888370954,60.0
vsr_v1_BTCUSDT_000048,98757,1,0.05621986247806528,1.0,0,,0.05966674702349895,83.0
vsr_v1_BTCUSDT_000049,16178,1,0.039278026522023814,3.0,0,,0.05173374930778479,15.0
vsr_v1_BTCUSDT_000049,56402,1,0.042341856335418246,0.0,0,,0.038371572522714635,17.0
vsr_v1_BTCUSDT_000049,39312,1,0.05367077571907069,5.0,0,,0.03502380330375422,5.0
vsr_v1_BTCUSDT_000049,9747,1,0.011571658319031996,0.0,0,,0.02739088765585937,22.0
vsr_v1_BTCUSDT_000049,10416,1,0.0023726947035591223,0.0,0,,0.027180873510349927,38.0
vsr_v1_BTCUSDT_000050,168296,1,0.05297042786398507,6.0,0,,0.03356198828294089,49.0
vsr_v1_BTCUSDT_000050,66347,1,0.006165508164613907,0.0,0,,0.01876966255135694,
vsr_v1_BTCUSDT_000050,145066,1,0.06673507650210124,0.0,0,,0.04022839191839409,62.0
vsr_v1_BTCUSDT_000050,107817,1,0.007552501405371731,0.0,0,,0.02493347428279814,33.0
vsr_v1_BTCUSDT_000050,129802,1,0.06196928945519283,3.0,0,,0.03983864248173311,44.0
vsr_v1_BTCUSDT_000051,47498,1,0.004320748341933361,0.0,0,,0.03540576997847804,22.0
vsr_v1_BTCUSDT_000051,131499,1,0.0,0.0,0,,0.025543725602056318,42.0
vsr_v1_BTCUSDT_000051,133130,1,0.1804602951818289,0.0,0,,0.08600144367289486,26.0
vsr_v1_BTCUSDT_000051,68712,1,0.02834748356046848,0.0,0,,0.0659655480191615,1.0
vsr_v1_BTCUSDT_000051,164233,1,0.000561596328571327,0.0,0,,0.030767123090123746,48.0
vsr_v1_BTCUSDT_000052,2930,1,0.01735047582036512,0.0,0,,0.016508110791897273,
vsr_v1_BTCUSDT_000052,108242,1,0.06861472474727782,0.0,0,,0.027091721937567627,13.0
vsr_v1_BTCUSDT_000052,139827,1,0.11906837140005926,0.0,0,,0.0473382778771477,10.0
vsr_v1_BTCUSDT_000052,5425,1,0.3829005869401068,0.0,1,21.0,0.12138335159456563,10.0
vsr_v1_BTCUSDT_000052,108435,1,0.07281924916383938,15.0,0,,0.04593203563180471,74.0
vsr_v1_BTCUSDT_000053,104937,1,0.027467124963188795,0.0,0,,0.018322579715470386,
vsr_v1_BTCUSDT_000053,111848,1,0.012138739344867509,0.0,0,,0.014382054328454883,
vsr_v1_BTCUSDT_000053,87465,1,0.08403243678892239,3.0,0,,0.05166545847718979,89.0
vsr_v1_BTCUSDT_000053,141224,1,0.17150991428804235,13.0,0,,0.043705702202129125,9.0
vsr_v1_BTCUSDT_000053,141704,1,0.0009353207081586701,0.0,0,,0.014339465135833195,
vsr_v1_BTCUSDT_000054,109893,0,0.0163640111982039,1.0,0,,0.01618235191144987,
vsr_v1_BTCUSDT_000054,110182,0,0.11357581275364248,0.0,1,76.0,0.05133030997740828,35.0
vsr_v1_BTCUSDT_000054,4772,0,0.0689239082158702,0.0,1,69.0,0.03206171172102614,58.0
vsr_v1_BTCUSDT_000054,89541,0,0.018946718482119717,4.0,0,,0.01368583278292484,
vsr_v1_BTCUSDT_000054,3526,0,0.030980211264358522,0.0,0,,0.028993996666612773,81.0
vsr_v1_BTCUSDT_000055,11685,1,0.03650425941973987,0.0,0,,0.04583085501858731,59.0
vsr_v1_BTCUSDT_000055,175460,1,0.04566777084042373,0.0,0,,0.026817441907393946,28.0
vsr_v1_BTCUSDT_000055,110854,1,0.04465496220120197,0.0,0,,0.017696644514652988,
vsr_v1_BTCUSDT_000055,129190,1,0.01823930096665436,3.0,0,,0.02187583933020282,96.0
vsr_v1_BTCUSDT_000055,85031,1,0.07908017857214343,0.0,0,,0.056770070826573774,49.0
vsr_v1_BTCUSDT_000056,111376,1,0.0,0.0,0,,0.004543234673031501,
vsr_v1_BTCUSDT_000056,100819,1,0.042895524783620034,0.0,0,,0.030582009169597513,27.0
vsr_v1_BTCUSDT_000056,116754,1,0.0,0.0,0,,0.007227430065514779,
vsr_v1_BTCUSDT_000056,175793,1,0.026562512475799275,6.0,0,,0.028732435597189694,37.0
vsr_v1_BTCUSDT_000056,115984,1,0.0,0.0,0,,0.010111747581932604,
vsr_v1_BTCUSDT_000057,110752,0,0.0005072188997879321,0.0,0,,0.007900264708393792,
vsr_v1_BTCUSDT_000057,115746,0,0.05358428197673179,11.0,0,,0.016724522234808373,
vsr_v1_BTCUSDT_000057,134369,0,0.09099973225545198,0.0,1,142.0,0.048053671880201515,54.0
vsr_v1_BTCUSDT_000057,104419,0,0.07096515081772047,6.0,0,,0.024380480365993138,34.0
vsr_v1_BTCUSDT_000057,168643,0,0.07294602278874342,0.0,0,,0.04689739024707977,31.0
vsr_v1_BTCUSDT_000058,109812,1,0.04534503927442125,0.0,0,,0.03180994294810487,52.0
vsr_v1_BTCUSDT_000058,106837,1,0.06186892642105222,7.0,0,,0.03201262192491917,83.0
vsr_v1_BTCUSDT_000058,104727,1,0.03550905591816233,0.0,0,,0.047142312607906,25.0
vsr_v1_BTCUSDT_000058,111733,1,0.06838624630375455,15.0,0,,0.02967408630213433,21.0
vsr_v1_BTCUSDT_000058,11700,1,0.07260785815602147,1.0,0,,0.046021742599648856,44.0
vsr_v1_BTCUSDT_000059,8258,1,0.06165037505840939,9.0,0,,0.02595457749444739,54.0
vsr_v1_BTCUSDT_000059,100897,1,0.11137310874034068,0.0,0,,0.047705741431410494,24.0
vsr_v1_BTCUSDT_000059,111459,1,0.004091184306339757,0.0,0,,0.007589473176977565,
vsr_v1_BTCUSDT_000059,117699,1,0.02385575366142948,0.0,0,,0.016206343096598932,
vsr_v1_BTCUSDT_000059,153984,1,0.09563373860428154,0.0,0,,0.019154895239001362,
vsr_v1_BTCUSDT_000060,84806,1,0.008628398635456056,0.0,0,,0.017800066932131788,
vsr_v1_BTCUSDT_000060,116388,1,0.036892892247537896,0.0,0,,0.009482107575769217,
vsr_v1_BTCUSDT_000060,110149,1,0.03507454335101614,0.0,0,,0.024353552743744462,68.0
vsr_v1_BTCUSDT_000060,122919,1,0.10374253795094504,0.0,0,,0.06271768171194776,51.0
vsr_v1_BTCUSDT_000060,120324,1,0.008315850000875044,0.0,0,,0.014026193252942007,
vsr_v1_BTCUSDT_000061,117869,1,0.007953538610878313,0.0,0,,0.01513194592631696,
vsr_v1_BTCUSDT_000061,115468,1,0.0,0.0,0,,0.008077313040167927,
vsr_v1_BTCUSDT_000061,83308,1,0.0841786661072336,0.0,0,,0.029993468321358588,64.0
vsr_v1_BTCUSDT_000061,108751,1,0.0003455990263379321,0.0,0,,0.013485049833887092,
vsr_v1_BTCUSDT_000061,104238,1,0.03950809535315878,2.0,0,,0.0277556282556693,31.0
vsr_v1_BTCUSDT_000062,153899,1,0.10510870178838998,12.0,0,,0.03875799788420766,42.0
vsr_v1_BTCUSDT_000062,122411,1,0.04940748330903375,1.0,0,,0.0414099286963541,53.0
vsr_v1_BTCUSDT_000062,116361,1,0.04213085350761853,10.0,0,,0.011945677960946557,
vsr_v1_BTCUSDT_000062,1352,1,0.14526120038248552,0.0,0,,0.0649072883859699,14.0
vsr_v1_BTCUSDT_000062,165609,1,0.025372911190452645,0.0,0,,0.02039437736983285,72.0
vsr_v1_BTCUSDT_000063,143137,1,0.07419377713104448,15.0,0,,0.02147228993649832,54.0
vsr_v1_BTCUSDT_000063,89091,1,0.08986637619252351,0.0,0,,0.057807350931784074,32.0
vsr_v1_BTCUSDT_000063,84961,1,0.019377444963404173,0.0,0,,0.018547999146990412,
vsr_v1_BTCUSDT_000063,118080,1,0.0027601399279862824,6.0,0,,0.0079408808309446,
vsr_v1_BTCUSDT_000063,109730,1,0.015344610094410183,0.0,0,,0.014457614343554272,
vsr_v1_BTCUSDT_000064,12670,1,0.006655217405086421,2.0,0,,0.016484726877987535,
vsr_v1_BTCUSDT_000064,11710,1,0.07993715273831001,0.0,0,,0.04575439924735428,65.0
vsr_v1_BTCUSDT_000064,12093,1,0.011680618786517803,0.0,0,,0.015167443545646895,
vsr_v1_BTCUSDT_000064,123646,1,0.22626081733134853,0.0,1,18.0,0.08240831329377231,10.0
vsr_v1_BTCUSDT_000064,165693,1,0.07616115090317471,0.0,0,,0.04682734103628563,65.0
vsr_v1_BTCUSDT_000065,104039,1,0.024732782160276773,12.0,0,,0.01983044600073719,
vsr_v1_BTCUSDT_000065,122183,1,0.008518136191412761,0.0,0,,0.020137373694579193,91.0
vsr_v1_BTCUSDT_000065,174020,1,0.14278075781075336,0.0,0,,0.04798029929194672,12.0
vsr_v1_BTCUSDT_000065,174885,1,0.01925329115097672,2.0,0,,0.030740635089638257,68.0
vsr_v1_BTCUSDT_000065,116519,1,0.04393215253599227,1.0,0,,0.046098046544267426,82.0
vsr_v1_BTCUSDT_000066,124419,1,0.06731743086641724,0.0,0,,0.040122712881342414,5.0
vsr_v1_BTCUSDT_000066,69891,1,0.12890356060390937,0.0,0,,0.10251958674275102,5.0
vsr_v1_BTCUSDT_000066,118752,1,0.013924778494039213,0.0,0,,0.03140663684874483,70.0
vsr_v1_BTCUSDT_000066,99746,1,7.490865189870672e-05,0.0,0,,0.017540285833753232,
vsr_v1_BTCUSDT_000066,138721,1,0.04743859961949675,0.0,0,,0.033744727858516954,59.0
vsr_v1_BTCUSDT_000067,144522,1,0.0803384380015928,0.0,0,,0.043445169381590897,25.0
vsr_v1_BTCUSDT_000067,130506,1,0.10665168639014805,0.0,0,,0.044204165698918774,12.0
vsr_v1_BTCUSDT_000067,169672,1,0.051722272987495876,0.0,0,,0.04204400382392248,11.0
vsr_v1_BTCUSDT_000067,107657,1,0.05314797044358157,12.0,0,,0.028588103755242074,21.0
vsr_v1_BTCUSDT_000067,11275,1,0.0043604475836198,0.0,0,,0.017796214036001064,
vsr_v1_BTCUSDT_000068,57306,1,0.12343813801141394,6.0,0,,0.03683432395019847,20.0
vsr_v1_BTCUSDT_000068,70457,1,0.010819541744002887,0.0,0,,0.02432706838720919,71.0
vsr_v1_BTCUSDT_000068,154840,1,0.032788574626443696,7.0,0,,0.04158885336525866,63.0
vsr_v1_BTCUSDT_000068,76792,1,0.1450720543244762,0.0,0,,0.07014700176746996,10.0
vsr_v1_BTCUSDT_000068,10936,1,0.020180709550428198,0.0,0,,0.0392454946925078,84.0
vsr_v1_BTCUSDT_000069,172683,1,0.05246009972807034,0.0,0,,0.023653028770910984,27.0
vsr_v1_BTCUSDT_000069,161928,1,0.10928579333515986,1.0,0,,0.07383162543074141,26.0
vsr_v1_BTCUSDT_000069,151272,1,0.03158713519712236,1.0,0,,0.02069881784156683,95.0
vsr_v1_BTCUSDT_000069,172875,1,0.048466262939285215,1.0,0,,0.034726753069634506,17.0
vsr_v1_BTCUSDT_000069,12840,1,0.07644027266063183,0.0,0,,0.036700614735296816,20.0
vsr_v1_BTCUSDT_000070,110744,1,0.0,0.0,0,,0.0053788395904436365,
vsr_v1_BTCUSDT_000070,163256,1,0.15760355683317046,0.0,0,,0.07211738041274007,37.0
vsr_v1_BTCUSDT_000070,113240,1,0.029797115096749777,0.0,0,,0.02015046287492105,14.0
vsr_v1_BTCUSDT_000070,104888,1,0.04342996368550287,0.0,0,,0.01881863012127636,
vsr_v1_BTCUSDT_000070,125050,1,0.05721077081208073,5.0,0,,0.038659292976171156,60.0
vsr_v1_BTCUSDT_000071,127493,1,0.0,0.0,0,,0.010330384884332886,
vsr_v1_BTCUSDT_000071,1254,1,0.026683879638591916,0.0,0,,0.022855762466201735,83.0
vsr_v1_BTCUSDT_000071,145156,1,0.019610944735638708,0.0,0,,0.024844172644948842,53.0
vsr_v1_BTCUSDT_000071,145060,1,0.06558177171995992,0.0,0,,0.040404567563618106,68.0
vsr_v1_BTCUSDT_000071,115878,1,0.015365531125517076,0.0,0,,0.027128853719798278,44.0
vsr_v1_BTCUSDT_000072,112476,1,0.09370044231138182,0.0,1,46.0,0.03440580057937224,38.0
vsr_v1_BTCUSDT_000072,108445,1,0.08660882003688153,5.0,0,,0.05609058811129849,65.0
vsr_v1_BTCUSDT_000072,104127,1,0.0542552467589171,11.0,0,,0.02223544727543237,87.0
vsr_v1_BTCUSDT_000072,89247,1,0.0,0.0,0,,0.00934557043924181,
vsr_v1_BTCUSDT_000072,91838,1,0.3665683868691889,0.0,1,44.0,0.12966057142262266,19.0
vsr_v1_BTCUSDT_000073,108273,0,0.047385724675590275,8.0,0,,0.02303878868620624,91.0
vsr_v1_BTCUSDT_000073,104913,0,0.03959359208845074,0.0,0,,0.01840046887549469,
vsr_v1_BTCUSDT_000073,117968,0,0.0018895966048778226,3.0,0,,0.011322660282785993,
vsr_v1_BTCUSDT_000073,1904,0,0.004542395540525816,0.0,0,,0.014884954972097334,
vsr_v1_BTCUSDT_000073,82929,0,0.16697717680750815,0.0,1,77.0,0.08264367756000393,56.0
vsr_v1_BTCUSDT_000074,132578,1,0.009933514386845277,0.0,0,,0.03277075977470968,24.0
vsr_v1_BTCUSDT_000074,45027,1,0.23855486153674027,13.0,0,,0.07837106221754352,3.0
vsr_v1_BTCUSDT_000074,162147,1,0.046942083460081004,0.0,0,,0.045120389873208606,51.0
vsr_v1_BTCUSDT_000074,144289,1,0.020161833281928634,0.0,0,,0.03670350166008345,38.0
vsr_v1_BTCUSDT_000074,174529,1,0.0002602952664346172,0.0,0,,0.022232484373542225,42.0
vsr_v1_BTCUSDT_000075,157407,1,0.07981915713482515,0.0,0,,0.054282311951023676,3.0
vsr_v1_BTCUSDT_000075,132732,1,0.3496099790219896,0.0,0,,0.09611845349297515,2.0
vsr_v1_BTCUSDT_000075,69564,1,0.115160000240444,7.0,0,,0.0398027210884354,35.0
vsr_v1_BTCUSDT_000075,5918,1,0.33956611100859124,2.0,0,,0.1430013748066678,15.0
vsr_v1_BTCUSDT_000075,59679,1,0.017103083678925688,0.0,0,,0.03419160596073664,9.0
vsr_v1_BTCUSDT_000076,34134,1,0.06386355867247288,0.0,0,,0.1632678248471211,2.0
vsr_v1_BTCUSDT_000076,75028,1,0.0353013445583782,0.0,0,,0.07031289662058111,10.0
vsr_v1_BTCUSDT_000076,25878,1,0.07860030209788213,0.0,0,,0.14774844012304347,4.0
vsr_v1_BTCUSDT_000076,24532,1,0.076010805181317,0.0,0,,0.05719151441512373,1.0
vsr_v1_BTCUSDT_000076,18007,1,0.0,0.0,0,,0.02630366745720693,46.0
vsr_v1_BTCUSDT_000077,172386,1,0.023886577189964352,6.0,0,,0.017919028198567097,
vsr_v1_BTCUSDT_000077,180448,1,0.037255925185561825,6.0,0,,0.03962485286656726,42.0
vsr_v1_BTCUSDT_000077,103362,1,0.0032037072444227434,0.0,0,,0.02398689860219426,90.0
vsr_v1_BTCUSDT_000077,95586,1,0.05487727277780483,4.0,0,,0.0465087690542534,19.0
vsr_v1_BTCUSDT_000077,181027,1,0.019623518089019503,0.0,0,,0.027273422432177542,31.0
vsr_v1_BTCUSDT_000078,2702,1,0.015189688832133896,0.0,0,,0.02318773050362432,70.0
vsr_v1_BTCUSDT_000078,64044,1,0.02723578953469795,6.0,0,,0.01833729476879424,
vsr_v1_BTCUSDT_000078,128847,1,0.0,0.0,0,,0.009407882693435104,
vsr_v1_BTCUSDT_000078,66637,1,0.12780620705362136,0.0,0,,0.07697476757666824,41.0
vsr_v1_BTCUSDT_000078,29388,1,0.06810305229149934,0.0,0,,0.057315020441718684,52.0
vsr_v1_BTCUSDT_000079,91552,1,0.025647061981288168,11.0,0,,0.013085288141854494,
vsr_v1_BTCUSDT_000079,90019,1,0.014654775624878186,4.0,0,,0.011674540932297226,
vsr_v1_BTCUSDT_000079,117954,1,0.005303371277445889,0.0,0,,0.016390988698450716,
vsr_v1_BTCUSDT_000079,3715,1,0.024088129702283665,6.0,0,,0.014507301347098803,
vsr_v1_BTCUSDT_000079,3811,1,0.01572926875657996,0.0,0,,0.014997105308235876,
vsr_v1_BTCUSDT_000080,110723,1,0.0,0.0,0,,0.0044831565792798015,
vsr_v1_BTCUSDT_000080,114755,1,0.00021305435386127737,0.0,0,,0.008228924980665091,
vsr_v1_BTCUSDT_000080,83553,1,0.025657386936512934,0.0,0,,0.021800299649712543,66.0
vsr_v1_BTCUSDT_000080,100643,1,0.0,0.0,0,,0.011787482878516489,
vsr_v1_BTCUSDT_000080,89025,1,0.01838306097057752,0.0,0,,0.025981825186393737,30.0
vsr_v1_BTCUSDT_000081,138988,1,0.010826523817860631,0.0,0,,0.026529328981645058,96.0
vsr_v1_BTCUSDT_000081,126319,1,0.16413854817100745,0.0,0,,0.09389721240178307,28.0
vsr_v1_BTCUSDT_000081,161550,1,0.10268159414148588,6.0,0,,0.038361737043075536,26.0
vsr_v1_BTCUSDT_000081,66222,1,0.1054573436003439,0.0,0,,0.05824091999748945,4.0
vsr_v1_BTCUSDT_000081,152428,1,0.001675222964425758,0.0,0,,0.01986320091738517,
vsr_v1_BTCUSDT_000082,2119,1,0.021006047933252607,6.0,0,,0.011913826772958722,
vsr_v1_BTCUSDT_000082,85351,1,0.0627664579298236,1.0,0,,0.032822986577181135,24.0
vsr_v1_BTCUSDT_000082,151783,1,0.0029949541807055098,0.0,0,,0.020632070771511597,96.0
vsr_v1_BTCUSDT_000082,100325,1,0.05411242536942007,0.0,0,,0.02846503930492346,45.0
vsr_v1_BTCUSDT_000082,100135,1,0.11625674450438783,6.0,0,,0.07904484533167454,60.0
vsr_v1_BTCUSDT_000083,164517,1,0.0,0.0,0,,0.01735061217569657,
vsr_v1_BTCUSDT_000083,130631,1,0.01985728650470268,11.0,0,,0.027768783177808523,21.0
vsr_v1_BTCUSDT_000083,128134,1,0.01094189951533553,6.0,0,,0.020980139024442727,61.0
vsr_v1_BTCUSDT_000083,168453,1,0.0037000344112011574,3.0,0,,0.01050665978958026,
vsr_v1_BTCUSDT_000083,167879,1,0.029897716168609464,0.0,0,,0.03321596063293561,70.0
vsr_v1_BTCUSDT_000084,87804,1,0.010664638217494244,6.0,0,,0.016434735929305774,
vsr_v1_BTCUSDT_000084,94716,1,0.04527272875044091,2.0,0,,0.03060842746865711,28.0
vsr_v1_BTCUSDT_000084,100284,1,0.08988095589641895,10.0,0,,0.031258278145695366,21.0
vsr_v1_BTCUSDT_000084,11964,1,0.0,0.0,0,,0.01271861302575804,
vsr_v1_BTCUSDT_000084,830,1,0.016973539802400395,0.0,0,,0.015503125447393754,
vsr_v1_BTCUSDT_000085,150587,1,0.0995072800388878,10.0,0,,0.05072808537682272,60.0
vsr_v1_BTCUSDT_000085,90491,1,0.017192711356134916,0.0,0,,0.021125129517888617,25.0
vsr_v1_BTCUSDT_000085,108923,1,0.0867143034714897,0.0,1,31.0,0.03102637902352724,20.0
vsr_v1_BTCUSDT_000085,110074,1,0.005450520226814375,0.0,0,,0.012474499964827464,
vsr_v1_BTCUSDT_000085,83963,1,0.09199508859471563,0.0,1,21.0,0.02836051215748426,26.0
vsr_v1_BTCUSDT_000086,157898,1,0.11168402792134935,0.0,0,,0.03970915560011052,38.0
vsr_v1_BTCUSDT_000086,12170,1,0.026917916832773336,0.0,0,,0.016738264045647773,
vsr_v1_BTCUSDT_000086,165769,1,0.049273155301610576,16.0,0,,0.024345053651861095,6.0
vsr_v1_BTCUSDT_000086,105386,1,0.0001039421546958632,1.0,0,,0.014362366181415098,
vsr_v1_BTCUSDT_000086,122281,1,0.08656370343137904,4.0,0,,0.028089238238353985,66.0
vsr_v1_BTCUSDT_000087,117297,1,0.04777270547605893,1.0,0,,0.03207105510708577,66.0
vsr_v1_BTCUSDT_000087,176721,1,0.03089784052294773,0.0,0,,0.042710218301330025,36.0
vsr_v1_BTCUSDT_000087,8626,1,0.023170185179678632,0.0,0,,0.02038955116930493,80.0
vsr_v1_BTCUSDT_000087,4115,1,0.01643705878819836,6.0,0,,0.017620726298231335,
vsr_v1_BTCUSDT_000087,143026,1,0.03289368339464095,0.0,0,,0.02777285932571301,89.0
vsr_v1_BTCUSDT_000088,83882,1,0.010027232298192893,0.0,0,,0.024894446503034823,93.0
vsr_v1_BTCUSDT_000088,117865,1,0.007877665899918375,0.0,0,,0.015178541252811737,
vsr_v1_BTCUSDT_000088,8619,1,0.022100068363776443,0.0,0,,0.02036401048258584,87.0
vsr_v1_BTCUSDT_000088,108360,1,0.03142701238568469,0.0,0,,0.024447642757118433,72.0
vsr_v1_BTCUSDT_000088,171528,1,0.12237059258140164,0.0,0,,0.04487687160642787,15.0
vsr_v1_BTCUSDT_000089,180451,1,0.037535672164910105,4.0,0,,0.03974413070262782,39.0
vsr_v1_BTCUSDT_000089,163936,1,0.2659148959920236,0.0,0,,0.08460006205210549,7.0
vsr_v1_BTCUSDT_000089,131778,1,0.25943988875595264,20.0,0,,0.07240917638209855,3.0
vsr_v1_BTCUSDT_000089,123138,1,0.13105890272683324,0.0,0,,0.051034434310201535,2.0
vsr_v1_BTCUSDT_000089,161056,1,0.009189134110075362,0.0,0,,0.016349444002078207,
vsr_v1_BTCUSDT_000090,151738,1,0.0,0.0,0,,0.009129613117428128,
vsr_v1_BTCUSDT_000090,128504,1,0.044600430787232255,5.0,0,,0.032643321324730384,37.0
vsr_v1_BTCUSDT_000090,67546,1,0.27029284540082527,0.0,1,9.0,0.09011799025864094,2.0
vsr_v1_BTCUSDT_000090,149818,1,0.07306534955360161,21.0,0,,0.040195589999077436,31.0
vsr_v1_BTCUSDT_000090,173528,1,0.024486525166620168,0.0,0,,0.02121912681589841,22.0
vsr_v1_BTCUSDT_000091,91095,1,0.02906802638926046,0.0,0,,0.021686460807600994,89.0
vsr_v1_BTCUSDT_000091,115575,1,0.09694574764249066,0.0,0,,0.03922012977693179,48.0
vsr_v1_BTCUSDT_000091,13046,1,0.023503269491332926,0.0,0,,0.03508115612905942,75.0
vsr_v1_BTCUSDT_000091,140436,1,0.0957449677044744,0.0,0,,0.04019876325088322,37.0
vsr_v1_BTCUSDT_000091,120565,1,0.1999913485675068,2.0,0,,0.09010149422046804,10.0
vsr_v1_BTCUSDT_000092,130442,1,0.09973877200691353,5.0,0,,0.04418686309536375,66.0
vsr_v1_BTCUSDT_000092,12170,1,0.026917916832773336,0.0,0,,0.016738264045647773,
vsr_v1_BTCUSDT_000092,108744,1,4.105612180299611e-05,0.0,0,,0.013795204461089713,
vsr_v1_BTCUSDT_000092,114698,1,8.107641494593722e-05,1.0,0,,0.007387797343338717,
vsr_v1_BTCUSDT_000092,118249,1,0.36826747801649323,0.0,0,,0.14002268834664233,44.0
vsr_v1_BTCUSDT_000093,105255,1,0.016450923002999895,0.0,0,,0.016602276672600887,
vsr_v1_BTCUSDT_000093,165927,1,0.0378555943703731,0.0,0,,0.015088849631092175,
vsr_v1_BTCUSDT_000093,108327,1,0.014051838901304396,0.0,0,,0.01757854707663924,
vsr_v1_BTCUSDT_000093,160548,1,0.047242949917877565,0.0,0,,0.02409281004207343,42.0
vsr_v1_BTCUSDT_000093,180231,1,0.05316643015751818,0.0,0,,0.023472345789789018,36.0
vsr_v1_BTCUSDT_000094,129130,1,0.031186969628080295,12.0,0,,0.017436356598907906,
vsr_v1_BTCUSDT_000094,3082,1,0.00420137630680044,0.0,0,,0.009724533835793336,
vsr_v1_BTCUSDT_000094,138537,1,0.0903562641409036,0.0,0,,0.028787760043887802,16.0
vsr_v1_BTCUSDT_000094,121643,1,0.09542239009422838,1.0,0,,0.031744458050530604,45.0
vsr_v1_BTCUSDT_000094,180777,1,0.04958643781233151,5.0,0,,0.020289629438042554,65.0
vsr_v1_BTCUSDT_000095,173929,1,0.015265403917534972,0.0,0,,0.030518559592232777,81.0
vsr_v1_BTCUSDT_000095,139753,1,0.04349276174906549,2.0,0,,0.03774221557713593,82.0
vsr_v1_BTCUSDT_000095,12936,1,0.0556783956438527,7.0,0,,0.023675677480169972,87.0
vsr_v1_BTCUSDT_000095,118155,1,0.00012369563208570653,0.0,0,,0.01030958541988575,
vsr_v1_BTCUSDT_000095,116907,1,0.17085051197652926,0.0,0,,0.059003803123730755,14.0
vsr_v1_BTCUSDT_000096,110602,1,0.017572954741373693,0.0,0,,0.014494641198507057,
vsr_v1_BTCUSDT_000096,117899,1,0.011526684260980549,0.0,0,,0.015031666164619456,
vsr_v1_BTCUSDT_000096,178185,1,0.0475293569989334,3.0,0,,0.021959031185217248,71.0
vsr_v1_BTCUSDT_000096,87753,1,0.023175080781035792,7.0,0,,0.02365688060372359,87.0
vsr_v1_BTCUSDT_000096,176938,1,0.06425009833120009,0.0,0,,0.019777855553658786,
vsr_v1_BTCUSDT_000097,105180,1,0.043561735595392385,0.0,0,,0.028669081452586634,18.0
vsr_v1_BTCUSDT_000097,119774,1,0.03618348217365714,0.0,0,,0.03427028827360136,85.0
vsr_v1_BTCUSDT_000097,172575,1,0.006561450066839655,0.0,0,,0.012738860113305805,
vsr_v1_BTCUSDT_000097,100095,1,0.03688092643530676,0.0,0,,0.02617889328970785,24.0
vsr_v1_BTCUSDT_000097,175742,1,0.08544680481833608,36.0,0,,0.04754268708490039,10.0
vsr_v1_BTCUSDT_000098,87458,1,0.04747104967602162,0.0,0,,0.04747091818749655,17.0
vsr_v1_BTCUSDT_000098,120960,1,0.05292638991558303,0.0,0,,0.03002981970794473,47.0
vsr_v1_BTCUSDT_000098,2307,1,0.11793826366543106,0.0,0,,0.037303412954928505,9.0
vsr_v1_BTCUSDT_000098,140352,1,0.015380297671834036,0.0,0,,0.018433261297674326,
vsr_v1_BTCUSDT_000098,117601,1,0.040770042098329,3.0,0,,0.026147222891587933,44.0
vsr_v1_BTCUSDT_000099,110844,1,0.04476147674309851,0.0,0,,0.01769254857111735,
vsr_v1_BTCUSDT_000099,12348,1,0.024982623873779967,0.0,0,,0.0409616090850024,89.0
vsr_v1_BTCUSDT_000099,109501,1,0.017642936407715314,0.0,0,,0.016770695208983877,
vsr_v1_BTCUSDT_000099,139933,1,0.08144883245200057,25.0,0,,0.02515960162492772,18.0
vsr_v1_BTCUSDT_000099,11773,1,0.12776146518285897,0.0,0,,0.04660472817588073,3.0
vsr_v1_BTCUSDT_000100,120443,1,0.049586705082815874,0.0,0,,0.039095607235142035,13.0
vsr_v1_BTCUSDT_000100,1400,1,0.11455061470199071,28.0,0,,0.04526799473925992,8.0
vsr_v1_BTCUSDT_000100,140411,1,0.0580568544426475,0.0,0,,0.045048356041027464,45.0
vsr_v1_BTCUSDT_000100,175355,1,0.021667615066788624,0.0,0,,0.02199296806552931,86.0
vsr_v1_BTCUSDT_000100,5145,1,0.03738516006972938,0.0,0,,0.014172722443503328,
vsr_v1_BTCUSDT_000101,104888,1,0.04342996368550287,0.0,0,,0.01881863012127636,
vsr_v1_BTCUSDT_000101,137146,1,0.11906812949663625,11.0,0,,0.06667686970717276,32.0
vsr_v1_BTCUSDT_000101,171321,1,0.0800069320860382,0.0,1,46.0,0.04905809963317943,40.0
vsr_v1_BTCUSDT_000101,100857,1,0.07523183747605441,8.0,0,,0.04762422418273792,64.0
vsr_v1_BTCUSDT_000101,117560,1,0.03036425980095104,9.0,0,,0.022173568733404737,85.0
vsr_v1_BTCUSDT_000102,151818,1,0.030174764188307026,0.0,0,,0.04331358959484632,61.0
vsr_v1_BTCUSDT_000102,4264,1,0.023387399500803107,5.0,0,,0.022070980307292747,93.0
vsr_v1_BTCUSDT_000102,111689,1,0.07198299016793114,0.0,0,,0.036195920043811614,26.0
vsr_v1_BTCUSDT_000102,177834,1,0.002983148920583431,0.0,0,,0.01259134050844024,
vsr_v1_BTCUSDT_000102,89323,1,0.014830293270146656,0.0,0,,0.015067221606731056,
vsr_v1_BTCUSDT_000103,116335,1,0.040753764443751554,13.0,0,,0.013914113972627751,
vsr_v1_BTCUSDT_000103,121037,1,0.06559676547722493,0.0,0,,0.06689430726595136,81.0
vsr_v1_BTCUSDT_000103,168750,1,0.07898823943934082,16.0,0,,0.02476378633007166,31.0
vsr_v1_BTCUSDT_000103,65740,1,0.01933793666104862,0.0,0,,0.02310542018896079,92.0
vsr_v1_BTCUSDT_000103,82637,1,0.05062178798648965,11.0,0,,0.02125228989564251,53.0
vsr_v1_BTCUSDT_000104,109440,1,0.017236837132169613,0.0,0,,0.012926780155609864,
vsr_v1_BTCUSDT_000104,94849,1,0.10201452485233797,8.0,0,,0.03838372691826672,58.0
vsr_v1_BTCUSDT_000104,122691,1,0.035585263189857184,0.0,0,,0.03620279512340169,33.0
vsr_v1_BTCUSDT_000104,115585,1,0.10060586217691034,0.0,0,,0.039226352372317974,38.0
vsr_v1_BTCUSDT_000104,154561,1,0.07399557615849006,0.0,0,,0.040382003046145025,49.0
vsr_v1_BTCUSDT_000105,178267,0,0.03545168797844614,0.0,0,,0.044332465072223486,36.0
vsr_v1_BTCUSDT_000105,141211,0,0.16431763879864097,0.0,1,70.0,0.051771595226658924,14.0
vsr_v1_BTCUSDT_000105,134491,0,0.2363352261019347,0.0,1,20.0,0.07627300877343884,14.0
vsr_v1_BTCUSDT_000105,104632,0,0.004172476937713012,0.0,0,,0.01186153564256843,
vsr_v1_BTCUSDT_000105,178747,0,0.05290301460585251,6.0,0,,0.020252819073717246,79.0
vsr_v1_BTCUSDT_000106,108695,0,0.0,0.0,0,,0.012248503677528885,
vsr_v1_BTCUSDT_000106,121654,0,0.09465173562590914,0.0,0,,0.03196069861927184,34.0
vsr_v1_BTCUSDT_000106,109463,0,0.0021415439611950403,0.0,0,,0.010951199338296113,
vsr_v1_BTCUSDT_000106,106775,0,0.007920922896954747,0.0,0,,0.01804006137768009,
vsr_v1_BTCUSDT_000106,174837,0,0.04011807678223614,0.0,0,,0.021737368975448805,32.0
vsr_v1_BTCUSDT_000107,124313,1,0.10729433943187947,0.0,0,,0.05364339526913836,13.0
vsr_v1_BTCUSDT_000107,180377,1,0.013749497652896882,4.0,0,,0.02040802556548623,67.0
vsr_v1_BTCUSDT_000107,177593,1,0.006510969677964475,0.0,0,,0.022506611258027956,60.0
vsr_v1_BTCUSDT_000107,118939,1,0.1815520683428288,0.0,0,,0.2035911988648854,11.0
vsr_v1_BTCUSDT_000107,172986,1,0.06648182498092263,0.0,0,,0.07689229132608288,16.0
vsr_v1_BTCUSDT_000108,125055,1,0.04746009126959262,0.0,0,,0.03809120267515628,55.0
vsr_v1_BTCUSDT_000108,3132,1,0.0,0.0,0,,0.007916002418778517,
vsr_v1_BTCUSDT_000108,111901,1,0.008823550624634045,9.0,0,,0.00886796101353934,
vsr_v1_BTCUSDT_000108,10719,1,0.08699542470126213,0.0,0,,0.06461261427647987,37.0
vsr_v1_BTCUSDT_000108,831,1,0.0169735398024004,0.0,0,,0.0154890068389543,
vsr_v1_BTCUSDT_000109,118185,1,0.026238372880784733,0.0,0,,0.024778161569841774,73.0
vsr_v1_BTCUSDT_000109,152459,1,0.02565411978616884,0.0,0,,0.03505562462661261,87.0
vsr_v1_BTCUSDT_000109,171178,1,0.0,0.0,0,,0.01216598204705204,
vsr_v1_BTCUSDT_000109,65864,1,0.1741901427160773,0.0,1,20.0,0.0715689407454564,9.0
vsr_v1_BTCUSDT_000109,117993,1,0.024541232734124115,0.0,0,,0.016823315988682454,
vsr_v1_BTCUSDT_000110,121970,1,0.007590225033866194,0.0,0,,0.03595183946488287,84.0
vsr_v1_BTCUSDT_000110,98546,1,0.07580563001205139,10.0,0,,0.046408847668312395,6.0
vsr_v1_BTCUSDT_000110,49106,1,0.004790969684314491,0.0,0,,0.024658521188211623,63.0
vsr_v1_BTCUSDT_000110,156720,1,0.049047321499148484,0.0,0,,0.03224325239683189,8.0
vsr_v1_BTCUSDT_000110,44210,1,0.0028938818920313377,5.0,0,,0.0214412540468378,19.0
vsr_v1_BTCUSDT_000111,95503,1,0.06378313205569436,0.0,0,,0.043427055489679754,50.0
vsr_v1_BTCUSDT_000111,171629,1,0.004221110859850803,0.0,0,,0.02421658398665064,52.0
vsr_v1_BTCUSDT_000111,115279,1,0.002375562284930641,0.0,0,,0.019000825144400352,
vsr_v1_BTCUSDT_000111,152908,1,0.061179907776149504,8.0,0,,0.06861135665277603,27.0
vsr_v1_BTCUSDT_000111,70061,1,0.0791644839415261,9.0,0,,0.06661892473389647,76.0
vsr_v1_BTCUSDT_000112,135255,1,0.06739913276547999,0.0,0,,0.038173427898165725,59.0
vsr_v1_BTCUSDT_000112,70932,1,0.0719095318348572,0.0,0,,0.051892860804370715,13.0
vsr_v1_BTCUSDT_000112,78901,1,0.05555976101590308,0.0,0,,0.03626791893227883,39.0
vsr_v1_BTCUSDT_000112,124599,1,0.01767554983291801,8.0,0,,0.022298901836555945,58.0
vsr_v1_BTCUSDT_000112,69111,1,0.021792917023837146,0.0,0,,0.03770794068429147,47.0
vsr_v1_BTCUSDT_000113,89263,1,0.00020396733440031125,0.0,0,,0.008331235540211698,
vsr_v1_BTCUSDT_000113,172876,1,0.047867355624672134,0.0,0,,0.03473260107186912,16.0
vsr_v1_BTCUSDT_000113,121039,1,0.07278873261625422,0.0,0,,0.06682918628110289,79.0
vsr_v1_BTCUSDT_000113,108847,1,0.04017988924059759,0.0,0,,0.029813713911412403,92.0
vsr_v1_BTCUSDT_000113,181133,1,0.007737763909848745,6.0,0,,0.01648645855839776,
vsr_v1_BTCUSDT_000114,106529,0,0.06425937853232723,0.0,0,,0.03920172202706269,11.0
vsr_v1_BTCUSDT_000114,90785,0,0.01848734889724461,0.0,0,,0.011299502582743447,
vsr_v1_BTCUSDT_000114,165184,0,0.0,0.0,0,,0.010955323924607142,
vsr_v1_BTCUSDT_000114,104800,0,0.08437201542689995,0.0,0,,0.045486510442229004,9.0
vsr_v1_BTCUSDT_000114,112960,0,0.01621366820881929,6.0,0,,0.015807167972364446,
vsr_v1_BTCUSDT_000115,452,1,0.0026529164929286063,0.0,0,,0.02269508789982121,28.0
vsr_v1_BTCUSDT_000115,80036,1,0.19620449585812663,0.0,0,,0.0984986821865808,54.0
vsr_v1_BTCUSDT_000115,146471,1,0.7335393856904489,0.0,1,37.0,0.1846540028075319,3.0
vsr_v1_BTCUSDT_000115,162980,1,0.11828882313924677,4.0,0,,0.04036071041727559,11.0
vsr_v1_BTCUSDT_000115,157702,1,0.004340667805726875,2.0,0,,0.01582343296654883,
vsr_v1_BTCUSDT_000116,77203,1,0.03605612391582172,0.0,0,,0.04324861437466657,12.0
vsr_v1_BTCUSDT_000116,42929,1,0.023151057479365418,0.0,0,,0.04907222000278877,41.0
vsr_v1_BTCUSDT_000116,45136,1,0.041708688725288504,0.0,0,,0.05334477760278763,18.0
vsr_v1_BTCUSDT_000116,55891,1,0.06945446627050296,0.0,0,,0.04508572358076237,36.0
vsr_v1_BTCUSDT_000116,55601,1,0.03316223372617623,0.0,0,,0.02867174337229484,5.0
vsr_v1_BTCUSDT_000117,174057,1,0.11244892484688511,15.0,0,,0.04540396002025495,7.0
vsr_v1_BTCUSDT_000117,109450,1,0.01897809090539209,12.0,0,,0.011540429465066716,
vsr_v1_BTCUSDT_000117,82664,1,0.07794020326387188,0.0,0,,0.028665495598220722,57.0
vsr_v1_BTCUSDT_000117,110122,1,0.026038064006678935,0.0,0,,0.02100626402706603,95.0
vsr_v1_BTCUSDT_000117,103594,1,0.031073062435106408,7.0,0,,0.015275379290410113,
vsr_v1_BTCUSDT_000118,153678,1,0.0,0.0,0,,0.011811333401331883,
vsr_v1_BTCUSDT_000118,140238,1,0.00010792033369632194,1.0,0,,0.011779591860783652,
vsr_v1_BTCUSDT_000118,125358,1,0.03900724241833172,0.0,0,,0.0349799883235913,63.0
vsr_v1_BTCUSDT_000118,147916,1,0.11184479178224911,0.0,0,,0.04890481623187622,21.0
vsr_v1_BTCUSDT_000118,78798,1,0.08270331589369148,10.0,0,,0.03792737183855064,24.0
vsr_v1_BTCUSDT_000119,139772,1,0.06785635242676671,0.0,0,,0.03621526870640576,64.0
vsr_v1_BTCUSDT_000119,85340,1,0.060144481806867794,12.0,0,,0.03651599602962514,34.0
vsr_v1_BTCUSDT_000119,172031,1,0.07911025242495622,18.0,0,,0.03072453683198309,28.0
vsr_v1_BTCUSDT_000119,121053,1,0.09619815703265898,3.0,0,,0.06377193389974553,65.0
vsr_v1_BTCUSDT_000119,2879,1,0.014195473655845833,0.0,0,,0.022212811868425743,65.0
vsr_v1_BTCUSDT_000120,4522,1,0.006461932043600923,0.0,0,,0.009633369413778545,
vsr_v1_BTCUSDT_000120,84778,1,0.01330361877455995,0.0,0,,0.017878891216446632,
vsr_v1_BTCUSDT_000120,112042,1,0.0,0.0,0,,0.003741356615908929,
vsr_v1_BTCUSDT_000120,143242,1,0.03296691353907746,0.0,0,,0.03572438375835131,48.0
vsr_v1_BTCUSDT_000120,139785,1,0.07244112894595128,0.0,0,,0.03587031002888365,51.0
vsr_v1_BTCUSDT_000121,99035,1,0.10278216330429628,0.0,0,,0.03955872993423376,46.0
vsr_v1_BTCUSDT_000121,157306,1,0.2022126127929158,0.0,0,,0.06098757949629161,1.0
vsr_v1_BTCUSDT_000121,122651,1,0.016803194124731136,8.0,0,,0.035488403845285434,65.0
vsr_v1_BTCUSDT_000121,18201,1,0.04960426891947206,3.0,0,,0.03741094428976621,62.0
vsr_v1_BTCUSDT_000121,87129,1,0.0007605664163647047,0.0,0,,0.015643693028961392,
vsr_v1_BTCUSDT_000122,100807,1,0.04613358132274948,6.0,0,,0.03388613084062203,39.0
vsr_v1_BTCUSDT_000122,116357,1,0.04124258808372676,0.0,0,,0.011966697389568967,
vsr_v1_BTCUSDT_000122,87271,1,0.010957750505871083,0.0,0,,0.031210167886667438,94.0
vsr_v1_BTCUSDT_000122,96196,1,0.04015053438057082,0.0,0,,0.024926529863637626,80.0
vsr_v1_BTCUSDT_000122,105126,1,0.06503136360097582,0.0,0,,0.02591633275036349,6.0
vsr_v1_BTCUSDT_000123,106407,0,0.07886902800640362,0.0,1,47.0,0.05014996862017319,41.0
vsr_v1_BTCUSDT_000123,89029,0,0.028748452106422052,0.0,0,,0.04448281718847291,26.0
vsr_v1_BTCUSDT_000123,113894,0,0.10872667790089176,0.0,0,,0.07559661221308944,10.0
vsr_v1_BTCUSDT_000123,143172,0,0.03646593102125881,0.0,0,,0.023252891899500427,37.0
vsr_v1_BTCUSDT_000123,4452,0,0.010512911732686146,0.0,0,,0.011995796035226276,
vsr_v1_BTCUSDT_000124,100710,1,0.02309887321997311,0.0,0,,0.027992044819039538,92.0
vsr_v1_BTCUSDT_000124,91589,1,0.06510455585879855,0.0,0,,0.05700254721527403,88.0
vsr_v1_BTCUSDT_000124,112421,1,0.055172529417715166,1.0,0,,0.03287606514274378,91.0
vsr_v1_BTCUSDT_000124,140549,1,0.04707351966531346,0.0,0,,0.03694076213039679,51.0
vsr_v1_BTCUSDT_000124,2789,1,0.010813648953045507,0.0,0,,0.015386193120016305,
vsr_v1_BTCUSDT_000125,115208,1,0.02554682895872989,7.0,0,,0.027861212993248428,45.0
vsr_v1_BTCUSDT_000125,169163,1,0.031968808423578944,0.0,0,,0.031328253527411025,34.0
vsr_v1_BTCUSDT_000125,29483,1,0.03044992447107468,4.0,0,,0.02663159447658292,42.0
vsr_v1_BTCUSDT_000125,1257,1,0.029082604923026268,0.0,0,,0.0245192506119495,80.0
vsr_v1_BTCUSDT_000125,127496,1,0.0,0.0,0,,0.010336843067053663,
vsr_v1_BTCUSDT_000126,18821,0,0.01621638958793696,0.0,0,,0.021137746469580103,94.0
vsr_v1_BTCUSDT_000126,38310,0,0.12288821257585406,0.0,0,,0.04873307683989495,11.0
vsr_v1_BTCUSDT_000126,60004,0,0.014524864383824807,6.0,0,,0.02495034672174864,55.0
vsr_v1_BTCUSDT_000126,49828,0,0.07209560979296664,10.0,0,,0.058145599793334175,34.0
vsr_v1_BTCUSDT_000126,164069,0,0.11441123868830258,0.0,0,,0.05562021784494754,15.0
vsr_v1_BTCUSDT_000127,169432,1,0.050464230691795266,1.0,0,,0.03949891966691753,41.0
vsr_v1_BTCUSDT_000127,6521,1,0.018612117417859925,0.0,0,,0.02630168849069603,46.0
vsr_v1_BTCUSDT_000127,126331,1,0.2084999930440397,0.0,0,,0.09472695222262513,30.0
vsr_v1_BTCUSDT_000127,129497,1,0.010446708525829122,0.0,0,,0.028555029415985016,89.0
vsr_v1_BTCUSDT_000127,129785,1,0.07392531460251006,3.0,0,,0.042501343272551555,61.0
vsr_v1_BTCUSDT_000128,93370,1,0.06894818310557131,0.0,0,,0.04391123357102465,20.0
vsr_v1_BTCUSDT_000128,148569,1,0.05226083977113003,0.0,0,,0.03295170881115093,77.0
vsr_v1_BTCUSDT_000128,124089,1,0.014610838489944059,0.0,0,,0.022249078780554307,89.0
vsr_v1_BTCUSDT_000128,78778,1,0.11357850692485026,12.0,0,,0.04899177587623972,1.0
vsr_v1_BTCUSDT_000128,158649,1,0.1473919741453159,0.0,0,,0.06499779526542085,4.0
vsr_v1_BTCUSDT_000129,56730,1,0.035151371626024226,1.0,0,,0.047793808234962126,63.0
vsr_v1_BTCUSDT_000129,124025,1,0.0051367844227443345,0.0,0,,0.035475981233231535,61.0
vsr_v1_BTCUSDT_000129,126235,1,0.00039849348282081304,0.0,0,,0.018237442381080476,
vsr_v1_BTCUSDT_000129,71131,1,0.15230112021290404,0.0,0,,0.06325439053105596,14.0
vsr_v1_BTCUSDT_000129,38777,1,0.04274528730614309,9.0,0,,0.03654812089579462,27.0
vsr_v1_BTCUSDT_000130,176134,1,0.08425441893359832,0.0,1,20.0,0.023591995942354133,15.0
vsr_v1_BTCUSDT_000130,138501,1,0.08541352066338594,11.0,0,,0.03530474501773933,51.0
vsr_v1_BTCUSDT_000130,11591,1,0.01660819510200601,6.0,0,,0.019668062781101246,
vsr_v1_BTCUSDT_000130,116903,1,0.1586849202090441,0.0,0,,0.059050026236244446,18.0
vsr_v1_BTCUSDT_000130,105476,1,0.05806841529069711,0.0,0,,0.07643443301320131,39.0
vsr_v1_BTCUSDT_000131,82718,1,0.0768425657523272,1.0,0,,0.026270521408785944,34.0
vsr_v1_BTCUSDT_000131,90975,1,0.027876898260884662,0.0,0,,0.014495592556317162,
vsr_v1_BTCUSDT_000131,10815,1,0.07519652165946795,7.0,0,,0.0173672017289435,
vsr_v1_BTCUSDT_000131,102300,1,0.07416323994074644,9.0,0,,0.028413386643598375,16.0
vsr_v1_BTCUSDT_000131,119582,1,0.06021461016100618,0.0,0,,0.02274889765606861,83.0
vsr_v1_BTCUSDT_000132,90110,1,0.027244950600457906,0.0,0,,0.014573944311815688,
vsr_v1_BTCUSDT_000132,151164,1,0.10289198392490728,0.0,0,,0.03810579477047564,30.0
vsr_v1_BTCUSDT_000132,178332,1,0.05071112686801724,0.0,0,,0.022362311735482,74.0
vsr_v1_BTCUSDT_000132,89439,1,0.09932663951418459,0.0,0,,0.05039555347474811,27.0
vsr_v1_BTCUSDT_000132,127742,1,0.18114415725940192,7.0,1,25.0,0.05758356657583563,13.0
vsr_v1_BTCUSDT_000133,156795,1,0.061160634974255265,0.0,0,,0.06031549510393846,26.0
vsr_v1_BTCUSDT_000133,58584,1,0.0934440072991374,0.0,0,,0.033736275679867284,12.0
vsr_v1_BTCUSDT_000133,80472,1,0.006629160292412889,0.0,0,,0.022325543908078255,41.0
vsr_v1_BTCUSDT_000133,72697,1,0.038912439409020456,0.0,0,,0.056459807135599394,33.0
vsr_v1_BTCUSDT_000133,54554,1,0.022790622885419033,2.0,0,,0.026956688281711525,24.0
vsr_v1_BTCUSDT_000134,57764,1,0.1249200617980022,0.0,0,,0.10318947589651953,10.0
vsr_v1_BTCUSDT_000134,16582,1,0.0033511553862524443,0.0,0,,0.036572108152737336,29.0
vsr_v1_BTCUSDT_000134,41061,1,0.07313251763473468,0.0,0,,0.05385584905660369,10.0
vsr_v1_BTCUSDT_000134,56231,1,0.015319878704474118,6.0,0,,0.03447836395474954,29.0
vsr_v1_BTCUSDT_000134,72357,1,0.00043820473634814065,1.0,0,,0.03469949490172325,11.0
vsr_v1_BTCUSDT_000135,8668,1,0.010931854258533161,0.0,0,,0.015001293214932323,
vsr_v1_BTCUSDT_000135,165439,1,0.09900807773260348,0.0,0,,0.03580026810634952,35.0
vsr_v1_BTCUSDT_000135,178780,1,0.04204948575983863,0.0,0,,0.015080636194813271,
vsr_v1_BTCUSDT_000135,130974,1,0.004467057889724296,0.0,0,,0.014477722346797046,
vsr_v1_BTCUSDT_000135,799,1,0.01658686141418541,0.0,0,,0.02172314125568422,56.0
vsr_v1_BTCUSDT_000136,124804,1,0.0,0.0,0,,0.014399638983410169,
vsr_v1_BTCUSDT_000136,1447,1,0.06089417596783789,0.0,0,,0.02286431359203684,5.0
vsr_v1_BTCUSDT_000136,180580,1,0.0,0.0,0,,0.010089510584711752,
vsr_v1_BTCUSDT_000136,145348,1,0.039844458736137595,0.0,0,,0.043342444950645494,49.0
vsr_v1_BTCUSDT_000136,117127,1,0.01952765267780846,0.0,0,,0.021791164952604088,92.0
vsr_v1_BTCUSDT_000137,164889,1,0.11312643693244939,16.0,1,8.0,0.03876141820890627,10.0
vsr_v1_BTCUSDT_000137,134265,1,0.0,0.0,0,,0.017762986370028065,
vsr_v1_BTCUSDT_000137,87129,1,0.0007605664163647047,0.0,0,,0.015643693028961392,
vsr_v1_BTCUSDT_000137,162107,1,0.05854960557873021,0.0,0,,0.0431786304273292,38.0
vsr_v1_BTCUSDT_000137,120251,1,0.04028509718567929,0.0,0,,0.03149308510181094,28.0
vsr_v1_BTCUSDT_000138,175676,0,0.07052835000466301,0.0,0,,0.05323241855436137,70.0
vsr_v1_BTCUSDT_000138,1918,0,0.002108567667581816,7.0,0,,0.015127002881690237,
vsr_v1_BTCUSDT_000138,85053,0,0.11655824076716748,0.0,0,,0.056714035757302425,27.0
vsr_v1_BTCUSDT_000138,131038,0,0.1020025036000601,0.0,1,73.0,0.07855700513121476,62.0
vsr_v1_BTCUSDT_000138,12767,0,0.06724531993423705,0.0,0,,0.050573503530030546,43.0
vsr_v1_BTCUSDT_000139,44225,1,0.0,0.0,0,,0.02315689640683331,76.0
vsr_v1_BTCUSDT_000139,147715,1,0.01639868130565235,0.0,0,,0.01893005496580374,
vsr_v1_BTCUSDT_000139,13987,1,0.06289099209474068,2.0,0,,0.050005696367552574,43.0
vsr_v1_BTCUSDT_000139,59682,1,0.017716011374685904,0.0,0,,0.0337903239999296,20.0
vsr_v1_BTCUSDT_000139,43651,1,0.022816722160712545,2.0,0,,0.042038112945412105,22.0
vsr_v1_BTCUSDT_000140,144828,1,0.022574391748126758,10.0,0,,0.0418742483434078,90.0
vsr_v1_BTCUSDT_000140,49694,1,0.1075126378260301,0.0,0,,0.05185769034842997,24.0
vsr_v1_BTCUSDT_000140,80221,1,0.08760443025476083,0.0,0,,0.04608016781611478,11.0
vsr_v1_BTCUSDT_000140,131679,1,0.10854208035739996,0.0,0,,0.07274632820399073,34.0
vsr_v1_BTCUSDT_000140,105854,1,0.0,0.0,0,,0.02111695197016669,43.0
vsr_v1_BTCUSDT_000141,121332,1,0.05311171739426112,5.0,0,,0.03291580492361061,19.0
vsr_v1_BTCUSDT_000141,129589,1,0.03142346177830967,9.0,0,,0.022067651103902693,26.0
vsr_v1_BTCUSDT_000141,118743,1,0.013924778494039215,0.0,0,,0.03145841920683289,79.0
vsr_v1_BTCUSDT_000141,79573,1,0.08011200661181062,8.0,0,,0.023065153112916938,63.0
vsr_v1_BTCUSDT_000141,101653,1,0.2024954478436618,7.0,0,,0.10092841956059535,44.0
vsr_v1_BTCUSDT_000142,7495,0,0.08396402405446758,0.0,0,,0.04553298710978959,48.0
vsr_v1_BTCUSDT_000142,121255,0,0.07297047597633406,0.0,0,,0.05766186195646668,46.0
vsr_v1_BTCUSDT_000142,118756,0,0.013924778494039213,0.0,0,,0.03144970614064712,66.0
vsr_v1_BTCUSDT_000142,11908,0,0.00019326256039845012,0.0,0,,0.009957716019495765,
vsr_v1_BTCUSDT_000142,155334,0,0.11249064718371794,0.0,0,,0.058601482503423306,24.0
vsr_v1_BTCUSDT_000143,2114,1,0.023066382999350675,2.0,0,,0.01188828321818928,
vsr_v1_BTCUSDT_000143,102243,1,0.11765377820964958,16.0,0,,0.03688509970392038,54.0
vsr_v1_BTCUSDT_000143,109537,1,0.06698648718053543,8.0,0,,0.02312904931905331,74.0
vsr_v1_BTCUSDT_000143,114912,1,0.11144038130008382,0.0,0,,0.0389380394097813,56.0
vsr_v1_BTCUSDT_000143,88802,1,0.14791392712495122,8.0,0,,0.059663576668278664,37.0
vsr_v1_BTCUSDT_000144,139934,1,0.08049008683149413,24.0,0,,0.02504606425267524,17.0
vsr_v1_BTCUSDT_000144,129183,1,0.021902037814637388,10.0,0,,0.014234826054774274,
vsr_v1_BTCUSDT_000144,65820,1,0.11958468594178939,7.0,0,,0.04979077110830548,33.0
vsr_v1_BTCUSDT_000144,104126,1,0.05273581093098389,12.0,0,,0.022306053380796168,88.0
vsr_v1_BTCUSDT_000144,161436,1,0.1386105889709211,12.0,1,9.0,0.05715439335467825,1.0
vsr_v1_BTCUSDT_000145,113559,1,0.04020529352252347,0.0,0,,0.015127443531118214,
vsr_v1_BTCUSDT_000145,121719,1,0.10059778591496028,17.0,0,,0.03907761024972493,65.0
vsr_v1_BTCUSDT_000145,110199,1,0.09628673694100248,3.0,0,,0.04213968183989127,48.0
vsr_v1_BTCUSDT_000145,108566,1,0.018994174514200185,1.0,0,,0.025300266719679224,32.0
vsr_v1_BTCUSDT_000145,89365,1,0.025351665481384938,0.0,0,,0.021513920420599745,81.0
vsr_v1_BTCUSDT_000146,175640,1,0.005812741763150331,0.0,0,,0.01691338805818686,
vsr_v1_BTCUSDT_000146,3896,1,0.003307448193784006,0.0,0,,0.018330883135326926,
vsr_v1_BTCUSDT_000146,110362,1,0.026270824698969693,8.0,0,,0.011362818636941446,
vsr_v1_BTCUSDT_000146,105370,1,0.0037739767294962486,0.0,0,,0.01620228937391883,
vsr_v1_BTCUSDT_000146,115737,1,0.07127168917060443,20.0,0,,0.020527361826555433,63.0
vsr_v1_BTCUSDT_000147,138517,1,0.08441028432219647,0.0,0,,0.034133096209727334,35.0
vsr_v1_BTCUSDT_000147,139766,1,0.0620134361786985,0.0,0,,0.03793338342391543,69.0
vsr_v1_BTCUSDT_000147,176822,1,0.1093630737301209,0.0,0,,0.051619183163297284,9.0
vsr_v1_BTCUSDT_000147,172021,1,0.08040440511563084,0.0,0,,0.030521401982809743,38.0
vsr_v1_BTCUSDT_000147,96756,1,0.04148995032840598,0.0,0,,0.015757974584485752,
