event_id,symbol,vsr_def_version,enter_idx,exit_idx,enter_ts,exit_ts,duration_bars,time_to_relax,rv_peak,t_rv_peak,rv_base_enter,rv_decay_half_life,auc_excess_rv,secondary_shock_within_h,time_to_secondary_shock,realized_vol_mean_96,realized_vol_p90_96,range_pct_96,relaxed_within_96,skew_returns_96,kurtosis_returns_96,tod_bucket,vol_regime_q,vol_regime,bull_bear,year,time_to_range_expansion
vsr_v1_BTCUSDT_000001,BTCUSDT,v1,1027,1076,2020-06-11 16:45:00+00:00,2020-06-12 05:00:00+00:00,50,49,0.013816699979420385,2,0.0011111291710099174,12.0,0.2403940277108361,1,3.0,0.0035894181164824544,0.013351705342855204,0.05448964605345588,1,-3.4977205434949643,37.431523086471245,16,0.0,low,bear,2020,1.0
vsr_v1_BTCUSDT_000002,BTCUSDT,v1,4830,4910,2020-07-21 07:30:00+00:00,2020-07-22 03:30:00+00:00,81,80,0.003486827471950901,10,0.0005839691265993091,12.0,0.08421090647438784,1,11.0,0.001452122801592998,0.0034205600505356954,0.023955435938088278,1,3.2880182236270867,21.23063320278599,7,0.0,low,bull,2020,19.0
vsr_v1_BTCUSDT_000003,BTCUSDT,v1,5320,5374,2020-07-26 10:00:00+00:00,2020-07-26 23:30:00+00:00,55,54,0.006059041257138967,10,0.0010442037289933148,12.0,0.17737073561393804,1,11.0,0.002872768013673088,0.005805569515612618,0.05490764534053722,1,2.0418692080140945,9.959153232425571,10,0.0,low,bull,2020,1.0
vsr_v1_BTCUSDT_000004,BTCUSDT,v1,5443,5553,2020-07-27 16:45:00+00:00,2020-07-28 20:15:00+00:00,111,110,0.010407608749082116,31,0.0015373107264717609,12.0,0.4202040191698249,0,,0.005869310924098822,0.008447869038904389,0.09850278746294262,0,0.7962258761402977,3.4666291354038488,16,1.0,low,bull,2020,1.0
vsr_v1_BTCUSDT_000005,BTCUSDT,v1,5970,5987,2020-08-02 04:30:00+00:00,2020-08-02 08:45:00+00:00,18,17,0.024475347469856645,8,0.0025082031393807436,12.0,0.31285194262301436,1,9.0,0.00553251563397499,0.02401481748974684,0.13629092808409232,1,-7.429676733188798,66.99206249086782,4,2.0,high,bear,2020,1.0
vsr_v1_BTCUSDT_000006,BTCUSDT,v1,6761,6796,2020-08-10 10:15:00+00:00,2020-08-10 19:00:00+00:00,36,35,0.012664585059702596,10,0.0019326785447940828,12.0,0.15167580068347708,1,11.0,0.003256168606438435,0.012415874235557007,0.054383080279867796,1,-5.566733361428351,49.72394535846244,10,1.0,low,bear,2020,1.0
vsr_v1_BTCUSDT_000007,BTCUSDT,v1,9117,9143,2020-09-03 23:15:00+00:00,2020-09-04 05:45:00+00:00,27,26,0.013759477330248132,11,0.0021212918812617406,12.0,0.36978680082554505,0,,0.005933069237812494,0.013281357838913342,0.07669331898963291,1,-2.1879983124866778,17.816368489289392,23,2.0,high,bear,2020,1.0
vsr_v1_BTCUSDT_000008,BTCUSDT,v1,12584,12603,2020-10-10 02:00:00+00:00,2020-10-10 06:45:00+00:00,20,19,0.007434567276972578,8,0.0010593954960596594,12.0,0.10913983646541009,1,9.0,0.0021582643763623397,0.007197685924826189,0.03678838491348718,1,5.80247720545197,47.86403531558596,2,0.0,low,bull,2020,1.0
vsr_v1_BTCUSDT_000009,BTCUSDT,v1,16342,16411,2020-11-18 05:30:00+00:00,2020-11-18 22:45:00+00:00,70,69,0.012987839459157725,3,0.0024166577017420993,12.0,0.28240895854980763,1,4.0,0.00532809026411125,0.011937552147430086,0.06152987177040456,1,-2.431658266149174,16.33707931979205,5,2.0,high,bull,2020,1.0
vsr_v1_BTCUSDT_000010,BTCUSDT,v1,17621,17661,2020-12-01 13:15:00+00:00,2020-12-01 23:15:00+00:00,41,40,0.01786084155239945,3,0.003276808381442219,12.0,0.3180229533404834,0,,0.006544289647463542,0.013152085695483052,0.07411394616519722,1,1.199382675469004,3.523033205144077,13,3.0,high,bear,2020,1.0
vsr_v1_BTCUSDT_000011,BTCUSDT,v1,19065,19090,2020-12-16 14:15:00+00:00,2020-12-16 20:30:00+00:00,26,25,0.010837628242738692,2,0.001886963484311313,11.0,0.41473852731955047,1,3.0,0.006158270848246072,0.01062797547486393,0.16795369525536327,1,-0.4857790714373275,3.323479581935566,14,1.0,low,bull,2020,1.0
vsr_v1_BTCUSDT_000012,BTCUSDT,v1,23267,23344,2021-01-29 08:45:00+00:00,2021-01-30 04:00:00+00:00,78,77,0.03368476350329338,8,0.0053946546959699766,12.0,0.6597023261849684,1,9.0,0.012165331357428222,0.02948178923443539,0.15913155214558242,1,2.439879127735358,15.122452533809668,8,3.0,high,bull,2021,1.0
vsr_v1_BTCUSDT_000013,BTCUSDT,v1,24243,24271,2021-02-08 12:45:00+00:00,2021-02-08 19:45:00+00:00,29,28,0.02512224791421049,10,0.004032262737889966,12.0,0.5015157026918801,1,11.0,0.009202527714094915,0.022970458320347463,0.177546596913996,1,2.8852922000301975,17.816688333394058,12,3.0,high,bull,2021,1.0
vsr_v1_BTCUSDT_000014,BTCUSDT,v1,30830,30892,2021-04-18 03:30:00+00:00,2021-04-18 19:00:00+00:00,63,62,0.01977550640837848,10,0.002689783788035729,12.0,0.423019480134023,1,11.0,0.007049783878880628,0.018666759083664334,0.16372742336448332,1,-2.717157188399402,17.07730557729669,3,2.0,high,bear,2021,1.0
vsr_v1_BTCUSDT_000015,BTCUSDT,v1,33217,33245,2021-05-13 00:15:00+00:00,2021-05-13 07:15:00+00:00,29,28,0.0196783315642963,2,0.0037164951308286385,11.0,0.4330152529510254,0,,0.008180569903519622,0.01399896747180791,0.0879330415553823,1,0.3019928788332115,0.8744510250234008,0,3.0,high,bear,2021,1.0
vsr_v1_BTCUSDT_000016,BTCUSDT,v1,33846,33918,2021-05-19 13:30:00+00:00,2021-05-20 07:30:00+00:00,73,72,0.04411941508738316,6,0.007408563702787383,17.0,1.0302671739982685,1,7.0,0.018029874774934482,0.03544578622825151,0.2740947075208914,1,1.1769994714491856,3.4099926044722975,13,3.0,high,bear,2021,1.0
vsr_v1_BTCUSDT_000017,BTCUSDT,v1,40324,40441,2021-07-26 01:00:00+00:00,2021-07-27 06:15:00+00:00,118,117,0.01446628822959848,4,0.0023170084650935814,12.0,0.47456247699320925,1,5.0,0.007209405135126665,0.013434485036104865,0.3029235432220637,0,0.14893097216610143,5.230142034510505,1,2.0,high,bull,2021,1.0
vsr_v1_BTCUSDT_000018,BTCUSDT,v1,44507,44618,2021-09-07 14:45:00+00:00,2021-09-08 18:30:00+00:00,112,111,0.020608954531675962,10,0.0017819016956317339,13.0,0.4928084710626323,1,11.0,0.006862401397308355,0.018899119250455523,0.1652643423279838,0,-2.7457108930266645,15.527209783012704,14,1.0,low,bear,2021,1.0
vsr_v1_BTCUSDT_000019,BTCUSDT,v1,45080,45094,2021-09-13 14:00:00+00:00,2021-09-13 17:30:00+00:00,15,14,0.01601286539657849,0,0.002572476959176383,12.0,0.18319554444026703,1,1.0,0.004136843575811646,0.01373422200752983,0.07779290876242091,1,-5.438612840880603,46.59955439440493,14,2.0,high,bear,2021,1.0
vsr_v1_BTCUSDT_000020,BTCUSDT,v1,45794,45812,2021-09-21 00:30:00+00:00,2021-09-21 05:00:00+00:00,19,18,0.013361736438082129,4,0.0022327937169284544,12.0,0.3588627093510589,1,5.0,0.0059293006998430665,0.011390258707329525,0.09843781425213263,1,0.767360900127902,1.5840929138071886,0,2.0,high,bear,2021,1.0
vsr_v1_BTCUSDT_000021,BTCUSDT,v1,52917,52939,2021-12-04 05:15:00+00:00,2021-12-04 10:45:00+00:00,23,22,0.027292070452451515,9,0.0031041348396990288,12.0,0.42932438978180765,1,10.0,0.007485068673249958,0.024754301037675792,0.19358773849110278,1,-4.113176750647786,31.929431732186888,5,3.0,high,bear,2021,1.0
vsr_v1_BTCUSDT_000022,BTCUSDT,v1,62696,62716,2022-03-16 02:00:00+00:00,2022-03-16 07:00:00+00:00,21,20,0.017757298326582148,9,0.0024334225735325003,16.0,0.34079253356559563,1,10.0,0.005888179369717482,0.014070027963596157,0.07497077492343512,1,1.3128709038250725,20.06668393769702,2,2.0,high,bull,2022,1.0
vsr_v1_BTCUSDT_000023,BTCUSDT,v1,63826,63856,2022-03-27 20:30:00+00:00,2022-03-28 04:00:00+00:00,31,30,0.009699089388629402,11,0.0013076683696903613,12.0,0.16466746003424687,0,,0.0029948847351359306,0.009139448456057226,0.07489999978343212,1,5.304897557670861,41.00828454084388,20,0.0,low,bull,2022,1.0
vsr_v1_BTCUSDT_000024,BTCUSDT,v1,65929,65966,2022-04-18 18:15:00+00:00,2022-04-19 03:30:00+00:00,38,37,0.0067037932706189044,1,0.0011929040550966766,9.0,0.11141735634814573,1,2.0,0.002338843776551886,0.0037428988290378585,0.03467266141144833,1,1.1642710987497802,2.8720122585071555,18,0.0,low,bull,2022,1.0
vsr_v1_BTCUSDT_000025,BTCUSDT,v1,67548,67594,2022-05-05 15:00:00+00:00,2022-05-06 02:30:00+00:00,47,46,0.008775884598077958,6,0.001572605447558234,12.0,0.2752402699918117,1,7.0,0.004391280677090711,0.008360148928536837,0.0815141020095062,1,-1.8561622019420636,8.073600329219099,15,1.0,low,bear,2022,1.0
vsr_v1_BTCUSDT_000026,BTCUSDT,v1,67954,68019,2022-05-09 20:30:00+00:00,2022-05-10 12:45:00+00:00,66,65,0.014237491175644393,0,0.002693881506696723,28.0,0.440208966560967,0,,0.007232118275366485,0.01173900239319192,0.09581589414303164,1,-0.2722678456900407,1.024400989656176,20,2.0,high,bear,2022,1.0
vsr_v1_BTCUSDT_000027,BTCUSDT,v1,72961,72990,2022-07-01 00:15:00+00:00,2022-07-01 07:30:00+00:00,30,29,0.01753902201844426,9,0.002887993795964031,12.0,0.2645268960143459,0,,0.005526357030997007,0.01410480057390862,0.09656532906237497,1,2.7183006130730005,22.33977016581224,0,3.0,high,bull,2022,1.0
vsr_v1_BTCUSDT_000028,BTCUSDT,v1,74162,74197,2022-07-13 12:30:00+00:00,2022-07-13 21:15:00+00:00,36,35,0.015106277832837623,9,0.00257354285580531,12.0,0.2268060527917332,1,10.0,0.004750853479056757,0.014074716772529725,0.0802298850574712,1,-4.4120032120406165,35.35031152579488,12,2.0,high,bear,2022,1.0
vsr_v1_BTCUSDT_000029,BTCUSDT,v1,80114,80161,2022-09-13 12:30:00+00:00,2022-09-14 00:15:00+00:00,48,47,0.014408957417839542,9,0.002429029556884134,12.0,0.20716274042930644,1,10.0,0.0043436441601529575,0.014294967095921223,0.13893184031608147,1,-5.49362519660283,42.023645648063095,12,2.0,high,bear,2022,1.0
vsr_v1_BTCUSDT_000030,BTCUSDT,v1,80910,80930,2022-09-21 19:30:00+00:00,2022-09-22 00:30:00+00:00,21,20,0.01896985541004491,3,0.0036310491925173535,7.0,0.16215715800376912,0,,0.005161161068746591,0.0077277154853329115,0.07049683887188223,1,-0.6157544263609449,1.6231441732037264,19,3.0,high,bear,2022,3.0
vsr_v1_BTCUSDT_000031,BTCUSDT,v1,82994,83035,2022-10-13 12:30:00+00:00,2022-10-13 22:45:00+00:00,42,41,0.007738291933862519,11,0.0011839366536222176,23.0,0.23012451347212456,1,16.0,0.003538584340951622,0.006559906357220059,0.11081634324080909,1,-0.3260180848904642,9.652465601021225,12,0.0,low,bear,2022,1.0
vsr_v1_BTCUSDT_000032,BTCUSDT,v1,84165,84240,2022-10-25 17:15:00+00:00,2022-10-26 12:00:00+00:00,76,75,0.00600908955889481,10,0.0009233496196269234,23.0,0.24970440488307308,1,11.0,0.0034976218349163373,0.005489429786028733,0.055535266720362526,1,1.1174239774300956,5.511130689033349,17,0.0,low,bull,2022,4.0
vsr_v1_BTCUSDT_000033,BTCUSDT,v1,85456,85486,2022-11-08 04:00:00+00:00,2022-11-08 11:30:00+00:00,31,30,0.007809731186335894,6,0.001342240060761674,12.0,0.5853545843388548,1,7.0,0.007376603482663285,0.0166102407085072,0.19530953140911644,1,-0.32120142494973714,7.133374908188449,4,0.0,low,bear,2022,1.0
vsr_v1_BTCUSDT_000034,BTCUSDT,v1,85504,85650,2022-11-08 16:00:00+00:00,2022-11-10 04:30:00+00:00,147,146,0.018639110646618537,14,0.0014460552794529496,26.0,0.7256873602234435,1,15.0,0.008927368271447212,0.0166102407085072,0.19101463206766525,0,-0.3039545093688183,4.0530212193899455,16,0.0,low,bull,2022,1.0
vsr_v1_BTCUSDT_000035,BTCUSDT,v1,87554,87577,2022-11-30 00:30:00+00:00,2022-11-30 06:15:00+00:00,24,23,0.007212696327520376,11,0.0012473757650385293,12.0,0.14029625120265127,0,,0.00261787058929148,0.00674255819444591,0.04754690526265755,1,3.733311267230806,24.577158045530563,0,0.0,low,bull,2022,1.0
vsr_v1_BTCUSDT_000036,BTCUSDT,v1,88839,88907,2022-12-13 09:45:00+00:00,2022-12-14 02:45:00+00:00,69,68,0.005554379239268358,25,0.000628130040494877,12.0,0.14706306069610972,1,26.0,0.0021415045004652324,0.00532102396392096,0.05282663821096229,1,3.6875331995970737,18.13877627911103,9,0.0,low,bull,2022,14.0
vsr_v1_BTCUSDT_000037,BTCUSDT,v1,88976,88993,2022-12-14 20:00:00+00:00,2022-12-15 00:15:00+00:00,18,17,0.0063424648003747724,1,0.0010777086239283128,10.0,0.08982117814326104,1,2.0,0.0019462296901280476,0.003724860132703951,0.035415026823645085,1,-1.2263373777719124,7.288327670279033,20,0.0,low,bull,2022,24.0
vsr_v1_BTCUSDT_000038,BTCUSDT,v1,91683,91724,2023-01-12 00:45:00+00:00,2023-01-12 11:00:00+00:00,42,41,0.007323795146225325,5,0.0009503568326365318,12.0,0.2636721436259671,1,6.0,0.00366643670219525,0.007350649842592308,0.06639837932544901,1,1.7869009776723515,9.576813990063005,0,0.0,low,bull,2023,1.0
vsr_v1_BTCUSDT_000039,BTCUSDT,v1,91750,91792,2023-01-12 17:30:00+00:00,2023-01-13 04:00:00+00:00,43,42,0.008024693070495394,10,0.0011649463937478234,13.0,0.18083188272295764,1,11.0,0.003010634855007822,0.007284816488771748,0.06220472863187135,1,1.7245985992475232,11.671440853576781,17,0.0,low,bull,2023,1.0
vsr_v1_BTCUSDT_000040,BTCUSDT,v1,91874,91899,2023-01-14 00:30:00+00:00,2023-01-14 06:45:00+00:00,26,25,0.012348267008604655,7,0.0016655141066336046,12.0,0.27475640743910956,1,8.0,0.004497206008321535,0.01142325143878584,0.06102645096114174,1,2.1727845775670955,15.899352699690176,0,1.0,low,bull,2023,1.0
vsr_v1_BTCUSDT_000041,BTCUSDT,v1,94907,94924,2023-02-14 14:45:00+00:00,2023-02-14 19:00:00+00:00,18,17,0.007952702383028924,6,0.0013637019853715276,12.0,0.1257311519626426,1,7.0,0.002413752902075256,0.007486488233507165,0.05463603703254071,1,4.321586216710637,29.465446578966972,14,0.0,low,bull,2023,1.0
vsr_v1_BTCUSDT_000042,BTCUSDT,v1,96486,96503,2023-03-03 01:30:00+00:00,2023-03-03 05:45:00+00:00,18,17,0.010348578105390811,10,0.0016196470495954342,12.0,0.10553971188801196,0,,0.002289703112919638,0.009738048986419515,0.04324075027649546,1,-4.917226442664486,37.76989586875113,1,1.0,low,bear,2023,1.0
vsr_v1_BTCUSDT_000043,BTCUSDT,v1,96925,96972,2023-03-07 15:15:00+00:00,2023-03-08 03:00:00+00:00,48,47,0.0047522276827343685,8,0.0007946108411993273,12.0,0.11533552883093963,1,9.0,0.0019836369116213856,0.004383991534520301,0.030746224286183954,1,1.286670455894271,3.5966898702542296,15,0.0,low,bear,2023,1.0
vsr_v1_BTCUSDT_000044,BTCUSDT,v1,97139,97236,2023-03-09 20:45:00+00:00,2023-03-10 21:00:00+00:00,98,97,0.008395383808155065,1,0.001376999069472239,12.0,0.27713241675312894,1,2.0,0.004234034293731301,0.007944055660172072,0.05232361428997921,0,-1.1490065755805563,6.520822566254239,20,0.0,low,bear,2023,1.0
vsr_v1_BTCUSDT_000045,BTCUSDT,v1,100195,100266,2023-04-10 16:45:00+00:00,2023-04-11 10:30:00+00:00,72,71,0.005449382014116228,2,0.000784239104728088,12.0,0.19810890679655052,1,3.0,0.002826598968610052,0.005233402157337982,0.06681684008941524,1,1.827542199815171,8.572886505304721,16,0.0,low,bull,2023,1.0
vsr_v1_BTCUSDT_000046,BTCUSDT,v1,101742,101784,2023-04-26 19:30:00+00:00,2023-04-27 06:00:00+00:00,43,42,0.013561362074302134,9,0.0017269198774287685,16.0,0.37758240197433274,1,10.0,0.005619275908993858,0.010659217984554152,0.09547096769627635,1,0.3357808786440933,7.108175239618305,19,1.0,low,bear,2023,1.0
vsr_v1_BTCUSDT_000047,BTCUSDT,v1,102150,102180,2023-05-01 01:30:00+00:00,2023-05-01 09:00:00+00:00,31,30,0.006400456821369418,4,0.0011146798968780843,12.0,0.16131074871904513,1,5.0,0.0027307397945048485,0.006226799606378476,0.055817393397500074,1,-2.724432427243206,14.318647711713517,1,0.0,low,bear,2023,1.0
vsr_v1_BTCUSDT_000048,BTCUSDT,v1,103078,103107,2023-05-10 17:30:00+00:00,2023-05-11 00:45:00+00:00,30,29,0.009355632994342642,6,0.0016668740382349248,11.0,0.14170015359492732,1,7.0,0.002887784601567125,0.008770559662865088,0.04402844937716653,1,-0.29549019052773806,2.9572463004516965,17,1.0,low,bear,2023,6.0
vsr_v1_BTCUSDT_000049,BTCUSDT,v1,105567,105623,2023-06-05 15:45:00+00:00,2023-06-06 05:45:00+00:00,57,56,0.006004602859932771,8,0.0007964380884136011,12.0,0.15356939905448672,1,9.0,0.0023693494290392713,0.005551261860873339,0.04353664026100447,1,-2.1291518209801716,13.04412880404628,15,0.0,low,bear,2023,1.0
vsr_v1_BTCUSDT_000050,BTCUSDT,v1,106452,106466,2023-06-14 21:00:00+00:00,2023-06-15 00:30:00+00:00,15,14,0.006381660578597941,1,0.001214207191718347,11.0,0.08937314366959578,0,,0.0020891231783610174,0.0049713487868701355,0.0358833373177145,1,1.2749161409854295,5.509529109449103,21,0.0,low,bear,2023,87.0
vsr_v1_BTCUSDT_000051,BTCUSDT,v1,107105,107129,2023-06-21 16:15:00+00:00,2023-06-21 22:15:00+00:00,25,24,0.009526169770755119,7,0.0015837249338042595,14.0,0.1856124329891407,0,,0.0034774835807043674,0.008615854351162997,0.04314971013735838,1,0.9424791370024906,13.2317511638764,16,1.0,low,bull,2023,1.0
vsr_v1_BTCUSDT_000052,BTCUSDT,v1,108951,108979,2023-07-10 21:45:00+00:00,2023-07-11 04:45:00+00:00,29,28,0.004848216467048705,2,0.0008293827224216499,12.0,0.0745248187488866,1,3.0,0.001592292405017766,0.004179958954905928,0.023277316751808837,1,-4.249792002759092,32.358944390401845,21,0.0,low,bull,2023,1.0
vsr_v1_BTCUSDT_000053,BTCUSDT,v1,110247,110284,2023-07-24 09:45:00+00:00,2023-07-24 19:00:00+00:00,38,37,0.0055031359690114225,10,0.0007511762527956521,12.0,0.07493023386706937,1,11.0,0.0014687697875378912,0.005409527414758103,0.029555586036623054,1,-5.9823027016281065,50.15932210616555,9,0.0,low,bear,2023,1.0
vsr_v1_BTCUSDT_000054,BTCUSDT,v1,112296,112321,2023-08-14 18:00:00+00:00,2023-08-15 00:15:00+00:00,26,25,0.002316394177638362,0,0.0004342196033406578,12.0,0.03846234317298172,0,,0.0008306001512629298,0.0018165477231727434,0.008838478594576106,1,-2.2568548924867717,12.172773867726406,18,0.0,low,bear,2023,
vsr_v1_BTCUSDT_000055,BTCUSDT,v1,112514,112539,2023-08-17 00:30:00+00:00,2023-08-17 06:45:00+00:00,26,25,0.003977056663439205,7,0.0006968368032692,12.0,0.5476499853473237,1,8.0,0.00634270523129933,0.03550704493001785,0.146601354109483,1,-5.2518954675080725,55.279471295545484,0,0.0,low,bear,2023,60.0
vsr_v1_BTCUSDT_000056,BTCUSDT,v1,112577,112660,2023-08-17 16:15:00+00:00,2023-08-18 13:00:00+00:00,84,83,0.0360923782499506,31,0.0008247214024017242,0.0,0.6105980213619657,1,32.0,0.007119546364896216,0.03550704493001785,0.1254200693630009,1,-5.190644604264456,54.41887911056712,16,0.0,low,bear,2023,18.0
vsr_v1_BTCUSDT_000057,BTCUSDT,v1,113721,113784,2023-08-29 14:15:00+00:00,2023-08-30 06:00:00+00:00,64,63,0.011303425458338495,10,0.0006499150791997021,13.0,0.23447755022949487,1,11.0,0.003067147812130857,0.010590179090802567,0.07420098528751168,1,4.302804030493819,24.349362476309686,14,0.0,low,bull,2023,1.0
vsr_v1_BTCUSDT_000058,BTCUSDT,v1,114970,115019,2023-09-11 14:30:00+00:00,2023-09-12 02:45:00+00:00,50,49,0.0037897596009336012,8,0.0006113871638352908,12.0,0.2091605781293497,1,9.0,0.0027676817837254935,0.005886142851462054,0.05978202735948846,1,3.0534145744006116,15.574930279987147,14,0.0,low,bear,2023,3.0
vsr_v1_BTCUSDT_000059,BTCUSDT,v1,116921,117041,2023-10-01 22:15:00+00:00,2023-10-03 04:15:00+00:00,121,120,0.0070488646147286674,11,0.0008548733390723652,12.0,0.21722484406672543,1,70.0,0.0030943047212035548,0.00688887582761727,0.050208349035780094,0,1.7880014310368426,16.778322838138692,22,0.0,low,bull,2023,1.0
vsr_v1_BTCUSDT_000060,BTCUSDT,v1,118293,118412,2023-10-16 05:15:00+00:00,2023-10-17 11:00:00+00:00,120,119,0.020265797425504897,41,0.0007709182497737609,0.0,0.39587186565097193,1,42.0,0.0048520715039074925,0.020016583821178813,0.12433306794150814,0,1.8845281162522145,35.33736709472466,5,0.0,low,bull,2023,1.0
vsr_v1_BTCUSDT_000061,BTCUSDT,v1,119034,119082,2023-10-23 22:30:00+00:00,2023-10-24 10:30:00+00:00,49,48,0.018674330590205446,9,0.0015867678392486135,12.0,0.4817226075971387,1,10.0,0.006552980288703652,0.0177799742561808,0.11659979718707292,1,2.995895435306474,22.74483839065383,22,1.0,low,bull,2023,1.0
vsr_v1_BTCUSDT_000062,BTCUSDT,v1,120642,120679,2023-11-09 16:30:00+00:00,2023-11-10 01:45:00+00:00,38,37,0.007682704258365948,0,0.0014193469284607856,10.0,0.12653570515883325,1,1.0,0.00278521636235353,0.00565208406416059,0.05979097955258713,1,0.11360287483231897,1.2631876466136895,16,0.0,low,bear,2023,1.0
vsr_v1_BTCUSDT_000063,BTCUSDT,v1,123656,123689,2023-12-11 02:00:00+00:00,2023-12-11 10:15:00+00:00,34,33,0.011294366718576643,7,0.0012620949188585104,12.0,0.24357942784886635,1,8.0,0.0037712656593285525,0.011070965276614312,0.07250412813144823,1,-3.7803684266381827,29.06773491557878,2,0.0,low,bear,2023,1.0
vsr_v1_BTCUSDT_000064,BTCUSDT,v1,125904,125945,2024-01-03 12:00:00+00:00,2024-01-03 22:15:00+00:00,42,41,0.0146994723692206,5,0.0020684997742526348,12.0,0.24606131246179364,1,6.0,0.004568443827700075,0.01380659502797213,0.08119003063279981,1,-3.8481549297398017,29.806940941116405,12,2.0,high,bear,2024,1.0
vsr_v1_BTCUSDT_000065,BTCUSDT,v1,126517,126536,2024-01-09 21:15:00+00:00,2024-01-10 02:00:00+00:00,20,19,0.015872137790047938,9,0.0020203218641947126,12.0,0.3109812222117332,1,10.0,0.00512322937341748,0.015284808062872612,0.08297476007363914,1,-3.3626150332823674,22.606205533383243,21,2.0,high,bear,2024,1.0
vsr_v1_BTCUSDT_000066,BTCUSDT,v1,131151,131230,2024-02-27 03:45:00+00:00,2024-02-27 23:30:00+00:00,80,79,0.006767688869507237,2,0.0011978589451658614,12.0,0.17913741157516247,1,3.0,0.003044636384085062,0.004968160148030028,0.03750114299955353,1,-1.1291983770828067,4.433310767086683,3,0.0,low,bull,2024,23.0
vsr_v1_BTCUSDT_000067,BTCUSDT,v1,131301,131342,2024-02-28 17:15:00+00:00,2024-02-29 03:30:00+00:00,42,41,0.013333642920944138,9,0.002345025499432479,12.0,0.3270289143812914,1,10.0,0.005716457606456103,0.01243531943496569,0.08549214440107107,1,-1.4518910278480401,6.700644712555981,17,2.0,high,bull,2024,1.0
vsr_v1_BTCUSDT_000068,BTCUSDT,v1,134506,134577,2024-04-02 02:30:00+00:00,2024-04-02 20:15:00+00:00,72,71,0.008766598382197396,4,0.0012406036477885963,12.0,0.23761998952084326,1,5.0,0.003690294261405537,0.008673157412631787,0.0613047964104902,1,-2.7814509883407594,16.68793319017236,2,0.0,low,bear,2024,1.0
vsr_v1_BTCUSDT_000069,BTCUSDT,v1,135632,135682,2024-04-13 20:00:00+00:00,2024-04-14 08:30:00+00:00,51,50,0.016971023698042927,10,0.0019559868965581912,22.0,0.3967584442312371,1,11.0,0.006046280136055481,0.01384166241098193,0.09614613086627737,1,-0.7207349086261634,9.41245163479076,20,1.0,low,bear,2024,1.0
vsr_v1_BTCUSDT_000070,BTCUSDT,v1,141897,141922,2024-06-18 02:15:00+00:00,2024-06-18 08:30:00+00:00,26,25,0.005367687454410109,4,0.0010218566406102543,10.0,0.13615681031800111,0,,0.0024255350974968634,0.003910787138696576,0.027900970168802983,1,-0.1947793024920494,1.5207815603212826,2,0.0,low,bear,2024,47.0
vsr_v1_BTCUSDT_000071,BTCUSDT,v1,142502,142613,2024-06-24 09:30:00+00:00,2024-06-25 13:15:00+00:00,112,111,0.006092640488963828,3,0.0009330171012417489,12.0,0.2250873807494187,1,4.0,0.003253505562575963,0.005859075777148231,0.06406951223507054,0,-1.26172666160059,5.905596875623443,9,0.0,low,bear,2024,1.0
vsr_v1_BTCUSDT_000072,BTCUSDT,v1,146502,146606,2024-08-05 01:30:00+00:00,2024-08-06 03:30:00+00:00,105,104,0.016957913896783864,52,0.0026711577794158742,10.0,0.7512744218277191,0,,0.010416254911660401,0.015233740408757477,0.1335741250448765,0,0.2648877289914014,1.0130581289242175,1,2.0,high,bear,2024,1.0
vsr_v1_BTCUSDT_000073,BTCUSDT,v1,148696,148717,2024-08-27 22:00:00+00:00,2024-08-28 03:15:00+00:00,22,21,0.011671433888919617,7,0.0016405860285677526,12.0,0.2595499265060008,1,8.0,0.0042988486417623525,0.011112892597341833,0.04390904725975716,1,-2.899686036936863,21.802596725073172,22,1.0,low,bear,2024,1.0
vsr_v1_BTCUSDT_000074,BTCUSDT,v1,153373,153398,2024-10-15 15:15:00+00:00,2024-10-15 21:30:00+00:00,26,25,0.009006685117935122,4,0.0016775087130814336,9.0,0.1292261306227889,1,5.0,0.00297821738083045,0.0041481802874001866,0.04734467567978121,1,0.11163062687775471,1.4551195443572298,15,1.0,low,bull,2024,4.0
vsr_v1_BTCUSDT_000075,BTCUSDT,v1,158297,158317,2024-12-05 22:15:00+00:00,2024-12-06 03:15:00+00:00,21,20,0.015669657732243738,9,0.0026767863163024495,12.0,0.21468760116240687,1,10.0,0.0046351841934478555,0.015309412613616008,0.1252769604014372,1,-3.867916491395993,34.0602610449015,22,2.0,high,bear,2024,1.0
vsr_v1_BTCUSDT_000076,BTCUSDT,v1,162695,162709,2025-01-20 17:45:00+00:00,2025-01-20 21:15:00+00:00,15,14,0.014972008451835902,1,0.002808393822223345,11.0,0.26337260321761397,1,2.0,0.005378500117055255,0.012124656766415996,0.06286683491772996,1,0.5482992690519938,5.046089073596777,17,3.0,high,bear,2025,1.0
vsr_v1_BTCUSDT_000077,BTCUSDT,v1,166630,166648,2025-03-02 17:30:00+00:00,2025-03-02 22:00:00+00:00,19,18,0.013709731375694258,2,0.002543954422511958,8.0,0.22712148546826044,0,,0.004810087638584962,0.010322888548237473,0.06210739893663162,1,-0.794693081300239,7.645160848856712,17,2.0,high,bull,2025,1.0
vsr_v1_BTCUSDT_000078,BTCUSDT,v1,170071,170136,2025-04-07 13:45:00+00:00,2025-04-08 06:00:00+00:00,66,65,0.013151293230653232,9,0.0017946784078555539,16.0,0.2643461275195327,1,10.0,0.004519896217335273,0.011396698739644098,0.06943956772161354,1,1.2532123466344638,9.796991511769175,13,1.0,low,bear,2025,1.0
vsr_v1_ETHUSDT_000001,ETHUSDT,v1,769,783,2020-06-09 00:15:00+00:00,2020-06-09 03:45:00+00:00,15,14,0.009805181529798158,6,0.001865244495764331,12.0,0.10067584803686469,1,7.0,0.0025798521184586544,0.009196712429624755,0.05177886795564168,1,-6.077971202714157,51.430394337322504,0,0.0,low,bear,2020,1.0
vsr_v1_ETHUSDT_000002,ETHUSDT,v1,939,956,2020-06-10 18:45:00+00:00,2020-06-10 23:00:00+00:00,18,17,0.007758246498938476,8,0.0013924369397933438,12.0,0.24884467824473244,1,9.0,0.003938992085169218,0.0077565488988949344,0.10408179892455591,1,-2.8644918754666966,29.93245688679949,18,0.0,low,bull,2020,1.0
vsr_v1_ETHUSDT_000003,ETHUSDT,v1,1027,1071,2020-06-11 16:45:00+00:00,2020-06-12 03:45:00+00:00,45,44,0.015447407420903725,3,0.0015109668450232834,13.0,0.28517340677465597,1,4.0,0.004449859992603814,0.015165695135661218,0.062275608350693595,1,-2.9564159063897817,30.23109466600356,16,0.0,low,bear,2020,1.0
vsr_v1_ETHUSDT_000004,ETHUSDT,v1,4985,5026,2020-07-22 22:15:00+00:00,2020-07-23 08:30:00+00:00,42,41,0.017838411628169317,4,0.0013710056157789372,12.0,0.3683544054982933,1,5.0,0.0051684737136994865,0.017622946398405132,0.12362324344853783,1,5.9023292083831285,46.113901823341884,22,0.0,low,bull,2020,1.0
vsr_v1_ETHUSDT_000005,ETHUSDT,v1,5061,5091,2020-07-23 17:15:00+00:00,2020-07-24 00:45:00+00:00,31,30,0.00898032449833177,1,0.0018329087158534226,8.0,0.1757118142507102,0,,0.0036380714991807246,0.005157056317066368,0.0421208938466553,1,0.2996320027557187,1.2868163091732208,17,0.0,low,bull,2020,11.0
vsr_v1_ETHUSDT_000006,ETHUSDT,v1,5970,5995,2020-08-02 04:30:00+00:00,2020-08-02 10:45:00+00:00,26,25,0.0319649625120048,7,0.0034757834457779736,12.0,0.6063781017833971,1,8.0,0.009727104082720213,0.03035124964181874,0.29757701533568726,1,-5.09063738068471,39.62831086926044,4,2.0,high,bear,2020,1.0
vsr_v1_ETHUSDT_000007,ETHUSDT,v1,17619,17653,2020-12-01 12:45:00+00:00,2020-12-01 21:15:00+00:00,35,34,0.02196111262714979,7,0.004104212567922069,19.0,0.3681361525994594,1,8.0,0.007895400906367193,0.01739546236865559,0.0949492148230318,1,1.3507173568048512,6.162517679924395,12,3.0,high,bear,2020,1.0
vsr_v1_ETHUSDT_000008,ETHUSDT,v1,20800,20913,2021-01-03 16:00:00+00:00,2021-01-04 20:15:00+00:00,114,113,0.029383391686114094,72,0.003953646647430855,12.0,1.2456706287698183,1,73.0,0.01679561189248053,0.024887097802774392,0.2962275174226934,0,-0.530687156833402,0.6593081042993432,16,3.0,high,bull,2021,1.0
vsr_v1_ETHUSDT_000009,ETHUSDT,v1,30834,30878,2021-04-18 04:30:00+00:00,2021-04-18 15:30:00+00:00,45,44,0.020615162469349108,3,0.004164065511758944,9.0,0.3383623604083911,1,4.0,0.00760950883827156,0.010048454858153935,0.1106641981022911,1,-0.6050218638875466,0.9871479755279933,4,3.0,high,bear,2021,1.0
vsr_v1_ETHUSDT_000010,ETHUSDT,v1,33846,33930,2021-05-19 13:30:00+00:00,2021-05-20 10:30:00+00:00,85,84,0.059960375757086064,6,0.010081922393625035,17.0,1.577537687699978,1,7.0,0.02634519752455265,0.047440234061148084,0.3771061954549382,1,0.3759930325209033,1.3902689790725762,13,3.0,high,bear,2021,1.0
vsr_v1_ETHUSDT_000011,ETHUSDT,v1,44507,44620,2021-09-07 14:45:00+00:00,2021-09-08 19:00:00+00:00,114,113,0.02593523364831627,10,0.0023010127150524555,13.0,0.7759121118451646,1,11.0,0.010300106651600546,0.02277212142546972,0.21511165097204446,0,-2.1333220764222576,13.374106439047008,14,1.0,low,bear,2021,1.0
vsr_v1_ETHUSDT_000012,ETHUSDT,v1,52917,52940,2021-12-04 05:15:00+00:00,2021-12-04 11:00:00+00:00,24,23,0.025915004524129665,9,0.0038770887403859105,13.0,0.3749933709086379,1,10.0,0.0076547140181453715,0.023555648135034378,0.21911734463044466,1,-3.03034435964245,23.936511721866896,5,3.0,high,bear,2021,1.0
vsr_v1_ETHUSDT_000013,ETHUSDT,v1,70658,70679,2022-06-07 00:30:00+00:00,2022-06-07 05:45:00+00:00,22,21,0.011725339136330956,9,0.0022944461533952183,12.0,0.2594358744739631,1,10.0,0.0048529215152987104,0.011213417814838596,0.0871313291229349,1,-1.0947011346173652,11.291126602863946,0,1.0,low,bear,2022,1.0
vsr_v1_ETHUSDT_000014,ETHUSDT,v1,74162,74194,2022-07-13 12:30:00+00:00,2022-07-13 20:30:00+00:00,33,32,0.023548489272453878,9,0.003176869917912631,12.0,0.3354855251745449,1,10.0,0.006405803008217394,0.02215980933850766,0.11919241298396567,1,-5.588156920782002,48.02343572238763,12,2.0,high,bear,2022,1.0
vsr_v1_ETHUSDT_000015,ETHUSDT,v1,74464,74511,2022-07-16 16:00:00+00:00,2022-07-17 03:45:00+00:00,48,47,0.026790941698504336,7,0.004233965781641865,12.0,0.43189324904287885,1,8.0,0.008665960567609154,0.02619822050982601,0.12162220651248677,1,4.479419265305831,35.511140465972595,16,3.0,high,bull,2022,1.0
vsr_v1_ETHUSDT_000016,ETHUSDT,v1,76856,76867,2022-08-10 14:00:00+00:00,2022-08-10 16:45:00+00:00,12,11,0.014442229726283059,0,0.002973384769307751,6.0,0.18056244856789075,0,,0.004683101126415234,0.007082778110246839,0.0765764778109104,1,0.1762147985928938,3.370104646335361,14,2.0,high,bull,2022,18.0
vsr_v1_ETHUSDT_000017,ETHUSDT,v1,80114,80165,2022-09-13 12:30:00+00:00,2022-09-14 01:15:00+00:00,52,51,0.015925592066404853,9,0.0027476151551474896,12.0,0.307040598085633,1,10.0,0.005887998699361566,0.01568548940268857,0.12836320191158906,1,-3.138193246242778,17.198685098279675,12,2.0,high,bear,2022,1.0
vsr_v1_ETHUSDT_000018,ETHUSDT,v1,80906,80934,2022-09-21 18:30:00+00:00,2022-09-22 01:30:00+00:00,29,28,0.02200737286047744,7,0.004345204595606795,12.0,0.32469659484671193,1,8.0,0.007382977717872036,0.017191836797159177,0.12517557329684806,1,-0.6258981096384815,6.736157912355084,18,3.0,high,bull,2022,1.0
vsr_v1_ETHUSDT_000019,ETHUSDT,v1,82994,83038,2022-10-13 12:30:00+00:00,2022-10-13 23:30:00+00:00,45,44,0.012916420781190183,2,0.0017578142475934023,12.0,0.28355766148409334,1,3.0,0.004646072193547449,0.010838876699077031,0.13838953478757002,1,-1.8067235344143042,19.089787189601864,12,0.0,low,bear,2022,1.0
vsr_v1_ETHUSDT_000020,ETHUSDT,v1,84164,84240,2022-10-25 17:00:00+00:00,2022-10-26 12:00:00+00:00,77,76,0.011325526465958672,6,0.0015870629978637614,18.0,0.4236289731283798,1,7.0,0.005954371999187266,0.00932263934396961,0.11438608458390181,1,1.3587621912260774,4.124805408674085,17,0.0,low,bull,2022,1.0
vsr_v1_ETHUSDT_000021,ETHUSDT,v1,85459,85484,2022-11-08 04:45:00+00:00,2022-11-08 11:00:00+00:00,26,25,0.011933580484699134,3,0.0022893935826371063,9.0,0.7388936094169841,0,,0.009906853473533848,0.02153718409081003,0.26316077038655916,1,0.5833476336893851,7.854251836000751,4,1.0,low,bear,2022,1.0
vsr_v1_ETHUSDT_000022,ETHUSDT,v1,85504,85647,2022-11-08 16:00:00+00:00,2022-11-10 03:45:00+00:00,144,143,0.023665335630299593,11,0.0025678916668687947,25.0,0.938672049924465,1,12.0,0.012244923109389053,0.02153718409081003,0.2896815385511071,0,0.049102417590927455,4.02001198771519,16,1.0,low,bull,2022,1.0
vsr_v1_ETHUSDT_000023,ETHUSDT,v1,87554,87573,2022-11-30 00:30:00+00:00,2022-11-30 05:15:00+00:00,20,19,0.013311887972624524,9,0.0019129007548441298,12.0,0.2160656025173821,1,10.0,0.004014912614478164,0.013185294432640455,0.07481968088028687,1,5.934107418275134,47.84645145833236,0,0.0,low,bull,2022,1.0
vsr_v1_ETHUSDT_000024,ETHUSDT,v1,88854,88893,2022-12-13 13:30:00+00:00,2022-12-13 23:15:00+00:00,40,39,0.007854047569085136,7,0.0013104751933187006,12.0,0.11268897129664628,1,8.0,0.0023487756017141863,0.007629196660711413,0.03494597488562256,1,4.847261664542204,38.36232578633167,13,0.0,low,bull,2022,1.0
vsr_v1_ETHUSDT_000025,ETHUSDT,v1,89124,89138,2022-12-16 09:00:00+00:00,2022-12-16 12:30:00+00:00,15,14,0.010564326312102633,2,0.0016937676565317353,12.0,0.19733221659065608,1,3.0,0.0037078739241082287,0.010475270869847392,0.07348358995974962,1,-3.4941721874843013,21.98027870184509,9,0.0,low,bear,2022,1.0
vsr_v1_ETHUSDT_000026,ETHUSDT,v1,90924,90941,2023-01-04 03:00:00+00:00,2023-01-04 07:15:00+00:00,18,17,0.005006370960747404,3,0.0008437346729525829,12.0,0.09429777848587771,1,4.0,0.001807720666249258,0.0045153186053423534,0.03516353363903365,1,3.6199042282774734,24.292440174878006,3,0.0,low,bull,2023,1.0
vsr_v1_ETHUSDT_000027,ETHUSDT,v1,91874,91898,2023-01-14 00:30:00+00:00,2023-01-14 06:30:00+00:00,25,24,0.018007972013252087,4,0.0017244903614000973,12.0,0.3273829001361161,1,5.0,0.0050824782797493084,0.01770512395420372,0.11033174265509116,1,5.095611910151755,43.28772393947463,0,0.0,low,bull,2023,1.0
vsr_v1_ETHUSDT_000028,ETHUSDT,v1,92922,92947,2023-01-24 22:30:00+00:00,2023-01-25 04:45:00+00:00,26,25,0.010421653101108718,8,0.002037928898502562,11.0,0.16010461264251358,1,9.0,0.003476237782799514,0.010037549810447553,0.08229832504262431,1,1.263532057305131,4.314960348437442,22,1.0,low,bear,2023,10.0
vsr_v1_ETHUSDT_000029,ETHUSDT,v1,94907,94924,2023-02-14 14:45:00+00:00,2023-02-14 19:00:00+00:00,18,17,0.009449771982219296,6,0.001652326974132274,12.0,0.12411151221201991,1,7.0,0.002628325932954519,0.00893248023221756,0.054166559435880314,1,4.984120211074851,38.096943642569435,14,0.0,low,bull,2023,1.0
vsr_v1_ETHUSDT_000030,ETHUSDT,v1,96486,96502,2023-03-03 01:30:00+00:00,2023-03-03 05:30:00+00:00,17,16,0.011235207780465061,10,0.0017936328832946352,12.0,0.11433193485552208,0,,0.0026530049042601906,0.010931761037787525,0.04115424650140727,1,-5.896935054006478,49.655624515129475,1,0.0,low,bear,2023,1.0
vsr_v1_ETHUSDT_000031,ETHUSDT,v1,97139,97175,2023-03-09 20:45:00+00:00,2023-03-10 05:45:00+00:00,37,36,0.0107139241896953,8,0.0014456224061461824,12.0,0.3473279244484662,1,9.0,0.005026322658192226,0.009938995561531045,0.0612561440287831,1,-0.657542840417426,5.160473828694897,20,0.0,low,bear,2023,1.0
vsr_v1_ETHUSDT_000032,ETHUSDT,v1,97216,97268,2023-03-10 16:00:00+00:00,2023-03-11 05:00:00+00:00,53,52,0.00960754034632445,1,0.0018851986398920936,6.0,0.2518208320792641,0,,0.004470316325925095,0.008355658292240381,0.0536931294897771,1,0.3784146682505514,5.879598184770829,16,0.0,low,bear,2023,2.0
vsr_v1_ETHUSDT_000033,ETHUSDT,v1,99539,99568,2023-04-03 20:45:00+00:00,2023-04-04 04:00:00+00:00,30,29,0.006819288545843496,0,0.0013853846299505701,9.0,0.1292022014116341,1,1.0,0.00269210766266972,0.005254261490137587,0.07183165089143188,1,2.3362825034206534,14.810478055879265,20,0.0,low,bear,2023,6.0
vsr_v1_ETHUSDT_000034,ETHUSDT,v1,100514,100530,2023-04-14 00:30:00+00:00,2023-04-14 04:30:00+00:00,17,16,0.013083280090644744,9,0.001887899557583483,12.0,0.19856718821704983,1,10.0,0.0038144858078468804,0.012928748797101904,0.055839295020609234,1,5.80477819585462,48.93532374482216,0,0.0,low,bull,2023,1.0
vsr_v1_ETHUSDT_000035,ETHUSDT,v1,101025,101040,2023-04-19 08:15:00+00:00,2023-04-19 12:00:00+00:00,16,15,0.008461374001063858,4,0.0015967908367639817,12.0,0.16311521777340088,1,5.0,0.0032448648114200202,0.008371613259458607,0.054701849825857414,1,-1.918634305898003,9.134133274245452,8,0.0,low,bear,2023,1.0
vsr_v1_ETHUSDT_000036,ETHUSDT,v1,101742,101782,2023-04-26 19:30:00+00:00,2023-04-27 05:30:00+00:00,41,40,0.012651283510718916,9,0.002120835622813363,12.0,0.2997582170136808,1,10.0,0.005196245956934845,0.011042316656129389,0.08526951169292796,1,0.0038122755078466874,12.647778055242092,19,1.0,low,bear,2023,1.0
vsr_v1_ETHUSDT_000037,ETHUSDT,v1,102150,102166,2023-05-01 01:30:00+00:00,2023-05-01 05:30:00+00:00,17,16,0.007585557228818251,3,0.0013080562741567638,12.0,0.11900775222891673,1,4.0,0.002446782096958956,0.0067552224721239736,0.042511935604764454,1,-4.231103767286786,30.561522333590414,1,0.0,low,bear,2023,1.0
vsr_v1_ETHUSDT_000038,ETHUSDT,v1,104824,104847,2023-05-28 22:00:00+00:00,2023-05-29 03:45:00+00:00,24,23,0.00642117768601538,10,0.0009813996975163446,12.0,0.09011724035345342,1,11.0,0.0018797348578802634,0.006296771895138616,0.03278447746788432,1,5.901798476612217,49.174320148790116,22,0.0,low,bull,2023,1.0
vsr_v1_ETHUSDT_000039,ETHUSDT,v1,105567,105613,2023-06-05 15:45:00+00:00,2023-06-06 03:15:00+00:00,47,46,0.006025772172791952,7,0.0008935390293758597,12.0,0.11528064401666886,1,8.0,0.002041438450013636,0.005789249879620398,0.043926441078644324,1,-3.8329136875357706,28.51608871244537,15,0.0,low,bear,2023,1.0
vsr_v1_ETHUSDT_000040,ETHUSDT,v1,106007,106031,2023-06-10 05:45:00+00:00,2023-06-10 11:45:00+00:00,25,24,0.00697862529740424,5,0.0013328155813559879,12.0,0.13597079195110917,0,,0.00269775050377373,0.006048670230967856,0.03454186043854339,1,-0.2814127639033412,5.64131120260485,5,0.0,low,bear,2023,4.0
vsr_v1_ETHUSDT_000041,ETHUSDT,v1,106448,106466,2023-06-14 20:00:00+00:00,2023-06-15 00:30:00+00:00,19,18,0.009376115423613355,5,0.0013938052868047604,14.0,0.1292358653705015,1,6.0,0.0026662011575243317,0.008232914004668369,0.0609452145841246,1,-3.655059822982963,22.58952045185055,20,0.0,low,bear,2023,1.0
vsr_v1_ETHUSDT_000042,ETHUSDT,v1,106923,106946,2023-06-19 18:45:00+00:00,2023-06-20 00:30:00+00:00,24,23,0.005673484816733029,2,0.001123932516110297,12.0,0.09866439230237255,1,3.0,0.0020271689683979553,0.004763341568720787,0.05275400944498994,1,-1.1653039966502803,13.618720069265766,18,0.0,low,bear,2023,1.0
vsr_v1_ETHUSDT_000043,ETHUSDT,v1,107107,107157,2023-06-21 16:45:00+00:00,2023-06-22 05:15:00+00:00,51,50,0.007198706814175504,1,0.0014478210383431,12.0,0.16054899219730742,0,,0.003076254721109942,0.005219490282410343,0.0418578533611423,1,-0.583232806235842,4.055056810905265,16,0.0,low,bull,2023,1.0
vsr_v1_ETHUSDT_000044,ETHUSDT,v1,109214,109264,2023-07-13 15:30:00+00:00,2023-07-14 04:00:00+00:00,51,50,0.008364641036989057,10,0.0011698718414855677,22.0,0.166758305957617,1,11.0,0.0028593443285000048,0.0064590855802124725,0.06824058750517173,1,2.1841159318716827,9.430243957511557,15,0.0,low,bull,2023,1.0
vsr_v1_ETHUSDT_000045,ETHUSDT,v1,110248,110262,2023-07-24 10:00:00+00:00,2023-07-24 13:30:00+00:00,15,14,0.00427043726641398,0,0.0008766122991417044,11.0,0.056042130458957055,0,,0.0014242410399290142,0.004207673695544243,0.016323261188415723,1,0.03355975587833816,1.1326473925237797,10,0.0,low,bear,2023,
vsr_v1_ETHUSDT_000046,ETHUSDT,v1,110984,110999,2023-08-01 02:00:00+00:00,2023-08-01 05:45:00+00:00,16,15,0.0049588434613336676,2,0.000729339097297679,12.0,0.09600226522473174,1,3.0,0.0017154678898957348,0.004894983163165997,0.038863089944998826,1,-4.552384700817875,36.11467037700706,2,0.0,low,bear,2023,1.0
vsr_v1_ETHUSDT_000047,ETHUSDT,v1,112396,112416,2023-08-15 19:00:00+00:00,2023-08-16 00:00:00+00:00,21,20,0.0034011512446573944,11,0.0004793667010549212,12.0,0.06018996981053987,0,,0.0010980050496890439,0.0033403620978010484,0.015864813756101798,1,-4.717482159293821,37.133318142238906,19,0.0,low,bear,2023,
vsr_v1_ETHUSDT_000048,ETHUSDT,v1,112514,112539,2023-08-17 00:30:00+00:00,2023-08-17 06:45:00+00:00,26,25,0.0037124674080583507,9,0.0006727983808928206,12.0,0.6813822015974991,1,10.0,0.0076953660992822946,0.04496611642728209,0.17647881258773326,1,-4.483074886565259,50.30485865547012,0,0.0,low,bear,2023,58.0
vsr_v1_ETHUSDT_000049,ETHUSDT,v1,112574,112703,2023-08-17 15:30:00+00:00,2023-08-18 23:45:00+00:00,130,129,0.04639872866100061,34,0.000734034906906515,0.0,0.7869241017182929,1,35.0,0.00884665451224974,0.04496611642728209,0.15927224649344673,0,-4.420953086869095,49.2498765788272,15,0.0,low,bear,2023,1.0
vsr_v1_ETHUSDT_000050,ETHUSDT,v1,113721,113777,2023-08-29 14:15:00+00:00,2023-08-30 04:15:00+00:00,57,56,0.00989147264064617,10,0.0008451290181346122,13.0,0.1751099448843135,1,11.0,0.0026191622967736226,0.009447031344809695,0.05589739656769337,1,4.403827723876158,25.873496502975787,14,0.0,low,bull,2023,1.0
vsr_v1_ETHUSDT_000051,ETHUSDT,v1,114971,115036,2023-09-11 14:45:00+00:00,2023-09-12 07:00:00+00:00,66,65,0.0053699669034452885,60,0.0007397825722223049,9.0,0.1959782073549444,0,,0.002760176462479463,0.005192119957633643,0.06299975613825683,1,2.619092246806388,13.026344033273439,14,0.0,low,bear,2023,18.0
vsr_v1_ETHUSDT_000052,ETHUSDT,v1,116921,116942,2023-10-01 22:15:00+00:00,2023-10-02 03:30:00+00:00,22,21,0.00806544831402248,11,0.001081907804145378,12.0,0.21825970119883764,0,,0.003302290433635634,0.00786539647660404,0.09274382857374702,1,1.5430538598050854,22.90449349790504,22,0.0,low,bull,2023,1.0
vsr_v1_ETHUSDT_000053,ETHUSDT,v1,117002,117028,2023-10-02 18:30:00+00:00,2023-10-03 01:00:00+00:00,27,26,0.006253424723545313,0,0.0011355751467999808,12.0,0.09807734452086916,1,1.0,0.002126646797877766,0.0059558895349805,0.04012106537530265,1,-4.251221475133428,30.28057578974043,18,0.0,low,bear,2023,1.0
vsr_v1_ETHUSDT_000054,ETHUSDT,v1,118325,118376,2023-10-16 13:15:00+00:00,2023-10-17 02:00:00+00:00,52,51,0.010127923379170404,9,0.0010659563690631978,13.0,0.1518041489713696,1,10.0,0.0026200581846675232,0.009936561819502428,0.047366543226584325,1,0.9225904411254763,29.84970323843903,13,0.0,low,bull,2023,1.0
vsr_v1_ETHUSDT_000055,ETHUSDT,v1,119036,119077,2023-10-23 23:00:00+00:00,2023-10-24 09:15:00+00:00,42,41,0.008886553077234986,5,0.001739627842446433,11.0,0.2917688331284675,0,,0.004747553957172903,0.007879646432484677,0.06117474602849927,1,-0.6477236718978873,2.9414765452244374,23,0.0,low,bull,2023,1.0
vsr_v1_ETHUSDT_000056,ETHUSDT,v1,120636,120717,2023-11-09 15:00:00+00:00,2023-11-10 11:15:00+00:00,82,81,0.012072006525120499,5,0.0017998221724975093,14.0,0.28562050774782205,1,6.0,0.004744363489485365,0.010032657027373576,0.08180541506673078,1,1.0146667834492777,5.544291047046887,15,0.0,low,bull,2023,1.0
vsr_v1_ETHUSDT_000057,ETHUSDT,v1,123656,123685,2023-12-11 02:00:00+00:00,2023-12-11 09:15:00+00:00,30,29,0.017414920130119745,11,0.0019280595072851943,12.0,0.2595622200114466,0,,0.004512752958216551,0.01724281309421929,0.09931034482758626,1,-6.2517241670319175,54.43030775571698,2,1.0,low,bear,2023,1.0
vsr_v1_ETHUSDT_000058,ETHUSDT,v1,125904,125943,2024-01-03 12:00:00+00:00,2024-01-03 21:45:00+00:00,40,39,0.018137553971024817,4,0.002025996381495099,12.0,0.2682192882648621,1,5.0,0.004786567456143785,0.01692880831354608,0.11132622983834056,1,-5.335437124505435,46.093858508495984,12,1.0,low,bear,2024,1.0
vsr_v1_ETHUSDT_000059,ETHUSDT,v1,127813,127877,2024-01-23 09:15:00+00:00,2024-01-24 01:15:00+00:00,65,64,0.007006629310849109,8,0.001297254098443657,12.0,0.2266385866333872,1,9.0,0.0036337343730146595,0.006330826050673903,0.0499464699268497,1,-0.8438149638189127,3.185173573913333,9,0.0,low,bear,2024,1.0
vsr_v1_ETHUSDT_000060,ETHUSDT,v1,131888,131958,2024-03-05 20:00:00+00:00,2024-03-06 13:30:00+00:00,71,70,0.017339117592176267,5,0.003070727414528864,14.0,0.3965554854865061,1,6.0,0.007158928295833051,0.014996279482729375,0.16777043218851992,1,0.9067697122634355,1.3716668675235382,20,2.0,high,bear,2024,1.0
vsr_v1_ETHUSDT_000061,ETHUSDT,v1,135530,135550,2024-04-12 18:30:00+00:00,2024-04-12 23:30:00+00:00,21,20,0.012666321644039599,6,0.002267779479533245,12.0,0.17892664699502348,0,,0.003995386007518217,0.008989840672000904,0.07616768545957281,1,-1.4865839676105632,11.194011050913621,18,1.0,low,bear,2024,1.0
vsr_v1_ETHUSDT_000062,ETHUSDT,v1,135631,135687,2024-04-13 19:45:00+00:00,2024-04-14 09:45:00+00:00,57,56,0.02246460319618455,11,0.002165740915121886,0.0,0.5681368723803282,1,12.0,0.008022822073681971,0.017842110462264783,0.1304935833195496,1,-1.450736939685296,7.864398247453531,19,1.0,low,bear,2024,1.0
vsr_v1_ETHUSDT_000063,ETHUSDT,v1,139181,139236,2024-05-20 19:15:00+00:00,2024-05-21 09:00:00+00:00,56,55,0.0213636071350964,11,0.0017481668152328255,12.0,0.4876059566540422,1,12.0,0.006775032347748724,0.018915134479090767,0.2116541712430162,1,4.176738869712307,27.812177342808766,19,0.0,low,bull,2024,1.0
vsr_v1_ETHUSDT_000064,ETHUSDT,v1,140904,140924,2024-06-07 18:00:00+00:00,2024-06-07 23:00:00+00:00,21,20,0.010699331056277791,10,0.0016149645483628638,12.0,0.1151822593584749,1,11.0,0.0024332236727232187,0.010278855820434172,0.049027284725700115,1,-4.885363004640579,47.431072298223484,18,0.0,low,bear,2024,1.0
vsr_v1_ETHUSDT_000065,ETHUSDT,v1,141234,141304,2024-06-11 04:30:00+00:00,2024-06-11 22:00:00+00:00,71,70,0.007076816947257749,53,0.001003106995428341,1.0,0.21188241009036793,1,54.0,0.0031874617386280103,0.006517155807798429,0.04028555572372736,1,-1.864879676247536,11.650937998094482,4,0.0,low,bear,2024,42.0
vsr_v1_ETHUSDT_000066,ETHUSDT,v1,142502,142592,2024-06-24 09:30:00+00:00,2024-06-25 08:00:00+00:00,91,90,0.008126224297035016,3,0.0011572203195805708,12.0,0.23002684967184753,1,4.0,0.0035268367922757834,0.007902390830615669,0.05524538070105284,1,-2.2094246969429587,15.303456313130216,9,0.0,low,bear,2024,1.0
vsr_v1_ETHUSDT_000067,ETHUSDT,v1,143531,143594,2024-07-05 02:45:00+00:00,2024-07-05 18:30:00+00:00,64,63,0.013598374056843441,10,0.0022126179021750413,12.0,0.319766837193453,1,11.0,0.0055091638852793525,0.012789534883479859,0.08826443795999542,1,-2.7379478573072165,19.58510784066618,2,1.0,low,bear,2024,1.0
vsr_v1_ETHUSDT_000068,ETHUSDT,v1,146500,146589,2024-08-05 01:00:00+00:00,2024-08-05 23:15:00+00:00,90,89,0.030264677751040664,9,0.002947534444087555,12.0,1.08303735351244,1,10.0,0.014112867985452918,0.02756971575356377,0.18727071842280163,1,-1.3787988852779856,9.496127790607398,1,2.0,high,bear,2024,1.0
vsr_v1_ETHUSDT_000069,ETHUSDT,v1,148696,148724,2024-08-27 22:00:00+00:00,2024-08-28 05:00:00+00:00,29,28,0.01165619064404909,7,0.0020845317812003376,12.0,0.30277890827401,1,8.0,0.005182105235208309,0.011250900046511523,0.06877842660916855,1,-0.8331069800938204,11.11087092428036,22,1.0,low,bear,2024,1.0
vsr_v1_ETHUSDT_000070,ETHUSDT,v1,161438,161528,2025-01-07 15:30:00+00:00,2025-01-08 14:00:00+00:00,91,90,0.008702294150129743,7,0.0016002783419922944,12.0,0.2101339951077356,1,8.0,0.003766608188463795,0.0070937188136720964,0.0645985623516935,1,-1.4725890749404436,7.3347087948868595,15,0.0,low,bear,2025,1.0
vsr_v1_ETHUSDT_000071,ETHUSDT,v1,163975,164044,2025-02-03 01:45:00+00:00,2025-02-03 19:00:00+00:00,70,69,0.03035241707516761,1,0.003186265075863663,12.0,0.7439043571998407,1,2.0,0.010855382160398103,0.02927246092868535,0.3361979166666667,1,-4.196611987644832,32.55629579875612,1,2.0,high,bear,2025,1.0
vsr_v1_ETHUSDT_000072,ETHUSDT,v1,166080,166101,2025-02-25 00:00:00+00:00,2025-02-25 05:15:00+00:00,22,21,0.014039105414302108,2,0.0027221960830399105,8.0,0.36234975288862303,1,3.0,0.006447943990081525,0.010586353715204307,0.09961372120642194,1,-0.7421780027515413,3.252982028274228,0,2.0,high,bear,2025,1.0
vsr_v1_ETHUSDT_000073,ETHUSDT,v1,166626,166670,2025-03-02 16:30:00+00:00,2025-03-03 03:30:00+00:00,45,44,0.0288451078264832,5,0.0039301160687660016,12.0,0.4186780134829134,1,6.0,0.008007845913145012,0.028183501597066625,0.11890800575919172,1,5.750468052442878,48.267992668096284,16,3.0,high,bull,2025,1.0
vsr_v1_ETHUSDT_000074,ETHUSDT,v1,167403,167458,2025-03-10 18:45:00+00:00,2025-03-11 08:30:00+00:00,56,55,0.01749812180081426,3,0.003365471301671575,12.0,0.4699298597628757,1,4.0,0.008190326539635686,0.014533611192730195,0.11911797762049132,1,-0.9990940865339777,6.711481876066529,18,2.0,high,bear,2025,1.0
vsr_v1_ETHUSDT_000075,ETHUSDT,v1,170030,170132,2025-04-07 03:30:00+00:00,2025-04-08 05:00:00+00:00,103,102,0.01630018108919463,46,0.002145790248224107,25.0,0.6601393101590951,1,47.0,0.008951350146771477,0.01512991329216672,0.14960057621791514,0,0.11390936564103579,2.7174938430555673,3,1.0,low,bear,2025,1.0
vsr_v1_ETHUSDT_000076,ETHUSDT,v1,176826,176857,2025-06-16 22:30:00+00:00,2025-06-17 06:15:00+00:00,32,31,0.012974873685301992,10,0.0019507073924291993,12.0,0.26891292708642034,1,11.0,0.0047015478652025515,0.011695864774417303,0.07945111062376645,1,-2.917052347069871,21.785400716589752,22,1.0,low,bear,2025,1.0
vsr_v1_ETHUSDT_000077,ETHUSDT,v1,177311,177340,2025-06-21 23:45:00+00:00,2025-06-22 07:00:00+00:00,30,29,0.012602980896969537,1,0.00225783394154299,12.0,0.35231547964559456,0,,0.0058784338484174125,0.010269470680935795,0.08909061591629144,1,-0.3024482426095404,6.929223381274031,23,1.0,low,bear,2025,1.0
